DATED,ACCC_NO,CLASS_NO,BOOK_NO,AUTHOR_1,AUTHOR_2,TITLE,PUBLISHER_NAME,PLACE,COLLN_TYPE,TYPE_OF_MATERIAL,YEAR,EDITION,PG_COUNT,ILLUST,BK_SIZE,ISBN,LANGUAGE,SCRIPT_USED,TRANSLATED,SUBJECT_HEAD,PHY_MED,PRICE,TYPE_OF_BINDING,DOC_NO,SERIES_NAME,ISSN_NO,VOL_NO,PEGINATION,TITLE_VOLUME,ENTRY_ELEMENT,OTHER_NAME,ADDRESS,COUNTRY,BIBLIO_GRAPHY,MEETING_NAME,COUNTTRY_MEETING,PLACE_MEETING,DATE_MEETING,NUMBER_MEETING,KEY,ISSUE,CUR,FCUR,REMARKS,WRITTENOFF,NOOFCOPIES,EDITOR,BK_INFO,ISSUED,COND_BOOK,AVAILABILITY,NEW_CLASS_NO,ORDER_NO,WITH_MEDIA,REFERENCE,BK_BINDING,EDITOR_TYPE,DISC_PR,ACTUAL_PR,SNO,ACCREGDATE,ALMIRAH_NO,SHELF_NO,ISS,ACCCC_NO,HINDI
2019-06-01,6,0,0,SWAMI ADGADANAND,SHRI MADBHAGWATGEETA- YATHARTHAGEETA-SWAMI ADGADANAND,SHRI MADBHAGWATGEETA- YATHARTHAGEETA,SHRI PARAMHANS SWAMI ADGADANAND SHRI ASHRAM TRUST,,,,1994,,388,,,,,,,,,,,,,,,,,,,,,,,,,,,,,,,,,,,,,,,,,,,,,,,,,,,,,0
2019-06-01,10,0,0,SWAMI ADGADANAND,JEEVANADARSH EVAM AATMANUBHOOTI-SWAMI ADGADANAND,JEEVANADARSH EVAM AATMANUBHOOTI,SHRI PARAMHANS SWAMI ADGADANAND SHRI ASHRAM TRUST,,,,2010,,512,,,,,,,,,,,,,,,,,,,,,,,,,,,,,,,,,,,,,,,,,,,,,,,,,,,,,0
2019-06-01,15,0,0,"MISHRA,S.K.","BHARTIYA SANSKRITI KA VISHVA SAMRAJYA-MISHRA,S.K.",BHARTIYA SANSKRITI KA VISHVA SAMRAJYA,"PUSTAK PATH,DELHI",,,,2011,,127,,,,,,,,,,,,,,,,,,,,,,,,,,,,,,,,,,,,,,,,,,,,,,,,,,,,,0
2019-06-01,16,0,0,BHARTIYA ITIHAAS ANUSANDHAN PARISHAD,HINDU DHARAM KYA HAI? MAHATMA GANDHI-BHARTIYA ITIHAAS ANUSANDHAN PARISHAD,HINDU DHARAM KYA HAI? MAHATMA GANDHI,NATIONAL BOOK TRUST,,,,1993,,113,,,,,,,,,,,,,,,,,,,,,,,,,,,,,,,,,,,,,,,,,,,,,,,,,,,,,0
2019-06-01,22,0,0,"SWAMI,PRABHUPAAD","SHIR MADBHAGWAT GEETA-YATHAROOP-SWAMI,PRABHUPAAD",SHIR MADBHAGWAT GEETA-YATHAROOP,"MUKTI VEDANT BOOK TRUST,MUMBAI",,,,1990,,576,,,,,,,,,,,,,,,,,,,,,,,,,,,,,,,,,,,,,,,,,,,,,,,,,,,,,0
2019-06-01,28,0,0,"GEETA PRESS,GORAKHPUR","SHRI MADBHAGWATGEETA-GEETA PRESS,GORAKHPUR",SHRI MADBHAGWATGEETA,"GEETA PRESS,GORAKHPUR",,,,,,421,,,,,,,,,,,,,,,,,,,,,,,,,,,,,,,,,,,,,,,,,,,,,,,,,,,,,0
2019-06-01,30,0,0,SOOCHNA EVAM PRASARAN MANTRALAYA,GYAN SAROWAR BHAG-3-SOOCHNA EVAM PRASARAN MANTRALAYA,GYAN SAROWAR BHAG-3,"SOOCHNA EVAM PRASARAN MANTRALAYA,NEW DELHI",,,,1981,,352,,,,,,,,,,,,,,,,,,,,,,,,,,,,,,,,,,,,,,,,,,,,,,,,,,,,,0
2019-06-01,32,0,0,GEHARI RAM,SHRI RADHA KA NYAY-GEHARI RAM,SHRI RADHA KA NYAY,"AKHANDANAND SARASWATI SEWA SANSTHAN,VARANASI",,,,2010,,40,,,,,,,,,,,,,,,,,,,,,,,,,,,,,,,,,,,,,,,,,,,,,,,,,,,,,0
2019-06-01,35,0,0,"JAIN,MADHU ED.","BAUDH SANSPARSH-JAIN,MADHU ED.",BAUDH SANSPARSH,"SADHU RAMSWAROOP MAHILA VISHWVIDYALAAY,BAREILY",,,,2009,,256,,,,,,,,,,,,,,,,,,,,,,,,,,,,,,,,,,,,,,,,,,,,,,,,,,,,,0
2019-06-01,39,0,0,KIRAN VARIYA,CHANAKYA NEETI EVAM SOOTRA SANGRAH-KIRAN VARIYA,CHANAKYA NEETI EVAM SOOTRA SANGRAH,"LAXMI PRAKASHAN,DELHI",,,,,,208,,,,,,,,,,,,,,,,,,,,,,,,,,,,,,,,,,,,,,,,,,,,,,,,,,,,,0
2019-06-01,43,0,0,SHRI RAM SHARMA,SUNSAAN KE SAHCHAR-SHRI RAM SHARMA,SUNSAAN KE SAHCHAR,"YUG NIRMAN YOJNA,MATHURA",,,,,,104,,,,,,,,,,,,,,,,,,,,,,,,,,,,,,,,,,,,,,,,,,,,,,,,,,,,,0
2019-06-01,46,0,0,GAYA PRASAD,AMRIT VACHAN-GAYA PRASAD,AMRIT VACHAN,"GIRIRAJ BABA TRUST,MATHURA",,,,2000,,151,,,,,,,,,,,,,,,,,,,,,,,,,,,,,,,,,,,,,,,,,,,,,,,,,,,,,0
2019-06-01,47,0,0,YOG ANUSANDHAN SANSTHAN,YOGAMRATAM-YOG ANUSANDHAN SANSTHAN,YOGAMRATAM,"YOG ANUSANDHAN SANSTHAN,LUCKNOW",,,,,,132,,,,,,,,,,,,,,,,,,,,,,,,,,,,,,,,,,,,,,,,,,,,,,,,,,,,,0
2019-06-01,57,0,0,"JOSHI,DINKAR","SHYAM- PHIR EK BAAR TUM MIL JAATE-JOSHI,DINKAR",SHYAM- PHIR EK BAAR TUM MIL JAATE,"VIDYA VIHAR,DELHI",,,,2013,,160,,,,,,,,,,,,,,,,,,,,,,,,,,,,,,,,,,,,,,,,,,,,,,,,,,,,,0
2019-06-01,64,0,0,"SATVALEKAR,SHRIPAD DAMODAR","SHRI MADBHAGWAT GEETA-SATVALEKAR,SHRIPAD DAMODAR",SHRI MADBHAGWAT GEETA,"BASANT SHRIPAD SATVALEKAR,BALSAD",,,,1983,,912,,,,,,,,,,,,,,,,,,,,,,,,,,,,,,,,,,,,,,,,,,,,,,,,,,,,,0
2019-06-01,66,0,0,"GEETA PRESS,GORAKHPUR","SHRI MADBHAGWAT PURAN -PRATHAM KHAND-GEETA PRESS,GORAKHPUR",SHRI MADBHAGWAT PURAN -PRATHAM KHAND,"GEETA PRESS,GORAKHPUR",,,,,,865,,,,,,,,,,,,,,,,,,,,,,,,,,,,,,,,,,,,,,,,,,,,,,,,,,,,,0
2019-06-01,71,0,0,BIBLE SOCIETY OF INDIA,PAVITRA BIBLE-BIBLE SOCIETY OF INDIA,PAVITRA BIBLE,"BIBLE SOCIETY OF INDIA,BANGLORE",,,,1999,,390,,,,,,,,,,,,,,,,,,,,,,,,,,,,,,,,,,,,,,,,,,,,,,,,,,,,,0
2019-06-01,77,0,0,AYODHYA SHODH SANSTHAN,RAGHUNATH GAATHA KHAND II-AYODHYA SHODH SANSTHAN,RAGHUNATH GAATHA KHAND II,"AYODHYA SHODH SANSTHAN,AYODHYA",,,,1911,,224,,,,,,,,,,,,,,,,,,,,,,,,,,,,,,,,,,,,,,,,,,,,,,,,,,,,,0
2019-06-01,83,0,0,TULSIDAS,VINAY PATRIKA-TULSIDAS,VINAY PATRIKA,"GEETA PRESS,GORAKHPUR",,,,,,478,,,,,,,,,,,,,,,,,,,,,,,,,,,,,,,,,,,,,,,,,,,,,,,,,,,,,0
2019-06-01,85,0,0,"GUPTA,DAUDAYAL","SHIR HANUMACHCHARIT MANAS-GUPTA,DAUDAYAL",SHIR HANUMACHCHARIT MANAS,"MANAS SANSTHAN,MATHURA",,,,1992,,344,,,,,,,,,,,,,,,,,,,,,,,,,,,,,,,,,,,,,,,,,,,,,,,,,,,,,0
2019-06-01,90,0,0,"SHARMA,SHRI RAM","VEDANT DARSHAN-SHARMA,SHRI RAM",VEDANT DARSHAN,"SANSKRITI SANSTHAN,BAREILY",,,,1994,,284,,,,,,,,,,,,,,,,,,,,,,,,,,,,,,,,,,,,,,,,,,,,,,,,,,,,,0
2019-06-01,92,0,0,"BHARGAVA,DEENANATH","SHRI HARIGEETA-BHARGAVA,DEENANATH",SHRI HARIGEETA,"MANAV DHARM KARYALAYA,NEW DELHI",,,,,,320,,,,,,,,,,,,,,,,,,,,,,,,,,,,,,,,,,,,,,,,,,,,,,,,,,,,,0
2019-06-01,104,0,0,"SHARMA,SHRI RAM","RIGVEDA IV-SHARMA,SHRI RAM",RIGVEDA IV,"SANSKRITI SANSTHAN,BAREILY",,,,2008,,1898,,,,,,,,,,,,,,,,,,,,,,,,,,,,,,,,,,,,,,,,,,,,,,,,,,,,,0
2019-06-01,109,0,0,"SHARMA,SHRI RAM","108 UPNISHAD (SADHNA KHAND)-SHARMA,SHRI RAM",108 UPNISHAD (SADHNA KHAND),"SANSKRITI SANSTHAN,BAREILY",,,,2003,,588,,,,,,,,,,,,,,,,,,,,,,,,,,,,,,,,,,,,,,,,,,,,,,,,,,,,,0
2019-06-01,114,0,0,RAM KRISHNA INSTITUTE,SABKE SWAMI JI-RAM KRISHNA INSTITUTE,SABKE SWAMI JI,"RAM KRISHNA INSTITUTE,KOLKATA",,,,2010,,95,,,,,,,,,,,,,,,,,,,,,,,,,,,,,,,,,,,,,,,,,,,,,,,,,,,,,0
2019-06-01,116,0,0,RAJGOPALACHARYA,BHAGWATGEETA-RAJGOPALACHARYA,BHAGWATGEETA,"HINDUSTAN TIMES,NEW DELHI",,,,,,99,,,,,,,,,,,,,,,,,,,,,,,,,,,,,,,,,,,,,,,,,,,,,,,,,,,,,0
2019-06-01,127,0,0,PRAKASHANAND SARASWATI,SARV BHAUM ADHAYMIK VIGYAN-PRAKASHANAND SARASWATI,SARV BHAUM ADHAYMIK VIGYAN,"SWAMI PARMANAND YOGSADHNASHRAM,MERRUT",,,,,,374,,,,,,,,,,,,,,,,,,,,,,,,,,,,,,,,,,,,,,,,,,,,,,,,,,,,,0
2019-06-01,132,0,0,SHIVANAND MATH,BHENT-SWAMI SHIVANAND SARASWATI EVAM SWAMI SATYANAND SARASWATI-SHIVANAND MATH,BHENT-SWAMI SHIVANAND SARASWATI EVAM SWAMI SATYANAND SARASWATI,"SHIVANAND MATH,MUNGER",,,,2007,,28,,,,,,,,,,,,,,,,,,,,,,,,,,,,,,,,,,,,,,,,,,,,,,,,,,,,,0
2019-06-01,142,0,0,"MISHRA,SHIVDUTT","VINDHACHAL MAHATMYA-MISHRA,SHIVDUTT",VINDHACHAL MAHATMYA,"THAKUR PRASAD PUSTAK BHANDAR,VARANASI",,,,2000,,16,,,,,,,,,,,,,,,,,,,,,,,,,,,,,,,,,,,,,,,,,,,,,,,,,,,,,0
2019-06-01,143,0,0,ADGADANAND JI,"ARYA SANATAN AUR HINDU DHARM, DHARM PARIVARTAN HOTA HI NAHI-ADGADANAND JI","ARYA SANATAN AUR HINDU DHARM, DHARM PARIVARTAN HOTA HI NAHI","ADGADANAND ASHRAM TRUST,MUMBAI",,,,2011,,12,,,,,,,,,,,,,,,,,,,,,,,,,,,,,,,,,,,,,,,,,,,,,,,,,,,,,0
2019-06-01,149,0,0,SHRI RAM SANSKRITI SODH SANSTHAN,JAHN JAHN RAM CHARAN CHAKI JAHI-SHRI RAM SANSKRITI SODH SANSTHAN,JAHN JAHN RAM CHARAN CHAKI JAHI,SHRI RAM SANSKRITI SHODH SANSTHAN,,,,,,76,,,,,,,,,,,,,,,,,,,,,,,,,,,,,,,,,,,,,,,,,,,,,,,,,,,,,0
2019-06-01,155,0,0,"JOSHI,YOGENDRA","SHRI GANGA SAGAR MAHATMYA-JOSHI,YOGENDRA",SHRI GANGA SAGAR MAHATMYA,YOGENDRA DOSHI JOONAGARH,,,,,,16,,,,,,,,,,,,,,,,,,,,,,,,,,,,,,,,,,,,,,,,,,,,,,,,,,,,,0
2019-06-01,160,0,0,AKHANDANAND SARASWATI,UNKI KRIPA-AKHANDANAND SARASWATI,UNKI KRIPA,"SATSAHITYA PRAKASHAN TRUST,MUMBAI",,,,2012,,64,,,,,,,,,,,,,,,,,,,,,,,,,,,,,,,,,,,,,,,,,,,,,,,,,,,,,0
2019-06-01,165,0,0,SWAMI ABHEDANAND,HINDUON ME ISAMASEEH KE PRATI AASTHA LEKIN GIRIJA DHARMMAT KE PRATI ANASHTHA: AISA KYON-SWAMI ABHEDANAND,HINDUON ME ISAMASEEH KE PRATI AASTHA LEKIN GIRIJA DHARMMAT KE PRATI ANASHTHA: AISA KYON,"SHRI RAMKRISHAN VEDANT MATH,KOLKATA",,,,2006,,40,,,,,,,,,,,,,,,,,,,,,,,,,,,,,,,,,,,,,,,,,,,,,,,,,,,,,0
2019-06-01,171,0,0,JAGDEESHWANAND SARASWATI,DHARM SHIKHSA-JAGDEESHWANAND SARASWATI,DHARM SHIKHSA,PRAHALAD KUMAR ARYA DHARMARTH TRUST,,,,,,32,,,,,,,,,,,,,,,,,,,,,,,,,,,,,,,,,,,,,,,,,,,,,,,,,,,,,0
2019-06-01,173,0,0,OMANAND SARASWATI,SATYA DHARM PRAKASHINI-OMANAND SARASWATI,SATYA DHARM PRAKASHINI,"ARYA DHARMARTH NYAS HINDON,RAJASTHAN",,,,2008,,32,,,,,,,,,,,,,,,,,,,,,,,,,,,,,,,,,,,,,,,,,,,,,,,,,,,,,0
2019-06-01,176,0,0,DHARAMVEER BHARTI,BAND GALI KA AAKHRI MAKAAN-DHARAMVEER BHARTI,BAND GALI KA AAKHRI MAKAAN,"BHARTIAY GYANPEETH,NEW DELHI",,,,2005,,116,,,,,,,,,,,,,,,,,,,,,,,,,,,,,,,,,,,,,,,,,,,,,,,,,,,,,0
2019-06-01,179,0,0,PREMCHANDRA,GABAN-PREMCHANDRA,GABAN,HANS PRAKASHAN,,,,,,330,,,,,,,,,,,,,,,,,,,,,,,,,,,,,,,,,,,,,,,,,,,,,,,,,,,,,0
2019-06-01,182,0,0,PREMCHANDRA,GABAN-PREMCHANDRA,GABAN,"DIAMOND POCKET BOOKS,DELHI",,,,,,276,,,,,,,,,,,,,,,,,,,,,,,,,,,,,,,,,,,,,,,,,,,,,,,,,,,,,0
2019-06-01,187,0,0,"NAGAR,AMRIT LAL","MANAS KA HANS-NAGAR,AMRIT LAL",MANAS KA HANS,"RAJPAL AND SONS ,NEW DELHI",,,,1981,,380,,,,,,,,,,,,,,,,,,,,,,,,,,,,,,,,,,,,,,,,,,,,,,,,,,,,,0
2019-06-01,189,0,0,"NAGAR,AMRIT LAL","SHATRANJ KE MOHRE-NAGAR,AMRIT LAL",SHATRANJ KE MOHRE,"BHARTIYA GYANPEETH,NEW DELHI",,,,,,425,,,,,,,,,,,,,,,,,,,,,,,,,,,,,,,,,,,,,,,,,,,,,,,,,,,,,0
2019-06-01,196,0,0,"CHATOPADHYAY,SHARAT CHANDRA","DEHATI SAMAJ-CHATOPADHYAY,SHARAT CHANDRA",DEHATI SAMAJ,"DIAMOND POCKET BOOKS,DELHI",,,,,,152,,,,,,,,,,,,,,,,,,,,,,,,,,,,,,,,,,,,,,,,,,,,,,,,,,,,,0
2019-06-01,198,0,0,DWIVEDI PRABHAKAR,GYAN GANGA-DWIVEDI PRABHAKAR,GYAN GANGA,"SUMAN PRAKASHAN,DELHI",,,,,,112,,,,,,,,,,,,,,,,,,,,,,,,,,,,,,,,,,,,,,,,,,,,,,,,,,,,,0
2019-06-01,201,0,0,"KOHLI,NARENDRA","BANDHAN-KOHLI,NARENDRA",BANDHAN,VANI PRAKASHAN,,,,2000,,472,,,,,,,,,,,,,,,,,,,,,,,,,,,,,,,,,,,,,,,,,,,,,,,,,,,,,0
2019-06-01,203,0,0,"RENU,PHADISHWARNATH","MAILA AANCHAL-RENU,PHADISHWARNATH",MAILA AANCHAL,"RAJKAMAL,DELHI",,,,2007,,353,,,,,,,,,,,,,,,,,,,,,,,,,,,,,,,,,,,,,,,,,,,,,,,,,,,,,0
2019-06-01,207,0,0,SHIVANI,KRISHNAKALI-SHIVANI,KRISHNAKALI,"BHARTIYA GYANPEETH,NEW DELHI",,,,2006,,217,,,,,,,,,,,,,,,,,,,,,,,,,,,,,,,,,,,,,,,,,,,,,,,,,,,,,0
2019-06-01,219,0,0,"DWIVEDI,HAJARI PRASAD","CHARU CHANDRA LEKH-DWIVEDI,HAJARI PRASAD",CHARU CHANDRA LEKH,"RAJKAMAL,DELHI",,,,1993,,335,,,,,,,,,,,,,,,,,,,,,,,,,,,,,,,,,,,,,,,,,,,,,,,,,,,,,0
2019-06-01,224,0,0,"RAI,VIVEKI","SAMAR SHESH HAI-RAI,VIVEKI",SAMAR SHESH HAI,"PRABHAT PRAKASHAN,DELHI",,,,1988,,514,,,,,,,,,,,,,,,,,,,,,,,,,,,,,,,,,,,,,,,,,,,,,,,,,,,,,0
2019-06-01,229,0,0,AMRITA PRITAM,ADALAT-AMRITA PRITAM,ADALAT,HIND POCKET BOOKS,,,,1995,,115,,,,,,,,,,,,,,,,,,,,,,,,,,,,,,,,,,,,,,,,,,,,,,,,,,,,,0
2019-06-01,232,0,0,ABID SURTI,GULMOHAR KE AANSOO-ABID SURTI,GULMOHAR KE AANSOO,"BHARAT PRAKASHAN,DELHI",,,,1989,,263,,,,,,,,,,,,,,,,,,,,,,,,,,,,,,,,,,,,,,,,,,,,,,,,,,,,,0
2019-06-01,244,0,0,"AGARWAL,SHUSHMA","NAYA RASTA-AGARWAL,SHUSHMA",NAYA RASTA,"FRANK BROTHERS,NEW DELHI",,,,1999,,89,,,,,,,,,,,,,,,,,,,,,,,,,,,,,,,,,,,,,,,,,,,,,,,,,,,,,0
2019-06-01,249,0,0,"BANKIM CHANDRA,CHATTERJEE","ANAND MATH-BANKIM CHANDRA,CHATTERJEE",ANAND MATH,"RAJKAMAL,DELHI",,,,1990,,187,,,,,,,,,,,,,,,,,,,,,,,,,,,,,,,,,,,,,,,,,,,,,,,,,,,,,0
2019-06-01,254,0,0,"JAMUNA,K.A.","CHITRA PRIYA-JAMUNA,K.A.",CHITRA PRIYA,"RAJKAMAL,DELHI",,,,1978,,311,,,,,,,,,,,,,,,,,,,,,,,,,,,,,,,,,,,,,,,,,,,,,,,,,,,,,0
2019-06-01,255,0,0,"MISHRA,KESHAV PRASAD","KOHVAR KI SHART-MISHRA,KESHAV PRASAD",KOHVAR KI SHART,"RAJKAMAL,DELHI",,,,2007,,156,,,,,,,,,,,,,,,,,,,,,,,,,,,,,,,,,,,,,,,,,,,,,,,,,,,,,0
2019-06-01,263,0,0,"AGARWAL,BALRAM","SHARATCHANDRA KI ANMOL KAHANIYA-AGARWAL,BALRAM",SHARATCHANDRA KI ANMOL KAHANIYA,"SAKSHI PRAKASHAN,DELHI",,,,1998,,144,,,,,,,,,,,,,,,,,,,,,,,,,,,,,,,,,,,,,,,,,,,,,,,,,,,,,0
2019-06-01,270,0,0,NATIONAL BOOK TRUST,TERAH ANUPAM KAHANIYA-NATIONAL BOOK TRUST,TERAH ANUPAM KAHANIYA,NATIONAL BOOK TRUST,,,,1983,,152,,,,,,,,,,,,,,,,,,,,,,,,,,,,,,,,,,,,,,,,,,,,,,,,,,,,,0
2019-06-01,278,0,0,"MISHRA,PRATAP NARAYAN","MEWAD KI KATHAYEIN BHAG-4-MISHRA,PRATAP NARAYAN",MEWAD KI KATHAYEIN BHAG-4,"LOKHIT PRAKASHAN,DELHI",,,,1994,,60,,,,,,,,,,,,,,,,,,,,,,,,,,,,,,,,,,,,,,,,,,,,,,,,,,,,,0
2019-06-01,281,0,0,SUDARSHAN SINGH,SANSKRITIK KAHANIYAN BHAG-5-SUDARSHAN SINGH,SANSKRITIK KAHANIYAN BHAG-5,"SHRI KRISHNA JANM SEVA SANSTHAN SEVA SANGH,MATHURA",,,,1977,,155,,,,,,,,,,,,,,,,,,,,,,,,,,,,,,,,,,,,,,,,,,,,,,,,,,,,,0
2019-06-01,287,0,0,"SHUKLA,SOMNATH","GALI AABAD HAI-SHUKLA,SOMNATH",GALI AABAD HAI,"DEVESH PRAKASHAN,SULTANPUR,U.P.",,,,1992,,147,,,,,,,,,,,,,,,,,,,,,,,,,,,,,,,,,,,,,,,,,,,,,,,,,,,,,0
2019-06-01,294,0,0,BALWANT SINGH,CHILMAN-BALWANT SINGH,CHILMAN,"RAJKAMAL,DELHI",,,,1970,,168,,,,,,,,,,,,,,,,,,,,,,,,,,,,,,,,,,,,,,,,,,,,,,,,,,,,,0
2019-06-01,296,0,0,KHUSWANT SINGH,PAKISTAN MAIL-KHUSWANT SINGH,PAKISTAN MAIL,"RAJKAMAL,DELHI",,,,1996,,211,,,,,,,,,,,,,,,,,,,,,,,,,,,,,,,,,,,,,,,,,,,,,,,,,,,,,0
2019-06-01,301,0,0,"RAI,PRATIMA","DRAUPDI-RAI,PRATIMA",DRAUPDI,"RAJPAL AND SONS ,NEW DELHI",,,,1999,,263,,,,,,,,,,,,,,,,,,,,,,,,,,,,,,,,,,,,,,,,,,,,,,,,,,,,,0
2019-06-01,305,0,0,PREMCHANDRA,MANSAROVAR -7-PREMCHANDRA,MANSAROVAR -7,"RAJKAMAL,DELHI",,,,2001,,260,,,,,,,,,,,,,,,,,,,,,,,,,,,,,,,,,,,,,,,,,,,,,,,,,,,,,0
2019-06-01,311,0,0,PREMCHANDRA,MANSAROVER-2-PREMCHANDRA,MANSAROVER-2,HANS PRAKASHAN,,,,1984,,352,,,,,,,,,,,,,,,,,,,,,,,,,,,,,,,,,,,,,,,,,,,,,,,,,,,,,0
2019-06-01,312,0,0,PREMCHANDRA,MANSAROVER-5-PREMCHANDRA,MANSAROVER-5,"RAJKAMAL,DELHI",,,,2001,,285,,,,,,,,,,,,,,,,,,,,,,,,,,,,,,,,,,,,,,,,,,,,,,,,,,,,,0
2019-06-01,322,0,0,GIRIRAJ SHARAN SAMPADAN,SHIKSHA JAGAT KI KAHANIYA-GIRIRAJ SHARAN SAMPADAN,SHIKSHA JAGAT KI KAHANIYA,"PRABHAT PRAKASHAN,DELHI",,,,1986,,199,,,,,,,,,,,,,,,,,,,,,,,,,,,,,,,,,,,,,,,,,,,,,,,,,,,,,0
2019-06-01,331,0,0,"MOHAN,RAKESH","MERI PRIY KAHANIYA-MOHAN,RAKESH",MERI PRIY KAHANIYA,"RAJKAMAL,DELHI",,,,1985,,122,,,,,,,,,,,,,,,,,,,,,,,,,,,,,,,,,,,,,,,,,,,,,,,,,,,,,0
2019-06-01,335,0,0,CHATUR SEN,MERI PRIY KAHANIYA-CHATUR SEN,MERI PRIY KAHANIYA,"RAJPAL AND SONS ,NEW DELHI",,,,2012,,141,,,,,,,,,,,,,,,,,,,,,,,,,,,,,,,,,,,,,,,,,,,,,,,,,,,,,0
2019-06-01,338,0,0,JAI SHANKER PRASAD,AAKASH DEEP-JAI SHANKER PRASAD,AAKASH DEEP,BHARITYA GRANTH NIKETAN,,,,1990,,90,,,,,,,,,,,,,,,,,,,,,,,,,,,,,,,,,,,,,,,,,,,,,,,,,,,,,0
2019-06-01,343,0,0,"SINGH,KANSHINATH","PRATINIDHI KAHANIYAAN-SINGH,KANSHINATH",PRATINIDHI KAHANIYAAN,"RAJKAMAL,DELHI",,,,2012,,151,,,,,,,,,,,,,,,,,,,,,,,,,,,,,,,,,,,,,,,,,,,,,,,,,,,,,0
2019-06-01,344,0,0,"SINGH,KANSHINATH","KASHI KI ASSI-SINGH,KANSHINATH",KASHI KI ASSI,"RAJKAMAL,DELHI",,,,2012,,172,,,,,,,,,,,,,,,,,,,,,,,,,,,,,,,,,,,,,,,,,,,,,,,,,,,,,0
2019-06-01,347,0,0,"VIDHYA LANKAAR,SATYAKAAM","SWAMI VIVEKANAND-VIDHYA LANKAAR,SATYAKAAM",SWAMI VIVEKANAND,SHIKSHA BHARTI DELHI,,,,1996,,48,,,,,,,,,,,,,,,,,,,,,,,,,,,,,,,,,,,,,,,,,,,,,,,,,,,,,0
2019-06-01,351,0,0,NARENDRA BAAM,AB JAWAAB DO-NARENDRA BAAM,AB JAWAAB DO,NATIONAL BOOK TRUST DELHI,,,,1991,,40,,,,,,,,,,,,,,,,,,,,,,,,,,,,,,,,,,,,,,,,,,,,,,,,,,,,,0
2019-06-01,355,0,0,"NAGAYACH,PRAKASH","CHANDRAGUPT VIKRAMADTYA-NAGAYACH,PRAKASH",CHANDRAGUPT VIKRAMADTYA,INTERUNIVERSITY PRESS DELHI,,,,,,170,,,,,,,,,,,,,,,,,,,,,,,,,,,,,,,,,,,,,,,,,,,,,,,,,,,,,0
2019-06-01,359,0,0,"KAPOOR,SHYAMCHANDRA","ANUPAM HINDI VYAKARAN TATHA RACHNA BHAAG-2-KAPOOR,SHYAMCHANDRA",ANUPAM HINDI VYAKARAN TATHA RACHNA BHAAG-2,PITAMBER PUBLISHING DELHI,,,,1994,,104,,,,,,,,,,,,,,,,,,,,,,,,,,,,,,,,,,,,,,,,,,,,,,,,,,,,,0
2019-06-01,360,0,0,SHEEMANATH,GULAAB AUR CHAMPA-SHEEMANATH,GULAAB AUR CHAMPA,SAHITYA BHUSHAN VARANASI,,,,1984,,64,,,,,,,,,,,,,,,,,,,,,,,,,,,,,,,,,,,,,,,,,,,,,,,,,,,,,0
2019-06-01,366,0,0,"DIXIT,RAJESH","GORA BADAL-DIXIT,RAJESH",GORA BADAL,BHASHA BHAWAN MATHURA,,,,1990,,30,,,,,,,,,,,,,,,,,,,,,,,,,,,,,,,,,,,,,,,,,,,,,,,,,,,,,0
2019-06-01,369,0,0,"DIXIT,RAJESH","BHARAT DESH KI KAHANI-DIXIT,RAJESH",BHARAT DESH KI KAHANI,RASHTRIYA PRAKASHAN MANDIR BHOPAL,,,,1981,,31,,,,,,,,,,,,,,,,,,,,,,,,,,,,,,,,,,,,,,,,,,,,,,,,,,,,,0
2019-06-01,372,0,0,KHARE SANDEEP SAMPADAK,BAAL BAGIYA MASHIK PATRIKA MAY 2001-KHARE SANDEEP SAMPADAK,BAAL BAGIYA MASHIK PATRIKA MAY 2001,,,,,,,,,,,,,,,,,,,,,,,,,,,,,,,,,,,,,,,,,,,,,,,,,,,,,,,,,,,,0
2019-06-01,374,0,0,GEETA PRESS,GOPAL -GEETA PRESS,GOPAL,GEETA PRESS GORAKHPUR,,,,,,18,,,,,,,,,,,,,,,,,,,,,,,,,,,,,,,,,,,,,,,,,,,,,,,,,,,,,0
2019-06-01,378,0,0,GEETA PRESS,ASHT VINAYAK-GEETA PRESS,ASHT VINAYAK,GEETA PRESS GORAKHPUR,,,,,,18,,,,,,,,,,,,,,,,,,,,,,,,,,,,,,,,,,,,,,,,,,,,,,,,,,,,,0
2019-06-01,381,0,0,MISHRA PRATAPNARAYAN,MEWAAD KI KATHAE-MISHRA PRATAPNARAYAN,MEWAAD KI KATHAE,LOKHIT PRAKASHAN LUCKNOW,,,,1998,,83,,,,,,,,,,,,,,,,,,,,,,,,,,,,,,,,,,,,,,,,,,,,,,,,,,,,,0
2019-06-01,386,0,0,"FAROOQUI,NISAR AHMAD(SAMPADAK)","GALIB KI AAPBITI-FAROOQUI,NISAR AHMAD(SAMPADAK)",GALIB KI AAPBITI,GALIB INSTITUTE DELHI,,,,1997,,91,,,,,,,,,,,,,,,,,,,,,,,,,,,,,,,,,,,,,,,,,,,,,,,,,,,,,0
2019-06-01,389,0,0,RAKESHCHAKRA,CHARWAHO KA CHAKRAVIEW-RAKESHCHAKRA,CHARWAHO KA CHAKRAVIEW,SHABD SHASTI DELHI,,,,2000,,112,,,,,,,,,,,,,,,,,,,,,,,,,,,,,,,,,,,,,,,,,,,,,,,,,,,,,0
2019-06-01,400,0,0,SUMITRANANDAN PANT,SWARN DHULI-SUMITRANANDAN PANT,SWARN DHULI,RAMRAJYA PRAKASHAN LUCKNOW,,,,,,166,,,,,,,,,,,,,,,,,,,,,,,,,,,,,,,,,,,,,,,,,,,,,,,,,,,,,0
2019-06-01,403,0,0,"PANDEY,ASHOK KUMAR","ANUMURTIYO KA DHARATAL-PANDEY,ASHOK KUMAR",ANUMURTIYO KA DHARATAL,ABHISHEK PRAKASHAN LUCKNOW,,,,2005,,96,,,,,,,,,,,,,,,,,,,,,,,,,,,,,,,,,,,,,,,,,,,,,,,,,,,,,0
2019-06-01,415,0,0,RAJKAMAL PRAKASHAN,JAISHANKER PRASAD PRATINIDHI KAVITAE-RAJKAMAL PRAKASHAN,JAISHANKER PRASAD PRATINIDHI KAVITAE,RAJKAMAL PRAKASHAN DELHI,,,,2012,,108,,,,,,,,,,,,,,,,,,,,,,,,,,,,,,,,,,,,,,,,,,,,,,,,,,,,,0
2019-06-01,419,0,0,SUMITRANANDAN PANT,SWARN DHULI-SUMITRANANDAN PANT,SWARN DHULI,BHARTIYA BHANDAAR PRAYAG,,,,2004,,272,,,,,,,,,,,,,,,,,,,,,,,,,,,,,,,,,,,,,,,,,,,,,,,,,,,,,0
2019-06-01,421,0,0,"JAIRAMAN,P.","EK CHHAND CHAAR HASTAKCHAR-JAIRAMAN,P.",EK CHHAND CHAAR HASTAKCHAR,HINDI PRACHAR SABHA MATHURA,,,,1972,,85,,,,,,,,,,,,,,,,,,,,,,,,,,,,,,,,,,,,,,,,,,,,,,,,,,,,,0
2019-06-01,426,0,0,SUMITRANANDAN PANT,CHITAMBARA-SUMITRANANDAN PANT,CHITAMBARA,RAJKAMAL PRAKASHAN DELHI,,,,1966,,354,,,,,,,,,,,,,,,,,,,,,,,,,,,,,,,,,,,,,,,,,,,,,,,,,,,,,0
2019-06-01,433,0,0,"MAZOOMDAR,LEELA (SAMPADAK)","RAVINDRANATH KA BAAL SAHITYA BHAAG-1-MAZOOMDAR,LEELA (SAMPADAK)",RAVINDRANATH KA BAAL SAHITYA BHAAG-1,SAHITYA ACADEMY DELHI,,,,1997,,158,,,,,,,,,,,,,,,,,,,,,,,,,,,,,,,,,,,,,,,,,,,,,,,,,,,,,0
2019-06-01,435,0,0,"GUPT,MATHILISHARAN","SAKET-GUPT,MATHILISHARAN",SAKET,SANGEET SADAN JHANSHI,,,,,,336,,,,,,,,,,,,,,,,,,,,,,,,,,,,,,,,,,,,,,,,,,,,,,,,,,,,,0
2019-06-01,439,0,0,"KHARE,RAMSWAROOP","SHATMANYU-KHARE,RAMSWAROOP",SHATMANYU,HINDI PRACHAR SABHA MATHURA,,,,,,52,,,,,,,,,,,,,,,,,,,,,,,,,,,,,,,,,,,,,,,,,,,,,,,,,,,,,0
2019-06-01,444,0,0,JAISHANKER PRASAD,KAMAYANI-JAISHANKER PRASAD,KAMAYANI,PRASAD PRAKASHAN VARANASI,,,,1983,,135,,,,,,,,,,,,,,,,,,,,,,,,,,,,,,,,,,,,,,,,,,,,,,,,,,,,,0
2019-06-01,446,0,0,"MAACHVE,PRABHAKAR (SAMPADAK)","ADARSH KAVYA SANGRAH-MAACHVE,PRABHAKAR (SAMPADAK)",ADARSH KAVYA SANGRAH,ALLIED PUBLISHERS MUMBAI,,,,1970,,109,,,,,,,,,,,,,,,,,,,,,,,,,,,,,,,,,,,,,,,,,,,,,,,,,,,,,0
2019-06-01,457,0,0,SUBHAS NIKH,-SUBHAS NIKH,,SANYUKT PRAKASHAN DELHI,,,,1979,,48,,,,,,,,,,,,,,,,,,,,,,,,,,,,,,,,,,,,,,,,,,,,,,,,,,,,,0
2019-06-01,463,0,0,"DINKAR,RAMDHARI SINGH","KURUKCHETRA -DINKAR,RAMDHARI SINGH",KURUKCHETRA,RAJPAL AND SONS DELHI,,,,1989,,136,,,,,,,,,,,,,,,,,,,,,,,,,,,,,,,,,,,,,,,,,,,,,,,,,,,,,0
2019-06-01,471,0,0,"HITAISHI,NANDAL","DO PIDHIYOON KA ABHIYAAN-HITAISHI,NANDAL",DO PIDHIYOON KA ABHIYAAN,SAHITYALOCHANM ALLAHABAD,,,,1986,,95,,,,,,,,,,,,,,,,,,,,,,,,,,,,,,,,,,,,,,,,,,,,,,,,,,,,,0
2019-06-01,474,0,0,CHAMANLAL (SAMPADAK),SHAHEED BHAGAT SINGH-CHAMANLAL (SAMPADAK),SHAHEED BHAGAT SINGH,PRAKASHAN VIBHAG BHARAT SARKAR DELHI,,,,2007,,356,,,,,,,,,,,,,,,,,,,,,,,,,,,,,,,,,,,,,,,,,,,,,,,,,,,,,0
2019-06-01,479,0,0,"DWEVEDI ,SHANTNU VIHARI","SATYA PREMI HARISHCHANDRA-DWEVEDI ,SHANTNU VIHARI",SATYA PREMI HARISHCHANDRA,GEETA PRESS GORAKHPUR,,,,,,44,,,,,,,,,,,,,,,,,,,,,,,,,,,,,,,,,,,,,,,,,,,,,,,,,,,,,0
2019-06-01,480,0,0,"BHARTI,DHARMVEER","THELE PER HIMALAYA-BHARTI,DHARMVEER",THELE PER HIMALAYA,BHARTIYE GYAN PEETH DELHI,,,,1976,,179,,,,,,,,,,,,,,,,,,,,,,,,,,,,,,,,,,,,,,,,,,,,,,,,,,,,,0
2019-06-01,485,0,0,LOK BHARTI PRAKASHAN,SMRITI KI REKHAE-MAHADEVI VERMA-LOK BHARTI PRAKASHAN,SMRITI KI REKHAE-MAHADEVI VERMA,LOK BHARTI PRAKASHAN ALLAHABAD,,,,2012,,118,,,,,,,,,,,,,,,,,,,,,,,,,,,,,,,,,,,,,,,,,,,,,,,,,,,,,0
2019-06-01,494,0,0,VINOD,JAWAHARLAL NEHRU-VINOD,JAWAHARLAL NEHRU,SHIKSHA BHARTI DELHI,,,,1993,,48,,,,,,,,,,,,,,,,,,,,,,,,,,,,,,,,,,,,,,,,,,,,,,,,,,,,,0
2019-06-01,505,0,0,,DHURUSWAMI-,DHURUSWAMI,,,,,,,64,,,,,,,,,,,,,,,,,,,,,,,,,,,,,,,,,,,,,,,,,,,,,,,,,,,,,0
2019-06-01,507,0,0,"TRIPATHI,RAMNARESH(SAMPADAK)","JAYANT-NATAK-TRIPATHI,RAMNARESH(SAMPADAK)",JAYANT-NATAK,HINDI MANDIR SULTANPUR,,,,1980,,119,,,,,,,,,,,,,,,,,,,,,,,,,,,,,,,,,,,,,,,,,,,,,,,,,,,,,0
2019-06-01,509,0,0,DIAMOND POCKET BOOKS,SKANDGUPT-JAISHANKER PRASAD-DIAMOND POCKET BOOKS,SKANDGUPT-JAISHANKER PRASAD,DIAMOND POCKET BOOKS DELHI,,,,1988,,122,,,,,,,,,,,,,,,,,,,,,,,,,,,,,,,,,,,,,,,,,,,,,,,,,,,,,0
2019-06-01,515,0,0,"BHATTACHARYA,SACHINANDA","BHARTIYE ITIHAAS KOSH-BHATTACHARYA,SACHINANDA",BHARTIYE ITIHAAS KOSH,HINDI SANSTHAN U.P.,,,,2001,,527,,,,,,,,,,,,,,,,,,,,,,,,,,,,,,,,,,,,,,,,,,,,,,,,,,,,,0
2019-06-01,518,0,0,BHAGWATI LAL,UJJYINI AUR MAHAKAAL-BHAGWATI LAL,UJJYINI AUR MAHAKAAL,PRACHYA NIKETAN UJJAIN,,,,1992,,176,,,,,,,,,,,,,,,,,,,,,,,,,,,,,,,,,,,,,,,,,,,,,,,,,,,,,0
2019-06-01,521,0,0,DAVES COLLIN,HISTORICAL ATLES OF THE INDIAN PENISULA-DAVES COLLIN,HISTORICAL ATLES OF THE INDIAN PENISULA,OXFORD UNIVERSITY PRESS,,,,1959,,94,,,,,,,,,,,,,,,,,,,,,,,,,,,,,,,,,,,,,,,,,,,,,,,,,,,,,0
2019-06-01,526,0,0,"TRILOK,UMA (SAMPADAK)","KHATO KA SAFERNAMA-AMRATAPRITAM AUR IMROZ-TRILOK,UMA (SAMPADAK)",KHATO KA SAFERNAMA-AMRATAPRITAM AUR IMROZ,HIND POCKET BOOKS DELHI,,,,2011,,214,,,,,,,,,,,,,,,,,,,,,,,,,,,,,,,,,,,,,,,,,,,,,,,,,,,,,0
2019-06-01,529,0,0,SUCHNA AVOM JANSAMPARK VIBHAG U.P.,NAYA DAUR (AVADH ANK)-SUCHNA AVOM JANSAMPARK VIBHAG U.P.,NAYA DAUR (AVADH ANK),SUCHNA AVOM JANSAMPARK VIBHAG U.P.,,,,,,224,,,,,,,,,,,,,,,,,,,,,,,,,,,,,,,,,,,,,,,,,,,,,,,,,,,,,0
2019-06-01,530,0,0,SHIV KHEDA,JEET AAPKI-SHIV KHEDA,JEET AAPKI,PHOOL CIRCLE DELHI,,,,2000,,348,,,,,,,,,,,,,,,,,,,,,,,,,,,,,,,,,,,,,,,,,,,,,,,,,,,,,0
2019-06-01,533,0,0,"SINGH,RAMLAKHAN","DUDHWA RASHTRIYA UDDHYAN-SINGH,RAMLAKHAN",DUDHWA RASHTRIYA UDDHYAN,BISON SINGH MAHENDRA PAL SINGH DEHRADUN,,,,2003,,144,,,,,,,,,,,,,,,,,,,,,,,,,,,,,,,,,,,,,,,,,,,,,,,,,,,,,0
2019-06-01,535,0,0,OJHA GAURISHANKER HIRACHAND,UDAIPUR RAJYA KA ITIHAAS - PRATHAM KHAND-OJHA GAURISHANKER HIRACHAND,UDAIPUR RAJYA KA ITIHAAS - PRATHAM KHAND,RAJASTHANI GRANTHGAAR JODHPUR,,,,1997,,509,,,,,,,,,,,,,,,,,,,,,,,,,,,,,,,,,,,,,,,,,,,,,,,,,,,,,0
2019-06-01,541,0,0,LOKBHARTI PRAKASHAN,RASHMIRATHI-RAMDHARI SINGH DINKAR-LOKBHARTI PRAKASHAN,RASHMIRATHI-RAMDHARI SINGH DINKAR,"LOKBHARTI,ALLAHABAD",,,,1995,,139,,,,,,,,,,,,,,,,,,,,,,,,,,,,,,,,,,,,,,,,,,,,,,,,,,,,,0
2019-06-01,547,0,0,"VANG,ABHAY","HRIDAY ROG SE MUKTI-ATMKATHA-VANG,ABHAY",HRIDAY ROG SE MUKTI-ATMKATHA,"RAJKAMAL,DELHI",,,,2013,,239,,,,,,,,,,,,,,,,,,,,,,,,,,,,,,,,,,,,,,,,,,,,,,,,,,,,,0
2019-06-01,552,0,0,"SHAHI,SHASHIKALA","GHARELOO BAGWANI KAISE KAREIN-SHAHI,SHASHIKALA",GHARELOO BAGWANI KAISE KAREIN,"DIAMOND POCKET BOOKS,DELHI",,,,,,188,,,,,,,,,,,,,,,,,,,,,,,,,,,,,,,,,,,,,,,,,,,,,,,,,,,,,0
2019-06-01,556,0,0,"SHANKDHAR,N.K.","MADHUMEH-SHANKDHAR,N.K.",MADHUMEH,"L.K.DIABETIC CENTRE,LUCKNOW",,,,1990,,179,,,,,,,,,,,,,,,,,,,,,,,,,,,,,,,,,,,,,,,,,,,,,,,,,,,,,0
2019-06-01,559,0,0,"PANDEY,RAMTEJ","NAARI DHARMSHASHTRA-PANDEY,RAMTEJ",NAARI DHARMSHASHTRA,BHARGAVA PUSTAKALAYA BANARAS,,,,,,319,,,,,,,,,,,,,,,,,,,,,,,,,,,,,,,,,,,,,,,,,,,,,,,,,,,,,0
2019-06-01,564,0,0,"GARG,S.K.","PHOOL AUR TARKARIYON KA SARAKSHAN-GARG,S.K.",PHOOL AUR TARKARIYON KA SARAKSHAN,"KADAMBANI,DELHI",,,,1995,,64,,,,,,,,,,,,,,,,,,,,,,,,,,,,,,,,,,,,,,,,,,,,,,,,,,,,,0
2019-06-01,567,0,0,NEETA PRAKASHAN,SANSKRIT SAURABH BHAG-2-NEETA PRAKASHAN,SANSKRIT SAURABH BHAG-2,NEETA PRAKASHN,,,,1993,,128,,,,,,,,,,,,,,,,,,,,,,,,,,,,,,,,,,,,,,,,,,,,,,,,,,,,,0
2019-06-01,572,0,0,"BHARDWAJ,VANMALI","MILIND MITRAM-BHARDWAJ,VANMALI",MILIND MITRAM,"HINDI PRACHAR SABHA,MATHURA",,,,1964,,60,,,,,,,,,,,,,,,,,,,,,,,,,,,,,,,,,,,,,,,,,,,,,,,,,,,,,0
2019-06-01,578,0,0,"DHARMRAKSHIT,BHIKSHU","KALAM GANTANTRA KA KESHPUTRA-DHARMRAKSHIT,BHIKSHU",KALAM GANTANTRA KA KESHPUTRA,"BHIKSHU SUGTANAND,PRATAPGARH",,,,1969,,52,,,,,,,,,,,,,,,,,,,,,,,,,,,,,,,,,,,,,,,,,,,,,,,,,,,,,0
2019-06-01,584,0,0,AYODHYA SHODH SANSTHAN,SAKSHI-DESH KI PARAMPARIK LOK SHAILIYON MEIN RAM KATHA PAR EKARG-AYODHYA SHODH SANSTHAN,SAKSHI-DESH KI PARAMPARIK LOK SHAILIYON MEIN RAM KATHA PAR EKARG,"AYODHYA SHODH SANSTHAN,FAIZABAD",,,,2009,,119,,,,,,,,,,,,,,,,,,,,,,,,,,,,,,,,,,,,,,,,,,,,,,,,,,,,,0
2019-06-01,587,0,0,CHATUR  ACHARYA,DEVANGANA-CHATUR  ACHARYA,DEVANGANA,RAJPAL PRAKASHAN DELHI,,,,2017,,128,,,,,,,,,,,,,,,,,,,,,,,,,,,,,,,,,,,,,,,,,,,,,,,,,,,,,0
2019-06-01,588,0,0,"VERMA,BHAGWATICHARAN","MERI PRIY KAHANIYA-VERMA,BHAGWATICHARAN",MERI PRIY KAHANIYA,RAJPAL PRAKASHAN DELHI,,,,2012,,128,,,,,,,,,,,,,,,,,,,,,,,,,,,,,,,,,,,,,,,,,,,,,,,,,,,,,0
2019-06-01,602,0,0,"PANDEY,SHYAMNARAYAN","HALDI GHATI-PANDEY,SHYAMNARAYAN",HALDI GHATI,INDIAN PRESS ALLAHABAD,,,,1992,,202,,,,,,,,,,,,,,,,,,,,,,,,,,,,,,,,,,,,,,,,,,,,,,,,,,,,,0
2019-06-01,610,0,0,SWAMI AKHANDANAND SARASWATI,SATI DROWPADI-SWAMI AKHANDANAND SARASWATI,SATI DROWPADI,"GEETA PRESS,GORAKHPUR",,,,,,128,,,,,,,,,,,,,,,,,,,,,,,,,,,,,,,,,,,,,,,,,,,,,,,,,,,,,0
2019-06-01,615,0,0,GAUTAM CHAMANLAL (SAMPADAK),PODASH SANSKAR PADDHATI-GAUTAM CHAMANLAL (SAMPADAK),PODASH SANSKAR PADDHATI,SANSKRIT SANSTHAN BARELLY,,,,2010,,270,,,,,,,,,,,,,,,,,,,,,,,,,,,,,,,,,,,,,,,,,,,,,,,,,,,,,0
2019-06-01,618,0,0,"TRIPATHI,SHREEPRAKASH MANI","SAMKALEEN RAJNITIK CHINTAN-TRIPATHI,SHREEPRAKASH MANI",SAMKALEEN RAJNITIK CHINTAN,PRATYUSH PUBLICATION DELHI,,,,2013,,613,,,,,,,,,,,,,,,,,,,,,,,,,,,,,,,,,,,,,,,,,,,,,,,,,,,,,0
2019-06-01,622,0,0,"U.P.SHAHSHAN,VITT VIBHAG","SEVA NIVRATTI LABH AVOM PARIVARIK PENSION YOJNA NIYAM ADHESH SANKALAN-U.P.SHAHSHAN,VITT VIBHAG",SEVA NIVRATTI LABH AVOM PARIVARIK PENSION YOJNA NIYAM ADHESH SANKALAN,U.P.SHAHSHAN,,,,1993,,127,,,,,,,,,,,,,,,,,,,,,,,,,,,,,,,,,,,,,,,,,,,,,,,,,,,,,0
2019-06-01,623,0,0,"MISHRA,TRINATH","POLICE NIYUKTI SIDDHANT AVOM VYAVHAR-MISHRA,TRINATH",POLICE NIYUKTI SIDDHANT AVOM VYAVHAR,POLICE TRAINNING COLLEGE MURADABAD,,,,,,162,,,,,,,,,,,,,,,,,,,,,,,,,,,,,,,,,,,,,,,,,,,,,,,,,,,,,0
2019-06-01,631,0,0,SURESH KANT,VISHWA PRASHID KAHANIYAAN-SURESH KANT,VISHWA PRASHID KAHANIYAAN,GRANTH ACADEMY DELHI,,,,1986,,80,,,,,,,,,,,,,,,,,,,,,,,,,,,,,,,,,,,,,,,,,,,,,,,,,,,,,0
2019-06-01,635,0,0,"WELLS,H.G.","THE INVISBLE MAN-WELLS,H.G.",THE INVISBLE MAN,VIKAS PUB.HOUSE,,,,1998,,114,,,,,,,,,,,,,,,,,,,,,,,,,,,,,,,,,,,,,,,,,,,,,,,,,,,,,0
2019-06-01,642,0,0,"ASTHANA,B.P.(ED)","SELECTED EASSYS FROM SPECTATOR-ASTHANA,B.P.(ED)",SELECTED EASSYS FROM SPECTATOR,SAHITY BHANDAR MEERUT,,,,,,332,,,,,,,,,,,,,,,,,,,,,,,,,,,,,,,,,,,,,,,,,,,,,,,,,,,,,0
2019-06-01,646,0,0,TRILOK NATH,THE POLICE PROBLEM-TRILOK NATH,THE POLICE PROBLEM,VISION BOOKS N.D.,,,,1983,,164,,,,,,,,,,,,,,,,,,,,,,,,,,,,,,,,,,,,,,,,,,,,,,,,,,,,,0
2019-06-01,647,0,0,"ROBERT,G.D","SHANTARAM-ROBERT,G.D",SHANTARAM,ABACUS LONDAN,,,,2003,,933,,,,,,,,,,,,,,,,,,,,,,,,,,,,,,,,,,,,,,,,,,,,,,,,,,,,,0
2019-06-01,650,0,0,"PANKAV,YU","POLITICAL TERRORISM AN INDICTMENT OF IMPERCALISM-PANKAV,YU",POLITICAL TERRORISM AN INDICTMENT OF IMPERCALISM,PROGRESSPUB MASCOV,,,,1983,,279,,,,,,,,,,,,,,,,,,,,,,,,,,,,,,,,,,,,,,,,,,,,,,,,,,,,,0
2019-06-01,653,0,0,HARWARD PETER,MISTAKES TO AVOID IN ENGLISH-HARWARD PETER,MISTAKES TO AVOID IN ENGLISH,ORINT LONGMAN,,,,2001,,68,,,,,,,,,,,,,,,,,,,,,,,,,,,,,,,,,,,,,,,,,,,,,,,,,,,,,0
2019-06-01,655,0,0,HARWARD PETER,PERFECT YOUR PUNCTUATION-HARWARD PETER,PERFECT YOUR PUNCTUATION,ORINT LONGMAN,,,,2004,,49,,,,,,,,,,,,,,,,,,,,,,,,,,,,,,,,,,,,,,,,,,,,,,,,,,,,,0
2019-06-01,657,0,0,SWAMI SIVANAND,THOUGHT POWER-SWAMI SIVANAND,THOUGHT POWER,DEVINE LIFE SOCIETY TEHRIGARWAL,,,,2002,,118,,,,,,,,,,,,,,,,,,,,,,,,,,,,,,,,,,,,,,,,,,,,,,,,,,,,,0
2019-06-01,659,0,0,CAPTAIN MARRYAT,MASTERMAN READY-CAPTAIN MARRYAT,MASTERMAN READY,BLOOMSBURY BOOKS,,,,1994,,256,,,,,,,,,,,,,,,,,,,,,,,,,,,,,,,,,,,,,,,,,,,,,,,,,,,,,0
2019-06-01,662,0,0,"WORD,A.C. ED.","CANDIDA BY BERNARD SHOW-WORD,A.C. ED.",CANDIDA BY BERNARD SHOW,ORINT LONGMAN,,,,1975,,119,,,,,,,,,,,,,,,,,,,,,,,,,,,,,,,,,,,,,,,,,,,,,,,,,,,,,0
2019-06-01,668,0,0,PANDIT VIVEK,BY MISTAKE-PANDIT VIVEK,BY MISTAKE,NAIL ROAD LUCK,,,,2012,,223,,,,,,,,,,,,,,,,,,,,,,,,,,,,,,,,,,,,,,,,,,,,,,,,,,,,,0
2019-06-01,669,0,0,BOND RUSKIN,A GATHERRING OF FRIENDS-BOND RUSKIN,A GATHERRING OF FRIENDS,A LOT BOOK COMPANY N.D,,,,2015,,244,,,,,,,,,,,,,,,,,,,,,,,,,,,,,,,,,,,,,,,,,,,,,,,,,,,,,0
2019-06-01,672,0,0,BONSON G.R.,ABRAHAM LINCOLAN -A COMPLETE BIOGRAPHY-BONSON G.R.,ABRAHAM LINCOLAN -A COMPLETE BIOGRAPHY,LEXICON BOOK DELHI,,,,2009,,460,,,,,,,,,,,,,,,,,,,,,,,,,,,,,,,,,,,,,,,,,,,,,,,,,,,,,0
2019-06-01,673,0,0,LAWE NORMAN,MASTERING MODERN WORLD HISTORY-LAWE NORMAN,MASTERING MODERN WORLD HISTORY,MACMILLAN INDIA DELHI,,,,2000,,522,,,,,,,,,,,,,,,,,,,,,,,,,,,,,,,,,,,,,,,,,,,,,,,,,,,,,0
2019-06-01,680,0,0,"NICHOLSON,JOYCE","SMASH HIT PARTY GAMES-NICHOLSON,JOYCE",SMASH HIT PARTY GAMES,CLARION,,,,,,255,,,,,,,,,,,,,,,,,,,,,,,,,,,,,,,,,,,,,,,,,,,,,,,,,,,,,0
2019-06-01,682,0,0,"BHAGAT,CHETAN","THE THREE MISTAKES OF MY LIFE-BHAGAT,CHETAN",THE THREE MISTAKES OF MY LIFE,RUPA PUBLICATION NEW DELHI,,,,2008,,257,,,,,,,,,,,,,,,,,,,,,,,,,,,,,,,,,,,,,,,,,,,,,,,,,,,,,0
2019-06-01,685,0,0,"AGARWAL,U.C ED.","THE INDIAN JOURNAL OF PUBLIC ADMINISTRATION-AGARWAL,U.C ED.",THE INDIAN JOURNAL OF PUBLIC ADMINISTRATION,INDIAN JOURNAL PUB.ADMIN.NEW DELHI,,,,2003,,678,,,,,,,,,,,,,,,,,,,,,,,,,,,,,,,,,,,,,,,,,,,,,,,,,,,,,0
2019-06-01,686,0,0,READER DIGEST,FAMILY WORD FINDER-READER DIGEST,FAMILY WORD FINDER,READER DIGEST CANADA,,,,1975,,896,,,,,,,,,,,,,,,,,,,,,,,,,,,,,,,,,,,,,,,,,,,,,,,,,,,,,0
2019-06-01,689,0,0,"RAMESON,N.","THE TERUMALA TEMPLE-RAMESON,N.",THE TERUMALA TEMPLE,TIRUMALA TRIPATI DEVAS THANAMS,,,,2004,,608,,,,,,,,,,,,,,,,,,,,,,,,,,,,,,,,,,,,,,,,,,,,,,,,,,,,,0
2019-06-01,693,0,0,"EPLEY,NICHOLAS","MIND WISE-EPLEY,NICHOLAS",MIND WISE,PENGUIN BOOKS N.D.,,,,2014,,242,,,,,,,,,,,,,,,,,,,,,,,,,,,,,,,,,,,,,,,,,,,,,,,,,,,,,0
2019-06-01,694,0,0,JASWANT SINGH,JINNAH - INDIA-PARTITION-INDEPENDENCE-JASWANT SINGH,JINNAH - INDIA-PARTITION-INDEPENDENCE,RUPA PUBLICATION NEW DELHI,,,,2009,,669,,,,,,,,,,,,,,,,,,,,,,,,,,,,,,,,,,,,,,,,,,,,,,,,,,,,,0
2019-06-01,701,0,0,ABID HUSSAIN.S,THE NATIONAL CALTURE OF INDIA-ABID HUSSAIN.S,THE NATIONAL CALTURE OF INDIA,NATIONAL BOOK TRUST N.D,,,,2005,,181,,,,,,,,,,,,,,,,,,,,,,,,,,,,,,,,,,,,,,,,,,,,,,,,,,,,,0
2019-06-01,703,0,0,VASUDEV UMA,TWO FACES OF INDIRA GANDHI-VASUDEV UMA,TWO FACES OF INDIRA GANDHI,VIKAS PUB.HOUSE,,,,1977,,208,,,,,,,,,,,,,,,,,,,,,,,,,,,,,,,,,,,,,,,,,,,,,,,,,,,,,0
2019-06-01,707,0,0,"DARIAN,STEVEN G.","THE GANGAS IN MYTH AND HISTORY-DARIAN,STEVEN G.",THE GANGAS IN MYTH AND HISTORY,UNIVERSITY PRESS HAWAI,,,,1979,,219,,,,,,,,,,,,,,,,,,,,,,,,,,,,,,,,,,,,,,,,,,,,,,,,,,,,,0
2019-06-01,709,0,0,MAHADEV VIDHYA DHAR,THE NATIONALIST MIVEMENT IN INDIA-MAHADEV VIDHYA DHAR,THE NATIONALIST MIVEMENT IN INDIA,STERLING PUBS NEW DELHI,,,,1976,,428,,,,,,,,,,,,,,,,,,,,,,,,,,,,,,,,,,,,,,,,,,,,,,,,,,,,,0
2019-06-01,713,0,0,MATHAI.M.O.,REMINISCENCAS OF NEHRU AGE-MATHAI.M.O.,REMINISCENCAS OF NEHRU AGE,VIKAS PUB.HOUSE,,,,1978,,299,,,,,,,,,,,,,,,,,,,,,,,,,,,,,,,,,,,,,,,,,,,,,,,,,,,,,0
2019-06-01,715,0,0,"SMITH, VINCANT A","THE OXFORD HISTORY OF INDIA-SMITH, VINCANT A",THE OXFORD HISTORY OF INDIA,OXFORD UNIVERSITY PRESS,,,,1974,,895,,,,,,,,,,,,,,,,,,,,,,,,,,,,,,,,,,,,,,,,,,,,,,,,,,,,,0
2019-06-01,732,0,0,SINGH DHANANJAYA,THE HOUSE OF MARWAR-SINGH DHANANJAYA,THE HOUSE OF MARWAR,LOTUS COLLECTION NEW DELHI,,,,1996,,222,,,,,,,,,,,,,,,,,,,,,,,,,,,,,,,,,,,,,,,,,,,,,,,,,,,,,0
2019-06-01,736,0,0,CHAUDHARI. NIRAD C.,THE AUTOBIOGRAPHY OF UNKNOWN INDIAN-CHAUDHARI. NIRAD C.,THE AUTOBIOGRAPHY OF UNKNOWN INDIAN,JAICO PUB HOUSE DELHI,,,,1997,,479,,,,,,,,,,,,,,,,,,,,,,,,,,,,,,,,,,,,,,,,,,,,,,,,,,,,,0
2019-06-01,739,0,0,"DALRUMPLE , WILLIAM","CITY OF DJINNS : A YEAR IN DELHI-DALRUMPLE , WILLIAM",CITY OF DJINNS : A YEAR IN DELHI,PENGUIN BOOKS N.D.,,,,1993,,350,,,,,,,,,,,,,,,,,,,,,,,,,,,,,,,,,,,,,,,,,,,,,,,,,,,,,0
2019-06-01,741,0,0,EVANS IFORE,A SHORT HISTORY OF ENGLISH LITETURE-EVANS IFORE,A SHORT HISTORY OF ENGLISH LITETURE,PENGUIN BOOKS N.D.,,,,1970,,364,,,,,,,,,,,,,,,,,,,,,,,,,,,,,,,,,,,,,,,,,,,,,,,,,,,,,0
2019-06-01,748,0,0,DODELLI ROLF,THE ART OF THINKING CLEARLY-DODELLI ROLF,THE ART OF THINKING CLEARLY,HODDLER AND STOUGHTAS LONDAN,,,,2013,,326,,,,,,,,,,,,,,,,,,,,,,,,,,,,,,,,,,,,,,,,,,,,,,,,,,,,,0
2019-06-01,755,0,0,TURGENER I.S.,THREE SHORT NOVELS-TURGENER I.S.,THREE SHORT NOVELS,FOREPH LANGUAGE PUB.HOUSE MOSCOV,,,,,,304,,,,,,,,,,,,,,,,,,,,,,,,,,,,,,,,,,,,,,,,,,,,,,,,,,,,,0
2019-06-01,760,0,0,MACLEAN ALISTAIR,WHERE EAQLA DARE-MACLEAN ALISTAIR,WHERE EAQLA DARE,HARPER COLLINS INDIA,,,,2004,,343,,,,,,,,,,,,,,,,,,,,,,,,,,,,,,,,,,,,,,,,,,,,,,,,,,,,,0
2019-06-01,764,0,0,"NAPOLIAN,HILL","THINK AND GROW RICH-NAPOLIAN,HILL",THINK AND GROW RICH,D.B.TARAPOREVALU AND SONS BOMBEY,,,,1970,,254,,,,,,,,,,,,,,,,,,,,,,,,,,,,,,,,,,,,,,,,,,,,,,,,,,,,,0
2019-06-01,768,0,0,VIKRAM CHANDRA,RED EARTH AND POURING RAIN-VIKRAM CHANDRA,RED EARTH AND POURING RAIN,VIKAS PUB.HOUSE,,,,1995,,520,,,,,,,,,,,,,,,,,,,,,,,,,,,,,,,,,,,,,,,,,,,,,,,,,,,,,0
2019-06-01,774,0,0,ADVAITA ASHRAMA,LETTERS OF SWAMI VIVEKANAND-ADVAITA ASHRAMA,LETTERS OF SWAMI VIVEKANAND,ADVIATA SHARAM CALCUTTA,,,,2000,,463,,,,,,,,,,,,,,,,,,,,,,,,,,,,,,,,,,,,,,,,,,,,,,,,,,,,,0
2019-06-01,779,0,0,"STINE,R.L.","GIVE YOURSELF GOOSEBUMPS-STINE,R.L.",GIVE YOURSELF GOOSEBUMPS,SCHOLASTIC LINE NEW YORK,,,,2000,,137,,,,,,,,,,,,,,,,,,,,,,,,,,,,,,,,,,,,,,,,,,,,,,,,,,,,,0
2019-06-01,789,0,0,"BLYTON,ENID","THE MYSTRY OF THE MAGIC CIRCLE-BLYTON,ENID",THE MYSTRY OF THE MAGIC CIRCLE,BASIL BLACKWELL U.K.,,,,1995,,464,,,,,,,,,,,,,,,,,,,,,,,,,,,,,,,,,,,,,,,,,,,,,,,,,,,,,0
2019-06-01,793,0,0,"BLYTON,ENID","THE MAGICAL ADVENTURES OF THE WISHING CHAIR-BLYTON,ENID",THE MAGICAL ADVENTURES OF THE WISHING CHAIR,MANWORTH,,,,1992,,367,,,,,,,,,,,,,,,,,,,,,,,,,,,,,,,,,,,,,,,,,,,,,,,,,,,,,0
2019-06-01,794,0,0,"BLYTON,ENID","FINE GO ADVENTURING AGAIN-BLYTON,ENID",FINE GO ADVENTURING AGAIN,HODDAR R. STOUGHTAN G.BRITAIN,,,,1991,,156,,,,,,,,,,,,,,,,,,,,,,,,,,,,,,,,,,,,,,,,,,,,,,,,,,,,,0
2019-06-01,797,0,0,"BLYTON,ENID","SECRET SEVEN ON THE TRAIL-BLYTON,ENID",SECRET SEVEN ON THE TRAIL,HODDAR R. STOUGHTAN G.BRITAIN,,,,1992,,111,,,,,,,,,,,,,,,,,,,,,,,,,,,,,,,,,,,,,,,,,,,,,,,,,,,,,0
2019-06-01,799,0,0,"BLYTON,ENID","SECRECT-SEVEN FIREWORKS-BLYTON,ENID",SECRECT-SEVEN FIREWORKS,HODDAR R. STOUGHTAN G.BRITAIN,,,,1992,,121,,,,,,,,,,,,,,,,,,,,,,,,,,,,,,,,,,,,,,,,,,,,,,,,,,,,,0
2019-06-01,805,0,0,"BLYTON,ENID","THE SQUIRREL AND PIXIL-BLYTON,ENID",THE SQUIRREL AND PIXIL,AWARD PUBLICATION LTD LONDAN,,,,1994,,,,,,,,,,,,,,,,,,,,,,,,,,,,,,,,,,,,,,,,,,,,,,,,,,,,,,,0
2019-06-01,807,0,0,"BLYTON,ENID","THE VALLAY IF ADVENTURE-BLYTON,ENID",THE VALLAY IF ADVENTURE,MCMILLAN,,,,1988,,201,,,,,,,,,,,,,,,,,,,,,,,,,,,,,,,,,,,,,,,,,,,,,,,,,,,,,0
2019-06-01,809,0,0,"BLYTON,ENID","HEDGEROUR TALES-BLYTON,ENID",HEDGEROUR TALES,RED FOX LONDAN,,,,1992,,118,,,,,,,,,,,,,,,,,,,,,,,,,,,,,,,,,,,,,,,,,,,,,,,,,,,,,0
2019-06-01,812,0,0,"BLYTON,ENID","SEVENTH BED TIME BOOK-BLYTON,ENID",SEVENTH BED TIME BOOK,ARMADA WARPER COLLINS,,,,1988,,127,,,,,,,,,,,,,,,,,,,,,,,,,,,,,,,,,,,,,,,,,,,,,,,,,,,,,0
2019-06-01,818,0,0,"BLYTON,ENID","FINE O CLOCK TALES-BLYTON,ENID",FINE O CLOCK TALES,MOMMOTH LONDAN,,,,1996,,152,,,,,,,,,,,,,,,,,,,,,,,,,,,,,,,,,,,,,,,,,,,,,,,,,,,,,0
2019-06-01,823,0,0,"BLYTON,ENID","THREE GREAT SECRET STORIES-BLYTON,ENID",THREE GREAT SECRET STORIES,COLLINS HARPER PUB.,,,,1995,,326,,,,,,,,,,,,,,,,,,,,,,,,,,,,,,,,,,,,,,,,,,,,,,,,,,,,,0
2019-06-01,826,0,0,"BLYTON,ENID","MYSTRY : THE RAT A TAT MYSTERY-BLYTON,ENID",MYSTRY : THE RAT A TAT MYSTERY,HARPER COLLINS INDIA,,,,,,155,,,,,,,,,,,,,,,,,,,,,,,,,,,,,,,,,,,,,,,,,,,,,,,,,,,,,0
2019-06-01,829,0,0,"LOURIE,JOHN","DON'T LET GO-LOURIE,JOHN",DON'T LET GO,BANTAM BOOK NEW YORK,,,,1999,,231,,,,,,,,,,,,,,,,,,,,,,,,,,,,,,,,,,,,,,,,,,,,,,,,,,,,,0
2019-06-01,832,0,0,"KEENE,CAROLYN","NANCY DREW : THE CASE OF THE FLOOTING CRIME FILES-120-KEENE,CAROLYN",NANCY DREW : THE CASE OF THE FLOOTING CRIME FILES-120,POCKET BOOKS NEW YORK,,,,1994,,151,,,,,,,,,,,,,,,,,,,,,,,,,,,,,,,,,,,,,,,,,,,,,,,,,,,,,0
2019-06-01,835,0,0,"KEENE,CAROLYN","NANCY DREW : 95 AN INSTINCT FOR TROUBLE-KEENE,CAROLYN",NANCY DREW : 95 AN INSTINCT FOR TROUBLE,POCKET BOOKS NEW YORK,,,,1994,,150,,,,,,,,,,,,,,,,,,,,,,,,,,,,,,,,,,,,,,,,,,,,,,,,,,,,,0
2019-06-01,836,0,0,"KEENE,CAROLYN","NANCY DREW : 50 DEEP SECRETS-KEENE,CAROLYN",NANCY DREW : 50 DEEP SECRETS,POCKET BOOKS NEW YORK,,,,1990,,150,,,,,,,,,,,,,,,,,,,,,,,,,,,,,,,,,,,,,,,,,,,,,,,,,,,,,0
2019-06-01,841,0,0,"DIXON,FRANKLIN W","THE HARDY BOYS: THE CRISS CROSS SHADOW-DIXON,FRANKLIN W",THE HARDY BOYS: THE CRISS CROSS SHADOW,DIAMOND BOOKS LONDAN,,,,1993,,160,,,,,,,,,,,,,,,,,,,,,,,,,,,,,,,,,,,,,,,,,,,,,,,,,,,,,0
2019-06-01,845,0,0,"DIXON,FRANKLIN W","THE HARDY BOYS: 172 TROUBLE IN WRAP SPACE-DIXON,FRANKLIN W",THE HARDY BOYS: 172 TROUBLE IN WRAP SPACE,ALADIN PAPERBACK NEW YORK,,,,2002,,151,,,,,,,,,,,,,,,,,,,,,,,,,,,,,,,,,,,,,,,,,,,,,,,,,,,,,0
2019-06-01,849,0,0,"CAREY, M.V.","THE MYSTERY OF THE FLEAMING FOOTPRINTS -CAREY, M.V.",THE MYSTERY OF THE FLEAMING FOOTPRINTS,WILLIAM COLLINS ARMADA,,,,1988,,158,,,,,,,,,,,,,,,,,,,,,,,,,,,,,,,,,,,,,,,,,,,,,,,,,,,,,0
2019-06-01,854,0,0,"DEFOE,DANIAL","ROBINSON CRUSOE-DEFOE,DANIAL",ROBINSON CRUSOE,BELTER YOURSELF BOOK BAMBAY,,,,1995,,100,,,,,,,,,,,,,,,,,,,,,,,,,,,,,,,,,,,,,,,,,,,,,,,,,,,,,0
2019-06-01,857,0,0,UBS PUBLISHERS,ROBIN HOOD-UBS PUBLISHERS,ROBIN HOOD,UBSPD N.D,,,,,,58,,,,,,,,,,,,,,,,,,,,,,,,,,,,,,,,,,,,,,,,,,,,,,,,,,,,,0
2019-06-01,862,0,0,CHARLES DICKENS,GREAT STORIES : OLIVER TWIST-CHARLES DICKENS,GREAT STORIES : OLIVER TWIST,S.CHAND AND COMPANY NEW DELHI,,,,,,98,,,,,,,,,,,,,,,,,,,,,,,,,,,,,,,,,,,,,,,,,,,,,,,,,,,,,0
2019-06-01,864,0,0,"GEORGE,CATHERINE","THE SECOND BRIDE-GEORGE,CATHERINE",THE SECOND BRIDE,MILLS AND BOOM G.BRITAIN,,,,1997,,186,,,,,,,,,,,,,,,,,,,,,,,,,,,,,,,,,,,,,,,,,,,,,,,,,,,,,0
2019-06-01,867,0,0,"BAKER,D.V. ED.","WRITERS OF TO-DAY-BAKER,D.V. ED.",WRITERS OF TO-DAY,SIDGWRICK AND JACKSON,,,,1946,,169,,,,,,,,,,,,,,,,,,,,,,,,,,,,,,,,,,,,,,,,,,,,,,,,,,,,,0
2019-06-01,871,0,0,UBS PUBLISHERS,JUNGLE BOOK-UBS PUBLISHERS,JUNGLE BOOK,UBSPD N.D,,,,,,61,,,,,,,,,,,,,,,,,,,,,,,,,,,,,,,,,,,,,,,,,,,,,,,,,,,,,0
2019-06-01,872,0,0,"PYLE , HOWARD","TALES OF ROBBIN HOOD-PYLE , HOWARD",TALES OF ROBBIN HOOD,BOOK PALACE DELHI,,,,,,77,,,,,,,,,,,,,,,,,,,,,,,,,,,,,,,,,,,,,,,,,,,,,,,,,,,,,0
2019-06-01,876,0,0,"COLLINS , LORRY","FREEDOM AT - MID NIGHT-COLLINS , LORRY",FREEDOM AT - MID NIGHT,VIKAS PUB.HOUSE,,,,1976,,500,,,,,,,,,,,,,,,,,,,,,,,,,,,,,,,,,,,,,,,,,,,,,,,,,,,,,0
2019-06-01,888,0,0,"KAZMIEREZAK , KRYS","BIRDS OF THE INDIAN SUBCONTINENTAL-KAZMIEREZAK , KRYS",BIRDS OF THE INDIAN SUBCONTINENTAL,BLOOMSBURY BOOKS,,,,2015,,352,,,,,,,,,,,,,,,,,,,,,,,,,,,,,,,,,,,,,,,,,,,,,,,,,,,,,0
2019-06-01,892,0,0,KHUSHWANT SINGH,MY BLEEDING PUBJAB-KHUSHWANT SINGH,MY BLEEDING PUBJAB,UBSPD N.D,,,,1992,,164,,,,,,,,,,,,,,,,,,,,,,,,,,,,,,,,,,,,,,,,,,,,,,,,,,,,,0
2019-06-01,895,0,0,"SINGH ,T","A HISTORY OF ENGLISH LITRATURE-SINGH ,T",A HISTORY OF ENGLISH LITRATURE,STUDENT STORE DELHI,,,,1993,,655,,,,,,,,,,,,,,,,,,,,,,,,,,,,,,,,,,,,,,,,,,,,,,,,,,,,,0
2019-06-01,898,0,0,"KHANNA, M.L.","CAREER'S OBJECTIVE INDIAN HISTORY-KHANNA, M.L.",CAREER'S OBJECTIVE INDIAN HISTORY,BRIGHT CAREER INST.NEW DELHI,,,,1979,,400,,,,,,,,,,,,,,,,,,,,,,,,,,,,,,,,,,,,,,,,,,,,,,,,,,,,,0
2019-06-01,906,0,0,RUSKIN BOND,THE NIGHT TRAIN AT DEOLIAND OTHER STORIES-RUSKIN BOND,THE NIGHT TRAIN AT DEOLIAND OTHER STORIES,PENGUIN BOOKS N.D.,,,,1988,,245,,,,,,,,,,,,,,,,,,,,,,,,,,,,,,,,,,,,,,,,,,,,,,,,,,,,,0
2019-06-01,908,0,0,"KAWASAKI ,GUY","THE ART OF SOCIAL MEDIA-KAWASAKI ,GUY",THE ART OF SOCIAL MEDIA,PENGUIN BOOKS N.D.,,,,2014,,195,,,,,,,,,,,,,,,,,,,,,,,,,,,,,,,,,,,,,,,,,,,,,,,,,,,,,0
2019-06-01,919,0,0,"DURANT,WILL","THE STORIES OF PHILOSPHY-DURANT,WILL",THE STORIES OF PHILOSPHY,POCKET BOOKS NEW YORK,,,,2006,,704,,,,,,,,,,,,,,,,,,,,,,,,,,,,,,,,,,,,,,,,,,,,,,,,,,,,,0
2019-06-01,924,0,0,SRI KAINCHI HANUMAN MANDIR,MIRACLE OF LOVE STORY OF NEEM KAROLI-SRI KAINCHI HANUMAN MANDIR,MIRACLE OF LOVE STORY OF NEEM KAROLI,KANCHI HANUMAN MANDIR,,,,2015,,406,,,,,,,,,,,,,,,,,,,,,,,,,,,,,,,,,,,,,,,,,,,,,,,,,,,,,0
2019-06-01,928,0,0,MORO JAVIER,PASSION INDIA-MORO JAVIER,PASSION INDIA,FULL CIRCLE PUB.DELHI,,,,2006,,447,,,,,,,,,,,,,,,,,,,,,,,,,,,,,,,,,,,,,,,,,,,,,,,,,,,,,0
2019-06-01,931,0,0,AMISH,SCION OF IKSHVASU-AMISH,SCION OF IKSHVASU,WESTLAND LTD.CHENNAI,,,,2015,,354,,,,,,,,,,,,,,,,,,,,,,,,,,,,,,,,,,,,,,,,,,,,,,,,,,,,,0
2019-06-01,936,0,0,KAHNEMAN DANIEL,THINKING FAST AND SLOW-KAHNEMAN DANIEL,THINKING FAST AND SLOW,PENGUIN BOOKS N.D.,,,,2011,,499,,,,,,,,,,,,,,,,,,,,,,,,,,,,,,,,,,,,,,,,,,,,,,,,,,,,,0
2019-06-01,940,0,0,ABDUL KALAM A.P.J.,ADVANTAGE INDIA-ABDUL KALAM A.P.J.,ADVANTAGE INDIA,HARPER COLLINS INDIA,,,,2015,,203,,,,,,,,,,,,,,,,,,,,,,,,,,,,,,,,,,,,,,,,,,,,,,,,,,,,,0
2019-06-01,942,0,0,WODEHOUSE P.G,LEEVES TAKES CHARGE-WODEHOUSE P.G,LEEVES TAKES CHARGE,RUPA AND COMPANY,,,,1993,,227,,,,,,,,,,,,,,,,,,,,,,,,,,,,,,,,,,,,,,,,,,,,,,,,,,,,,0
2019-06-01,946,0,0,MACLEAN ALISTAIR,CIRCUS-MACLEAN ALISTAIR,CIRCUS,FARCAH PUB GREENWICH,,,,1975,,268,,,,,,,,,,,,,,,,,,,,,,,,,,,,,,,,,,,,,,,,,,,,,,,,,,,,,0
2019-06-01,949,0,0,CHEETHAM ERIKA ED.,THE FUTURE PROPHECIES OF NOSTRADAMUS-CHEETHAM ERIKA ED.,THE FUTURE PROPHECIES OF NOSTRADAMUS,CORGI BOOKS,,,,1988,,271,,,,,,,,,,,,,,,,,,,,,,,,,,,,,,,,,,,,,,,,,,,,,,,,,,,,,0
2019-06-01,950,0,0,BROWN DAN,THE DAVINCI CODE : A NOVEL-BROWN DAN,THE DAVINCI CODE : A NOVEL,DERUBLEDAY USA,,,,2003,,489,,,,,,,,,,,,,,,,,,,,,,,,,,,,,,,,,,,,,,,,,,,,,,,,,,,,,0
2019-06-01,953,0,0,ARCHER JEFFREY,THE PRODIGAL DAUGHTER-ARCHER JEFFREY,THE PRODIGAL DAUGHTER,PAN BOOKS,,,,2004,,464,,,,,,,,,,,,,,,,,,,,,,,,,,,,,,,,,,,,,,,,,,,,,,,,,,,,,0
2019-06-01,955,0,0,ARCHER JEFFREY,PATHS GLORY-ARCHER JEFFREY,PATHS GLORY,PAN BOOKS,,,,2009,,466,,,,,,,,,,,,,,,,,,,,,,,,,,,,,,,,,,,,,,,,,,,,,,,,,,,,,0
2019-06-01,957,0,0,MITCHEL MARGRET,GONE WITH THE WIND-MITCHEL MARGRET,GONE WITH THE WIND,WARNER BOOKS USA,,,,1993,,1024,,,,,,,,,,,,,,,,,,,,,,,,,,,,,,,,,,,,,,,,,,,,,,,,,,,,,0
2019-06-01,961,0,0,ALLEN JANE,HOW TO SOLVE YOUR PEOPLE PROBLEM-ALLEN JANE,HOW TO SOLVE YOUR PEOPLE PROBLEM,UNIVERSAL BOOK STALL N.D.,,,,1991,,152,,,,,,,,,,,,,,,,,,,,,,,,,,,,,,,,,,,,,,,,,,,,,,,,,,,,,0
2019-06-01,965,0,0,NATRAJAN V.S.,AMMA-NATRAJAN V.S.,AMMA,CHENNAI,,,,1997,,130,,,,,,,,,,,,,,,,,,,,,,,,,,,,,,,,,,,,,,,,,,,,,,,,,,,,,0
2019-06-01,970,0,0,RAMADORAI S,THE TCS STORY AND BEYOND-RAMADORAI S,THE TCS STORY AND BEYOND,PENGUIN BOOKS N.D.,,,,2013,,287,,,,,,,,,,,,,,,,,,,,,,,,,,,,,,,,,,,,,,,,,,,,,,,,,,,,,0
2019-06-01,971,0,0,PARKINSON NORTHCOTE,GREAT IDEAS IN MANAGEMENT-PARKINSON NORTHCOTE,GREAT IDEAS IN MANAGEMENT,INDIA BOOK HOUSE BOMBAY,,,,1989,,278,,,,,,,,,,,,,,,,,,,,,,,,,,,,,,,,,,,,,,,,,,,,,,,,,,,,,0
2019-06-01,974,0,0,GUHA RAM CHANDRA ED.,MAKERS OF MODERN INDIA-GUHA RAM CHANDRA ED.,MAKERS OF MODERN INDIA,PENGUIN BOOKS N.D.,,,,2012,,549,,,,,,,,,,,,,,,,,,,,,,,,,,,,,,,,,,,,,,,,,,,,,,,,,,,,,0
2019-06-01,976,0,0,PATTANAIK DECDUH,OLYMPUS : AN INDIAN RETELLING OF THE GREEK MYTH-PATTANAIK DECDUH,OLYMPUS : AN INDIAN RETELLING OF THE GREEK MYTH,PENGUIN BOOKS N.D.,,,,2016,,265,,,,,,,,,,,,,,,,,,,,,,,,,,,,,,,,,,,,,,,,,,,,,,,,,,,,,0
2019-06-01,979,0,0,OXFORD UNIVERSITY PRESS,THE JIM CORBETT OMNIBUS-OXFORD UNIVERSITY PRESS,THE JIM CORBETT OMNIBUS,OXFORD UNIVERSITY PRESS,,,,1998,,191,,,,,,,,,,,,,,,,,,,,,,,,,,,,,,,,,,,,,,,,,,,,,,,,,,,,,0
2019-06-01,982,0,0,ROSIEL LAWELLYN JOHNS,THE LAST KING IN INDIA : WAJID ALI SHAH-ROSIEL LAWELLYN JOHNS,THE LAST KING IN INDIA : WAJID ALI SHAH,RANDOM HOUSE LANDON,,,,2014,,314,,,,,,,,,,,,,,,,,,,,,,,,,,,,,,,,,,,,,,,,,,,,,,,,,,,,,0
2019-06-01,983,0,0,"THAROOR , SHASHI","AN ERA OF DARKNESS BRITISH EMPIRES IN INDIA-THAROOR , SHASHI",AN ERA OF DARKNESS BRITISH EMPIRES IN INDIA,RUPA AND COMPANY,,,,2016,,333,,,,,,,,,,,,,,,,,,,,,,,,,,,,,,,,,,,,,,,,,,,,,,,,,,,,,0
2019-06-01,996,0,0,TYLER ANNE,LOVE IN THE TIME OF CHOLERA-TYLER ANNE,LOVE IN THE TIME OF CHOLERA,PENGUIN BOOKS N.D.,,,,1989,,348,,,,,,,,,,,,,,,,,,,,,,,,,,,,,,,,,,,,,,,,,,,,,,,,,,,,,0
2019-06-01,1000,0,0,VIVA BOOK PVT LTD,WHAT NOT TO WRITE-VIVA BOOK PVT LTD,WHAT NOT TO WRITE,VIVA BOOKS PVT LTD NEW DELHI,,,,2006,,144,,,,,,,,,,,,,,,,,,,,,,,,,,,,,,,,,,,,,,,,,,,,,,,,,,,,,0
2019-06-01,1005,0,0,PALEY CHRIS,UNTHING-PALEY CHRIS,UNTHING,CORONET,,,,2014,,257,,,,,,,,,,,,,,,,,,,,,,,,,,,,,,,,,,,,,,,,,,,,,,,,,,,,,0
2019-06-01,1007,0,0,MACLEAN ALISTAIR,THE GUNS OF NAVARONE-MACLEAN ALISTAIR,THE GUNS OF NAVARONE,HARPER COLLINS INDIA,,,,2005,,410,,,,,,,,,,,,,,,,,,,,,,,,,,,,,,,,,,,,,,,,,,,,,,,,,,,,,0
2019-06-01,1011,0,0,PRABHUDESAI DEVENDRA,A BIOGRAPHY OF SUNIL MANOHAR GAVASKA-PRABHUDESAI DEVENDRA,A BIOGRAPHY OF SUNIL MANOHAR GAVASKA,RUPA AND COMPANY,,,,2009,,537,,,,,,,,,,,,,,,,,,,,,,,,,,,,,,,,,,,,,,,,,,,,,,,,,,,,,0
2019-06-01,1015,0,0,RASHID AHMED,DESENT INTO CHAOS-RASHID AHMED,DESENT INTO CHAOS,PENGUIN BOOKS N.D.,,,,2008,,484,,,,,,,,,,,,,,,,,,,,,,,,,,,,,,,,,,,,,,,,,,,,,,,,,,,,,0
2019-06-01,1022,0,0,DOCTOR ADI H,ESSAYS ON INDIAN POLICY-DOCTOR ADI H,ESSAYS ON INDIAN POLICY,NATIONAL PUBLICATION NEW DELHI,,,,1977,,127,,,,,,,,,,,,,,,,,,,,,,,,,,,,,,,,,,,,,,,,,,,,,,,,,,,,,0
2019-06-01,1025,0,0,SETHI J.D,GANDHI TODAY-SETHI J.D,GANDHI TODAY,VIKAS PUB.HOUSE,,,,1978,,211,,,,,,,,,,,,,,,,,,,,,,,,,,,,,,,,,,,,,,,,,,,,,,,,,,,,,0
2019-06-01,1029,0,0,PENGUIN BOOKS,RABINDRANATH TOGORE SELECTED SHORT STORIES-PENGUIN BOOKS,RABINDRANATH TOGORE SELECTED SHORT STORIES,PENGUIN BOOKS N.D.,,,,2000,,322,,,,,,,,,,,,,,,,,,,,,,,,,,,,,,,,,,,,,,,,,,,,,,,,,,,,,0
2019-06-01,1032,0,0,NAIPAUL V.S,A AREA OF DARKNESS-NAIPAUL V.S,A AREA OF DARKNESS,PENGUIN BOOKS N.D.,,,,1984,,266,,,,,,,,,,,,,,,,,,,,,,,,,,,,,,,,,,,,,,,,,,,,,,,,,,,,,0
2019-06-01,1035,0,0,LEE IACOCCA,IACOCCA AN AUTOBIOGRAPHY-LEE IACOCCA,IACOCCA AN AUTOBIOGRAPHY,BANTAM BOOK NEW YORK,,,,1988,,365,,,,,,,,,,,,,,,,,,,,,,,,,,,,,,,,,,,,,,,,,,,,,,,,,,,,,0
2019-06-01,1044,0,0,BRIAN WEISS,MARY LIVES MARY MASTERS-BRIAN WEISS,MARY LIVES MARY MASTERS,SIMON AND SCHUSTER NEW YORK,,,,2010,,21,,,,,,,,,,,,,,,,,,,,,,,,,,,,,,,,,,,,,,,,,,,,,,,,,,,,,0
2019-06-01,1048,0,0,DONGWAL PERMESH,I DOVE : KIRAN BEDI-DONGWAL PERMESH,I DOVE : KIRAN BEDI,UBSPD N.D,,,,1998,,328,,,,,,,,,,,,,,,,,,,,,,,,,,,,,,,,,,,,,,,,,,,,,,,,,,,,,0
2019-06-01,1054,0,0,"DAS,SATYAJIT","THE AGE OF STAGNATION-DAS,SATYAJIT",THE AGE OF STAGNATION,TRANGUEBAR PRESS NEW DELHI,,,,2015,,346,,,,,,,,,,,,,,,,,,,,,,,,,,,,,,,,,,,,,,,,,,,,,,,,,,,,,0
2019-06-01,1060,0,0,DUCKWORTH ANGELA,GIRT: THE POWER OF PASSION AND PERSEVERANCE-DUCKWORTH ANGELA,GIRT: THE POWER OF PASSION AND PERSEVERANCE,PENGUIN BOOKS N.D.,,,,2016,,333,,,,,,,,,,,,,,,,,,,,,,,,,,,,,,,,,,,,,,,,,,,,,,,,,,,,,0
2019-06-01,1064,0,0,WEINER ERIC,DEOGRAPHY OF GENIUS-WEINER ERIC,DEOGRAPHY OF GENIUS,SIMON AND SCHUSTER NEW YORK,,,,2016,,353,,,,,,,,,,,,,,,,,,,,,,,,,,,,,,,,,,,,,,,,,,,,,,,,,,,,,0
2019-06-01,1067,0,0,THAKUR JANARDEN,ALL THE PRIME MINISTER MAN-THAKUR JANARDEN,ALL THE PRIME MINISTER MAN,VIKAS PUB.HOUSE,,,,1977,,182,,,,,,,,,,,,,,,,,,,,,,,,,,,,,,,,,,,,,,,,,,,,,,,,,,,,,0
2019-06-01,1069,0,0,RANDHAWA M.S.,GREEN REVOLUTION-RANDHAWA M.S.,GREEN REVOLUTION,VIKAS PUB.HOUSE,,,,1974,,207,,,,,,,,,,,,,,,,,,,,,,,,,,,,,,,,,,,,,,,,,,,,,,,,,,,,,0
2019-06-01,1072,0,0,CAUNLIN ROBERT,NUR JAHAN AND JAHAGIR-CAUNLIN ROBERT,NUR JAHAN AND JAHAGIR,SUSIL GUPTA INDIA CULCATTA,,,,1950,,107,,,,,,,,,,,,,,,,,,,,,,,,,,,,,,,,,,,,,,,,,,,,,,,,,,,,,0
2019-06-01,1081,0,0,ROBER GREEN,THE ART OF SEDUCTION: 24 LAWS OF PERSUASION-ROBER GREEN,THE ART OF SEDUCTION: 24 LAWS OF PERSUASION,VIVA BOOKS PVT LTD NEW DELHI,,,,2004,,467,,,,,,,,,,,,,,,,,,,,,,,,,,,,,,,,,,,,,,,,,,,,,,,,,,,,,0
2019-06-01,1087,0,0,"CHATURVEDI,R.N.","PLEADING,DRAFTING & CONVEYANCING-CHATURVEDI,R.N.","PLEADING,DRAFTING & CONVEYANCING","CENTRAL LAW AGENCY,ALLAHABAD",,,,2007,,326,,,,,,,,,,,,,,,,,,,,,,,,,,,,,,,,,,,,,,,,,,,,,,,,,,,,,0
2019-06-01,1088,0,0,"KAPUR,ARUP CHAND","SELECTED CONSTITUTIONS-KAPUR,ARUP CHAND",SELECTED CONSTITUTIONS,S.CHAND AND COMPANY NEW DELHI,,,,1979,,375,,,,,,,,,,,,,,,,,,,,,,,,,,,,,,,,,,,,,,,,,,,,,,,,,,,,,0
2019-06-01,1091,0,0,"SHUKLA,S.N.","TRANSFER OF PROPERTY ACT-SHUKLA,S.N.",TRANSFER OF PROPERTY ACT,ALLAHABAD LAW AGENCY,,,,2004,,444,,,,,,,,,,,,,,,,,,,,,,,,,,,,,,,,,,,,,,,,,,,,,,,,,,,,,0
2019-06-01,1094,0,0,"PANDEY,D.N.R.","THE LIMITATION ACT 1963-PANDEY,D.N.R.",THE LIMITATION ACT 1963,"CENTRAL LAW AGENCY,ALLAHABAD",,,,2003,,148,,,,,,,,,,,,,,,,,,,,,,,,,,,,,,,,,,,,,,,,,,,,,,,,,,,,,0
2019-06-01,1096,0,0,"MISHRA,O.P.","LAW RELATING TO WOMEN CHILD ACT-MISHRA,O.P.",LAW RELATING TO WOMEN CHILD ACT,"CENTRAL LAW AGENCY,ALLAHABAD",,,,2003,,256,,,,,,,,,,,,,,,,,,,,,,,,,,,,,,,,,,,,,,,,,,,,,,,,,,,,,0
2019-06-01,1099,0,0,"AGARWAL,R.K.","HINDU LAW-AGARWAL,R.K.",HINDU LAW,"CENTRAL LAW AGENCY,ALLAHABAD",,,,1994,,416,,,,,,,,,,,,,,,,,,,,,,,,,,,,,,,,,,,,,,,,,,,,,,,,,,,,,0
2019-06-01,1100,0,0,"AHMAD,AQIL","MOHAMMEDEN LAW-AHMAD,AQIL",MOHAMMEDEN LAW,"CENTRAL LAW AGENCY,ALLAHABAD",,,,2004,,420,,,,,,,,,,,,,,,,,,,,,,,,,,,,,,,,,,,,,,,,,,,,,,,,,,,,,0
2019-06-01,1107,0,0,"RIZVI,S.A.A.","THE WONDER THAT WAS INDIA VOL. II-RIZVI,S.A.A.",THE WONDER THAT WAS INDIA VOL. II,RUPA & CO.,,,,2000,,416,,,,,,,,,,,,,,,,,,,,,,,,,,,,,,,,,,,,,,,,,,,,,,,,,,,,,0
2019-06-01,1108,0,0,"SRIVASTAVA,A.L.","THE SULATANATE OF DELHI(1200-1526 AD)-SRIVASTAVA,A.L.",THE SULATANATE OF DELHI(1200-1526 AD),"SHIVLAL AGARWAL,AGRA",,,,1971,,368,,,,,,,,,,,,,,,,,,,,,,,,,,,,,,,,,,,,,,,,,,,,,,,,,,,,,0
2019-06-01,1111,0,0,MCMILLAN,NELSON MANDELA-MCMILLAN,NELSON MANDELA,MACMILLAN INDIA DELHI,,,,2010,,454,,,,,,,,,,,,,,,,,,,,,,,,,,,,,,,,,,,,,,,,,,,,,,,,,,,,,0
2019-06-01,1114,0,0,"REDDY,G.RAM(EDITOR)","DEVELOPING SOCIETY & POLICE-REDDY,G.RAM(EDITOR)",DEVELOPING SOCIETY & POLICE,OSMANIA UNIVERSITY HYDRABAD,,,,1972,,206,,,,,,,,,,,,,,,,,,,,,,,,,,,,,,,,,,,,,,,,,,,,,,,,,,,,,0
2019-06-01,1115,0,0,"NORONHA,R.P.","A TALE TOLD BY AN IDIOT-NORONHA,R.P.",A TALE TOLD BY AN IDIOT,VIKAS PUB.HOUSE,,,,1976,,182,,,,,,,,,,,,,,,,,,,,,,,,,,,,,,,,,,,,,,,,,,,,,,,,,,,,,0
2019-06-01,1118,0,0,READER DIGEST,GREAT CASES OF INTERPOLE-READER DIGEST,GREAT CASES OF INTERPOLE,READER DIGEST,,,,1982,,559,,,,,,,,,,,,,,,,,,,,,,,,,,,,,,,,,,,,,,,,,,,,,,,,,,,,,0
2019-06-01,1122,0,0,RADUGA PUBLISHERS,ANIMAL ON A PADESTAL-RADUGA PUBLISHERS,ANIMAL ON A PADESTAL,"RADUGA PUBS,MOSCOW",,,,1989,,314,,,,,,,,,,,,,,,,,,,,,,,,,,,,,,,,,,,,,,,,,,,,,,,,,,,,,0
2019-06-01,1126,0,0,ROWLING J.K,HARRY POTTER & HALF BLOOD PRINCE-ROWLING J.K,HARRY POTTER & HALF BLOOD PRINCE,BLOOMSBURY BOOKS,,,,2005,,607,,,,,,,,,,,,,,,,,,,,,,,,,,,,,,,,,,,,,,,,,,,,,,,,,,,,,0
2019-06-01,1130,0,0,"SMITH,WILBER","BIRDS OF PREY-SMITH,WILBER",BIRDS OF PREY,PAN BOOKS,,,,1997,,774,,,,,,,,,,,,,,,,,,,,,,,,,,,,,,,,,,,,,,,,,,,,,,,,,,,,,0
2019-06-01,1139,0,0,"RALSTON SAUL,JOHN","DARK DIVERSION-RALSTON SAUL,JOHN",DARK DIVERSION,PENGUIN BOOKS N.D.,,,,2013,,219,,,,,,,,,,,,,,,,,,,,,,,,,,,,,,,,,,,,,,,,,,,,,,,,,,,,,0
2019-06-01,1140,0,0,RUSKIN BOND,UPON THE OLD WALL DREAMING-RUSKIN BOND,UPON THE OLD WALL DREAMING,RUPA PUBLICATION NEW DELHI,,,,2016,,188,,,,,,,,,,,,,,,,,,,,,,,,,,,,,,,,,,,,,,,,,,,,,,,,,,,,,0
2019-06-01,1144,0,0,ARUN SHOURIE,WORSHIPPING FALSE GODS-ARUN SHOURIE,WORSHIPPING FALSE GODS,ASA PUBS NEW DELHI,,,,1997,,663,,,,,,,,,,,,,,,,,,,,,,,,,,,,,,,,,,,,,,,,,,,,,,,,,,,,,0
2019-06-01,1145,0,0,"HESSE,HERMANN","SIDDHARTHA-HESSE,HERMANN",SIDDHARTHA,RUPA & CO.,,,,2006,,121,,,,,,,,,,,,,,,,,,,,,,,,,,,,,,,,,,,,,,,,,,,,,,,,,,,,,0
2019-06-01,1152,0,0,"YUTANG,LIN","THE WISDOM OF INDIA-YUTANG,LIN",THE WISDOM OF INDIA,JAICO PUB HOUSE BOMBAY,,,,1987,,563,,,,,,,,,,,,,,,,,,,,,,,,,,,,,,,,,,,,,,,,,,,,,,,,,,,,,0
2019-06-01,1154,0,0,AGATHA CHRISTIE,SLEEPING MURDER-AGATHA CHRISTIE,SLEEPING MURDER,WILLIAM COLLINS LONDON,,,,1976,,222,,,,,,,,,,,,,,,,,,,,,,,,,,,,,,,,,,,,,,,,,,,,,,,,,,,,,0
2019-06-01,1163,0,0,SUN TZU,THE ART OF WAR -SUN TZU-SUN TZU,THE ART OF WAR -SUN TZU,WORDWORTH,,,,1998,,243,,,,,,,,,,,,,,,,,,,,,,,,,,,,,,,,,,,,,,,,,,,,,,,,,,,,,0
2019-06-01,1168,0,0,RUSKIN BOND,DELHI IN NOT FAR-RUSKIN BOND,DELHI IN NOT FAR,PENGUIN BOOKS N.D.,,,,1994,,428,,,,,,,,,,,,,,,,,,,,,,,,,,,,,,,,,,,,,,,,,,,,,,,,,,,,,0
2019-06-01,1172,0,0,"GULLEBURRY ,CHRIS","THE $ 100 STARTUP-GULLEBURRY ,CHRIS",THE $ 100 STARTUP,MCMILLAN G.B,,,,2012,,283,,,,,,,,,,,,,,,,,,,,,,,,,,,,,,,,,,,,,,,,,,,,,,,,,,,,,0
2019-06-01,1175,0,0,CANNING JOHN (ED),100 GREAT BOOKS-CANNING JOHN (ED),100 GREAT BOOKS,RUPA AND COMPANY,,,,1988,,640,,,,,,,,,,,,,,,,,,,,,,,,,,,,,,,,,,,,,,,,,,,,,,,,,,,,,0
2019-06-01,1178,0,0,MARRYANT FREDRICK,THE CHILDREN OF THE NEW FOREST-MARRYANT FREDRICK,THE CHILDREN OF THE NEW FOREST,S.CHAND AND COMPANY NEW DELHI,,,,,,156,,,,,,,,,,,,,,,,,,,,,,,,,,,,,,,,,,,,,,,,,,,,,,,,,,,,,0
2019-06-01,1183,0,0,JAMES WALLAR ROBERT,THE BRIDGE OF MADISON COUNTRY -JAMES WALLAR ROBERT,THE BRIDGE OF MADISON COUNTRY,WARNER BOOKS USA,,,,1992,,201,,,,,,,,,,,,,,,,,,,,,,,,,,,,,,,,,,,,,,,,,,,,,,,,,,,,,0
2019-06-01,1192,0,0,NATIONAL BOOK TRUST,ACHARYA NAVENDRA DEV-NATIONAL BOOK TRUST,ACHARYA NAVENDRA DEV,NATIONAL BOOK TRUST N.D,,,,1971,,361,,,,,,,,,,,,,,,,,,,,,,,,,,,,,,,,,,,,,,,,,,,,,,,,,,,,,0
2019-06-01,1197,0,0,CUSSLER CLIVE,ARCTIC DRIFT-CUSSLER CLIVE,ARCTIC DRIFT,PENGUIN BOOKS N.D.,,,,2008,,515,,,,,,,,,,,,,,,,,,,,,,,,,,,,,,,,,,,,,,,,,,,,,,,,,,,,,0
2019-06-01,1203,0,0,CUSSLER CLIVE,FLOOD TIDE-CUSSLER CLIVE,FLOOD TIDE,SIMAN AND SCHUSTER,,,,1997,,511,,,,,,,,,,,,,,,,,,,,,,,,,,,,,,,,,,,,,,,,,,,,,,,,,,,,,0
2019-06-01,1207,0,0,CUSSLER CLIVE,BLUE GOLD-CUSSLER CLIVE,BLUE GOLD,SIMAN AND SCHUSTER,,,,2000,,378,,,,,,,,,,,,,,,,,,,,,,,,,,,,,,,,,,,,,,,,,,,,,,,,,,,,,0
2019-06-01,1213,0,0,CUSSLER CLIVE,THE THOMAS-CUSSLER CLIVE,THE THOMAS,MICHAL JOSHPH PENGUIN BOOKS,,,,2012,,374,,,,,,,,,,,,,,,,,,,,,,,,,,,,,,,,,,,,,,,,,,,,,,,,,,,,,0
2019-06-01,1219,0,0,CUSSLER CLIVE,THE TOMBS-CUSSLER CLIVE,THE TOMBS,MICHAL JOSHPH PENGUIN BOOKS,,,,2012,,409,,,,,,,,,,,,,,,,,,,,,,,,,,,,,,,,,,,,,,,,,,,,,,,,,,,,,0
2019-06-01,1225,0,0,CUSSLER CLIVE,VIXEN O3-CUSSLER CLIVE,VIXEN O3,BANTAM BOOKS,,,,1979,,359,,,,,,,,,,,,,,,,,,,,,,,,,,,,,,,,,,,,,,,,,,,,,,,,,,,,,0
2019-06-01,1230,0,0,CUSSLER CLIVE,LOST CITY-CUSSLER CLIVE,LOST CITY,PENGUIN BOOKS N.D.,,,,2004,,532,,,,,,,,,,,,,,,,,,,,,,,,,,,,,,,,,,,,,,,,,,,,,,,,,,,,,0
2019-06-01,1232,0,0,CUSSLER CLIVE,SPARTAN GOLD-CUSSLER CLIVE,SPARTAN GOLD,PENGUIN BOOKS N.D.,,,,2009,,503,,,,,,,,,,,,,,,,,,,,,,,,,,,,,,,,,,,,,,,,,,,,,,,,,,,,,0
2019-06-01,1235,0,0,CUSSLER CLIVE,MAYDAY-CUSSLER CLIVE,MAYDAY,WARNER BOOKS USA,,,,1995,,316,,,,,,,,,,,,,,,,,,,,,,,,,,,,,,,,,,,,,,,,,,,,,,,,,,,,,0
2019-06-01,1238,0,0,CUSSLER CLIVE,ARCTIC DRIFT-CUSSLER CLIVE,ARCTIC DRIFT,PENGUIN BOOKS N.D.,,,,2008,,578,,,,,,,,,,,,,,,,,,,,,,,,,,,,,,,,,,,,,,,,,,,,,,,,,,,,,0
2019-06-01,1241,0,0,CUSSLER CLIVE,TREASURE-CUSSLER CLIVE,TREASURE,POCKET BOOKS NEW YORK,,,,1988,,547,,,,,,,,,,,,,,,,,,,,,,,,,,,,,,,,,,,,,,,,,,,,,,,,,,,,,0
2019-06-01,1247,0,0,RUBENFELD JED,THE INTERPRETATION OF MURDER-RUBENFELD JED,THE INTERPRETATION OF MURDER,HEADLINE PUBS,,,,2006,,529,,,,,,,,,,,,,,,,,,,,,,,,,,,,,,,,,,,,,,,,,,,,,,,,,,,,,0
2019-06-01,1249,0,0,KRANTZ JUDITH,I WILL TAKE MANHATTAN-KRANTZ JUDITH,I WILL TAKE MANHATTAN,BANTAM BOOKS,,,,1987,,440,,,,,,,,,,,,,,,,,,,,,,,,,,,,,,,,,,,,,,,,,,,,,,,,,,,,,0
2019-06-01,1254,0,0,GRISHAM JOHN,THE CONFESSION-GRISHAM JOHN,THE CONFESSION,ARROW BOOKS,,,,2010,,455,,,,,,,,,,,,,,,,,,,,,,,,,,,,,,,,,,,,,,,,,,,,,,,,,,,,,0
2019-06-01,1257,0,0,AMISH,SITA : WORRIOR OF MILHILA-AMISH,SITA : WORRIOR OF MILHILA,WESTLAND LTD.CHENNAI,,,,2017,,359,,,,,,,,,,,,,,,,,,,,,,,,,,,,,,,,,,,,,,,,,,,,,,,,,,,,,0
2019-06-01,1259,0,0,COOLING WANDY,STRANGER THEN EVER-COOLING WANDY,STRANGER THEN EVER,DOLPHIN G.B,,,,1997,,72,,,,,,,,,,,,,,,,,,,,,,,,,,,,,,,,,,,,,,,,,,,,,,,,,,,,,0
2019-06-01,1261,0,0,PAOLINI CHISTOPHER,BRISINGER-INHERITANCE-PAOLINI CHISTOPHER,BRISINGER-INHERITANCE,DOUBLEDOY CO.USA,,,,2008,,763,,,,,,,,,,,,,,,,,,,,,,,,,,,,,,,,,,,,,,,,,,,,,,,,,,,,,0
2019-06-01,1265,0,0,YOGI ASHWANI,SANATAN KRIYA: 51 MIRACLES & A HAUNTING-YOGI ASHWANI,SANATAN KRIYA: 51 MIRACLES & A HAUNTING,DHYAN FOUNDATION,,,,,,167,,,,,,,,,,,,,,,,,,,,,,,,,,,,,,,,,,,,,,,,,,,,,,,,,,,,,0
2019-06-01,1269,0,0,VIJAY GOEL (PUBS),THE BUDDA : HISTORY FIRST HUMANIST-VIJAY GOEL (PUBS),THE BUDDA : HISTORY FIRST HUMANIST,VIJAY GOEL DELHI,,,,2010,,232,,,,,,,,,,,,,,,,,,,,,,,,,,,,,,,,,,,,,,,,,,,,,,,,,,,,,0
2019-06-01,1270,0,0,AMISH,THE SECRET OF NAGAS-AMISH,THE SECRET OF NAGAS,WESTLAND LTD.CHENNAI,,,,2011,,395,,,,,,,,,,,,,,,,,,,,,,,,,,,,,,,,,,,,,,,,,,,,,,,,,,,,,0
2019-06-01,1272,0,0,MORAVIA ALBERTO,EROTIC TALES-MORAVIA ALBERTO,EROTIC TALES,RUPA & CO.,,,,1994,,184,,,,,,,,,,,,,,,,,,,,,,,,,,,,,,,,,,,,,,,,,,,,,,,,,,,,,0
2019-06-01,1281,0,0,KHUSHWANT SINGH,I SHALL NOT HEAR THE NIGHTINGALE-KHUSHWANT SINGH,I SHALL NOT HEAR THE NIGHTINGALE,IBH PUBS CO.BOMBAY,,,,1983,,243,,,,,,,,,,,,,,,,,,,,,,,,,,,,,,,,,,,,,,,,,,,,,,,,,,,,,0
2019-06-01,1283,0,0,HAILAY ARTHUR,IN HIGH PLECES-HAILAY ARTHUR,IN HIGH PLECES,RUPA & CO.,,,,2005,,505,,,,,,,,,,,,,,,,,,,,,,,,,,,,,,,,,,,,,,,,,,,,,,,,,,,,,0
2019-06-01,1286,0,0,HARPER LEE,TO KILL A MOCKING BIRD-HARPER LEE,TO KILL A MOCKING BIRD,WARNER BOOKS USA,,,,1960,,281,,,,,,,,,,,,,,,,,,,,,,,,,,,,,,,,,,,,,,,,,,,,,,,,,,,,,0
2019-06-01,1288,0,0,ROSS CLARISSA,CHINA SHADOW-ROSS CLARISSA,CHINA SHADOW,DORCHESTER PUB NEW YORK,,,,1992,,446,,,,,,,,,,,,,,,,,,,,,,,,,,,,,,,,,,,,,,,,,,,,,,,,,,,,,0
2019-06-01,1293,0,0,CHAUHAN ANUJA,BATTLE FOR BITTORA-CHAUHAN ANUJA,BATTLE FOR BITTORA,HARPER COLLINS INDIA,,,,2010,,423,,,,,,,,,,,,,,,,,,,,,,,,,,,,,,,,,,,,,,,,,,,,,,,,,,,,,0
2019-06-01,1295,0,0,SMITH WILBUR,THOSE IN PERIL-SMITH WILBUR,THOSE IN PERIL,PAN BOOKS,,,,2011,,386,,,,,,,,,,,,,,,,,,,,,,,,,,,,,,,,,,,,,,,,,,,,,,,,,,,,,0
2019-06-01,1299,0,0,COLLINS JACKIE,LADY BOSS-COLLINS JACKIE,LADY BOSS,RUPA & CO.,,,,1991,,559,,,,,,,,,,,,,,,,,,,,,,,,,,,,,,,,,,,,,,,,,,,,,,,,,,,,,0
2019-06-01,1302,0,0,HAYER GEORGELTE,COUSIN KATE-HAYER GEORGELTE,COUSIN KATE,ARROW BOOKS,,,,1992,,318,,,,,,,,,,,,,,,,,,,,,,,,,,,,,,,,,,,,,,,,,,,,,,,,,,,,,0
2019-06-01,1307,0,0,SMITH WILBUR,THE SUNBIRD-SMITH WILBUR,THE SUNBIRD,PAN BOOKS,,,,1972,,613,,,,,,,,,,,,,,,,,,,,,,,,,,,,,,,,,,,,,,,,,,,,,,,,,,,,,0
2019-06-01,1319,0,0,RAJAGOPALACHARI C,MAHABHARATA-RAJAGOPALACHARI C,MAHABHARATA,BHARTIYA VIDHYA BHAWAN,,,,1972,,332,,,,,,,,,,,,,,,,,,,,,,,,,,,,,,,,,,,,,,,,,,,,,,,,,,,,,0
2019-06-01,1321,0,0,AGATHA CHRISTIE,MISS MARPLE OMNIBUS-AGATHA CHRISTIE,MISS MARPLE OMNIBUS,HARPER COLLINS INDIA,,,,1997,,654,,,,,,,,,,,,,,,,,,,,,,,,,,,,,,,,,,,,,,,,,,,,,,,,,,,,,0
2019-06-01,1326,0,0,FOLLETT KEN,A PLACE CALLED FREADOM-FOLLETT KEN,A PLACE CALLED FREADOM,MACMILLAN INDIA DELHI,,,,1995,,568,,,,,,,,,,,,,,,,,,,,,,,,,,,,,,,,,,,,,,,,,,,,,,,,,,,,,0
2019-06-01,1334,0,0,FOLLETT KEN,THE ELEVENTH COMMANDMENT-FOLLETT KEN,THE ELEVENTH COMMANDMENT,MACMILLAN INDIA DELHI,,,,2010,,342,,,,,,,,,,,,,,,,,,,,,,,,,,,,,,,,,,,,,,,,,,,,,,,,,,,,,0
2019-06-01,1338,0,0,FOLLETT KEN,KANE & ABEL-FOLLETT KEN,KANE & ABEL,MACMILLAN INDIA DELHI,,,,1979,,550,,,,,,,,,,,,,,,,,,,,,,,,,,,,,,,,,,,,,,,,,,,,,,,,,,,,,0
2019-06-01,1345,0,0,FOLLETT KEN,THE MODIGLIANI SCANDAL-FOLLETT KEN,THE MODIGLIANI SCANDAL,PAN BOOKS,,,,1996,,279,,,,,,,,,,,,,,,,,,,,,,,,,,,,,,,,,,,,,,,,,,,,,,,,,,,,,0
2019-06-01,1348,0,0,RUSKIN BOND,NIGHTMORE TALES-RUSKIN BOND,NIGHTMORE TALES,RUPA & CO.,,,,2010,,191,,,,,,,,,,,,,,,,,,,,,,,,,,,,,,,,,,,,,,,,,,,,,,,,,,,,,0
2019-06-01,1361,0,0,GREENE ROBERT,THE CONCISE MASTERY-GREENE ROBERT,THE CONCISE MASTERY,PROFILE BOOKS,,,,2014,,207,,,,,,,,,,,,,,,,,,,,,,,,,,,,,,,,,,,,,,,,,,,,,,,,,,,,,0
2019-06-01,1366,0,0,GHOSH AMITAV,THE CALCULTTA CHROMOSOME - NOVEL-GHOSH AMITAV,THE CALCULTTA CHROMOSOME - NOVEL,PENGUIN BOOKS N.D.,,,,2008,,262,,,,,,,,,,,,,,,,,,,,,,,,,,,,,,,,,,,,,,,,,,,,,,,,,,,,,0
2019-06-01,1368,0,0,MURPHY JOSHPH,THE POWER OF YOUR SUBCONSCIOUS MIND-MURPHY JOSHPH,THE POWER OF YOUR SUBCONSCIOUS MIND,POCKET BOOKS NEW YORK,,,,1988,,253,,,,,,,,,,,,,,,,,,,,,,,,,,,,,,,,,,,,,,,,,,,,,,,,,,,,,0
2019-06-01,1371,0,0,BILL GATES,THE ROAD AHEAD-BILL GATES,THE ROAD AHEAD,PENGUIN BOOKS N.D.,,,,1996,,332,,,,,,,,,,,,,,,,,,,,,,,,,,,,,,,,,,,,,,,,,,,,,,,,,,,,,0
2019-06-01,1377,0,0,MACLEAN ALISTAIR,FORCE 10 FROM NAVARONE-MACLEAN ALISTAIR,FORCE 10 FROM NAVARONE,HARPER COLLINS INDIA,,,,1994,,325,,,,,,,,,,,,,,,,,,,,,,,,,,,,,,,,,,,,,,,,,,,,,,,,,,,,,0
2019-06-01,1379,0,0,BLOCK LAWRENCE,THE AFFAIRS OF THE CHIP HARRISON-BLOCK LAWRENCE,THE AFFAIRS OF THE CHIP HARRISON,EXEL PRESS,,,,2001,,639,,,,,,,,,,,,,,,,,,,,,,,,,,,,,,,,,,,,,,,,,,,,,,,,,,,,,0
2019-06-01,1386,0,0,COLLINS JACKIE,THRILL-COLLINS JACKIE,THRILL,PAN BOOKS,,,,1998,,553,,,,,,,,,,,,,,,,,,,,,,,,,,,,,,,,,,,,,,,,,,,,,,,,,,,,,0
2019-06-01,1390,0,0,DICKENS CHARLES,A TALE OF TWO CITES-DICKENS CHARLES,A TALE OF TWO CITES,RUPA & CO.,,,,1988,,416,,,,,,,,,,,,,,,,,,,,,,,,,,,,,,,,,,,,,,,,,,,,,,,,,,,,,0
2019-06-01,1401,0,0,BHARUCHA RIZBEH,MY GOD IN A JUVENIL DELINQUENT-BHARUCHA RIZBEH,MY GOD IN A JUVENIL DELINQUENT,SAINALJOHN NEW DELHI,,,,2008,,351,,,,,,,,,,,,,,,,,,,,,,,,,,,,,,,,,,,,,,,,,,,,,,,,,,,,,0
2019-06-01,1404,0,0,AGATHA CHRISTIE,MURDER ON THE ORIENT EXPRESS-AGATHA CHRISTIE,MURDER ON THE ORIENT EXPRESS,HARPER COLLINS INDIA,,,,2017,,274,,,,,,,,,,,,,,,,,,,,,,,,,,,,,,,,,,,,,,,,,,,,,,,,,,,,,0
2019-06-01,1406,0,0,WODEHOUSE P.G.,THE CODE OF THE WOODTERS-WODEHOUSE P.G.,THE CODE OF THE WOODTERS,ARROW BOOKS,,,,2008,,286,,,,,,,,,,,,,,,,,,,,,,,,,,,,,,,,,,,,,,,,,,,,,,,,,,,,,0
2019-06-01,1409,0,0,KUNDERA MILAN,THE UNBEARABLE LIGHTNESS OF BEING-KUNDERA MILAN,THE UNBEARABLE LIGHTNESS OF BEING,FABER AND FABER LANDON,,,,1995,,305,,,,,,,,,,,,,,,,,,,,,,,,,,,,,,,,,,,,,,,,,,,,,,,,,,,,,0
2019-06-01,1412,0,0,DICKENS CHARLES,THE TALES OF TWO CITIES-DICKENS CHARLES,THE TALES OF TWO CITIES,WORDWORTH,,,,1993,,307,,,,,,,,,,,,,,,,,,,,,,,,,,,,,,,,,,,,,,,,,,,,,,,,,,,,,0
2019-06-01,1414,0,0,GORKY MAXIM,MOTHER-GORKY MAXIM,MOTHER,PROGREEN PUBS MOSCOW,,,,1976,,384,,,,,,,,,,,,,,,,,,,,,,,,,,,,,,,,,,,,,,,,,,,,,,,,,,,,,0
2019-06-01,1418,0,0,KHUSHWANT SINGH,JOKE BOOK III-KHUSHWANT SINGH,JOKE BOOK III,ORIENT PAPERBACK DELHI,,,,1996,,143,,,,,,,,,,,,,,,,,,,,,,,,,,,,,,,,,,,,,,,,,,,,,,,,,,,,,0
2019-06-01,1421,0,0,STEINBACK JOHN,THE SHORT NOVELS-STEINBACK JOHN,THE SHORT NOVELS,HEINEMANN LANDON,,,,1971,,568,,,,,,,,,,,,,,,,,,,,,,,,,,,,,,,,,,,,,,,,,,,,,,,,,,,,,0
2019-06-01,1422,0,0,OBAMA BARACK,CHANGE WE CAN BELIEVE IN -OBAMA BARACK,CHANGE WE CAN BELIEVE IN,CANONGATE LANDON,,,,2008,,291,,,,,,,,,,,,,,,,,,,,,,,,,,,,,,,,,,,,,,,,,,,,,,,,,,,,,0
2019-06-01,1427,0,0,SWINTAN ERNEST SIR,THE DEFENCE OF DUFFER'S DRIFT-SWINTAN ERNEST SIR,THE DEFENCE OF DUFFER'S DRIFT,BOOK WORLD DEHRADUN,,,,2005,,59,,,,,,,,,,,,,,,,,,,,,,,,,,,,,,,,,,,,,,,,,,,,,,,,,,,,,0
2019-06-01,1431,0,0,CHARLES & MARY LAMB,20 TALES FROM SHAKESPEARE-CHARLES & MARY LAMB,20 TALES FROM SHAKESPEARE,CEST PRESS NEW DELHI,,,,1994,,308,,,,,,,,,,,,,,,,,,,,,,,,,,,,,,,,,,,,,,,,,,,,,,,,,,,,,0
2019-06-01,1434,0,0,"HOSSEINI , KHALID","AND THE MOUNTAINS ECHOED-HOSSEINI , KHALID",AND THE MOUNTAINS ECHOED,BLOOMSBURY BOOKS,,,,2013,,404,,,,,,,,,,,,,,,,,,,,,,,,,,,,,,,,,,,,,,,,,,,,,,,,,,,,,0
2019-06-01,1436,0,0,DEPINDER SINGH,FIELD MARSHAL SAM MANEKSHAW SOLDERING WITH DIGNITY-DEPINDER SINGH,FIELD MARSHAL SAM MANEKSHAW SOLDERING WITH DIGNITY,MATRAS PUBS DEHRADUN,,,,2005,,271,,,,,,,,,,,,,,,,,,,,,,,,,,,,,,,,,,,,,,,,,,,,,,,,,,,,,0
2019-06-01,1439,0,0,MAURIER DAPHNE DU,THE KINGS GENERAL -MAURIER DAPHNE DU,THE KINGS GENERAL,PENGUIN BOOKS N.D.,,,,1972,,349,,,,,,,,,,,,,,,,,,,,,,,,,,,,,,,,,,,,,,,,,,,,,,,,,,,,,0
2019-06-01,1442,0,0,GODDAN RUMER,IN THE HOUSE OF BREDE-GODDAN RUMER,IN THE HOUSE OF BREDE,PAN BOOKS,,,,1969,,427,,,,,,,,,,,,,,,,,,,,,,,,,,,,,,,,,,,,,,,,,,,,,,,,,,,,,0
2019-06-01,1444,0,0,"FORSYTH , FREDERICK","THE DAY OF THE JACKAL-FORSYTH , FREDERICK",THE DAY OF THE JACKAL,CORGI BOOKS,,,,1975,,382,,,,,,,,,,,,,,,,,,,,,,,,,,,,,,,,,,,,,,,,,,,,,,,,,,,,,0
2019-06-01,1447,0,0,KHUSHWANT SINGH,TRAIN TO PAKISTAN-KHUSHWANT SINGH,TRAIN TO PAKISTAN,GRAVE PRESS,,,,1981,,181,,,,,,,,,,,,,,,,,,,,,,,,,,,,,,,,,,,,,,,,,,,,,,,,,,,,,0
2019-06-01,1449,0,0,RIPLEY ALEXANDER,SCARLETT-RIPLEY ALEXANDER,SCARLETT,RUPA & CO.,,,,1991,,749,,,,,,,,,,,,,,,,,,,,,,,,,,,,,,,,,,,,,,,,,,,,,,,,,,,,,0
2019-06-01,1452,0,0,CORNER HELLS,DAVID BALDACCI-CORNER HELLS,DAVID BALDACCI,PAN BOOKS,,,,2010,,615,,,,,,,,,,,,,,,,,,,,,,,,,,,,,,,,,,,,,,,,,,,,,,,,,,,,,0
2019-06-01,1466,0,0,ISAACSON WALKER,STEVE JOBS-ISAACSON WALKER,STEVE JOBS,SIMAN AND SCHUSTER,,,,2011,,630,,,,,,,,,,,,,,,,,,,,,,,,,,,,,,,,,,,,,,,,,,,,,,,,,,,,,0
2019-06-01,1469,0,0,HARFORD TIM,MESSY-HARFORD TIM,MESSY,LITTLE BROWN GREAT BRITAIN,,,,2016,,327,,,,,,,,,,,,,,,,,,,,,,,,,,,,,,,,,,,,,,,,,,,,,,,,,,,,,0
2019-06-01,1473,0,0,AYODHYA RESEARCH INSTITUTE,SAKSHI-AYODHYA RESEARCH INSTITUTE,SAKSHI,AYODHYA REASERCH INSTITUTE,,,,2011,,386,,,,,,,,,,,,,,,,,,,,,,,,,,,,,,,,,,,,,,,,,,,,,,,,,,,,,0
2019-06-01,1475,0,0,HUSSAIN SALMA,FLAVOURS  OF AVADH-HUSSAIN SALMA,FLAVOURS  OF AVADH,NIYAJI BOOKS DELHI,,,,2015,,191,,,,,,,,,,,,,,,,,,,,,,,,,,,,,,,,,,,,,,,,,,,,,,,,,,,,,0
2019-06-01,1479,0,0,NOORANI A.G,THE KASHMIR DISPUTES 1947-2012-NOORANI A.G,THE KASHMIR DISPUTES 1947-2012,TULIKA BOOKS,,,,2013,,833,,,,,,,,,,,,,,,,,,,,,,,,,,,,,,,,,,,,,,,,,,,,,,,,,,,,,0
2019-06-01,1485,0,0,PAL NEALAM,VARANASI CITY : POPULATION CHANGES DEVELOPMENT STATEGIES-PAL NEALAM,VARANASI CITY : POPULATION CHANGES DEVELOPMENT STATEGIES,APST PUBS DELHI,,,,2015,,321,,,,,,,,,,,,,,,,,,,,,,,,,,,,,,,,,,,,,,,,,,,,,,,,,,,,,0
2019-06-01,1486,0,0,DULAT A.S,KASHMIR : THE VAJPAYEE YEARS-DULAT A.S,KASHMIR : THE VAJPAYEE YEARS,HARPER COLLINS INDIA,,,,1974,,342,,,,,,,,,,,,,,,,,,,,,,,,,,,,,,,,,,,,,,,,,,,,,,,,,,,,,0
2019-06-01,1495,0,0,GILL KPS,PUNJUB : THE KINGHTS OF FALSEHOOD-GILL KPS,PUNJUB : THE KINGHTS OF FALSEHOOD,HARPER COLLINS INDIA,,,,1997,,142,,,,,,,,,,,,,,,,,,,,,,,,,,,,,,,,,,,,,,,,,,,,,,,,,,,,,0
2019-06-01,1501,0,0,RAMANA N.V.,THE POWER OF PROMISE-RAMANA N.V.,THE POWER OF PROMISE,PENGUIN BOOKS N.D.,,,,2012,,366,,,,,,,,,,,,,,,,,,,,,,,,,,,,,,,,,,,,,,,,,,,,,,,,,,,,,0
2019-06-01,1506,0,0,JOHNSON SPENCEV,THE PRESENT-JOHNSON SPENCEV,THE PRESENT,BANTAM BOOKS,,,,2004,,106,,,,,,,,,,,,,,,,,,,,,,,,,,,,,,,,,,,,,,,,,,,,,,,,,,,,,0
2019-06-01,1512,0,0,AYODHYA RESEARCH INSTITUTE,SAKSHI VOL.5-AYODHYA RESEARCH INSTITUTE,SAKSHI VOL.5,AYODHYA REASERCH INSTITUTE,,,,2012,,215,,,,,,,,,,,,,,,,,,,,,,,,,,,,,,,,,,,,,,,,,,,,,,,,,,,,,0
2019-06-01,1519,0,0,AHMAD KHALID DASHIV,JHELUM : THE RIVERS THROUGH MY BACKYARD-AHMAD KHALID DASHIV,JHELUM : THE RIVERS THROUGH MY BACKYARD,BOOKMAN PUBS,,,,2001,,200,,,,,,,,,,,,,,,,,,,,,,,,,,,,,,,,,,,,,,,,,,,,,,,,,,,,,0
2019-06-01,1520,0,0,SANYAL SANJEEV,THE OCEAN OF CHURN : HOW INDIAN OCEAN SHAPED HUMAN HISTORY-SANYAL SANJEEV,THE OCEAN OF CHURN : HOW INDIAN OCEAN SHAPED HUMAN HISTORY,PENGUIN BOOKS N.D.,,,,2016,,297,,,,,,,,,,,,,,,,,,,,,,,,,,,,,,,,,,,,,,,,,,,,,,,,,,,,,0
2019-06-01,1524,0,0,SETH LEILA,TALKING OF JUSTICE : PEOPLE RIGHTS IN MODERN INDIA-SETH LEILA,TALKING OF JUSTICE : PEOPLE RIGHTS IN MODERN INDIA,ALEPH BOOK NEW DELHI,,,,2014,,214,,,,,,,,,,,,,,,,,,,,,,,,,,,,,,,,,,,,,,,,,,,,,,,,,,,,,0
2019-06-01,1531,0,0,SAKENA N.S.,COMMUNAL RIOTS IN INDIA-SAKENA N.S.,COMMUNAL RIOTS IN INDIA,TRISUL PUBS,,,,1990,,221,,,,,,,,,,,,,,,,,,,,,,,,,,,,,,,,,,,,,,,,,,,,,,,,,,,,,0
2019-06-01,1539,0,0,NARAVANE V.S,BEST STORIES FROM THE INDIAN CLASSICS-NARAVANE V.S,BEST STORIES FROM THE INDIAN CLASSICS,ROLI BOOKS NEW DELHI,,,,1994,,207,,,,,,,,,,,,,,,,,,,,,,,,,,,,,,,,,,,,,,,,,,,,,,,,,,,,,0
2019-06-01,1542,0,0,ASHOKA M.S.,KARMAYOGI : A BIOGRAPHY OF ESHREECHOVAN-ASHOKA M.S.,KARMAYOGI : A BIOGRAPHY OF ESHREECHOVAN,PENGUIN BOOKS N.D.,,,,2015,,250,,,,,,,,,,,,,,,,,,,,,,,,,,,,,,,,,,,,,,,,,,,,,,,,,,,,,0
2019-06-01,1548,0,0,LEE ROBERTS & NATHAN,CONJUGATION OF FRENCH VERBS-LEE ROBERTS & NATHAN,CONJUGATION OF FRENCH VERBS,NATHAN,,,,1999,,256,,,,,,,,,,,,,,,,,,,,,,,,,,,,,,,,,,,,,,,,,,,,,,,,,,,,,0
2019-06-01,1550,0,0,BHARTIYA VIDHYA BHAWAN,THE AGE OF IMPERIAL KANNAUJ-BHARTIYA VIDHYA BHAWAN,THE AGE OF IMPERIAL KANNAUJ,BHARTIYA VIDHYA BHAWAN,,,,1955,,585,,,,,,,,,,,,,,,,,,,,,,,,,,,,,,,,,,,,,,,,,,,,,,,,,,,,,0
2019-06-01,1554,0,0,MENAN RAMESH,THE MAHABHARAT : A MODERN VENDERING VOL.II-MENAN RAMESH,THE MAHABHARAT : A MODERN VENDERING VOL.II,RUPA & CO.,,,,2004,,718,,,,,,,,,,,,,,,,,,,,,,,,,,,,,,,,,,,,,,,,,,,,,,,,,,,,,0
2019-06-01,1558,0,0,SINGH AMIT,TAALLUQDARS OF OUDH-SINGH AMIT,TAALLUQDARS OF OUDH,BLOOMSBURY BOOKS,,,,2013,,755,,,,,,,,,,,,,,,,,,,,,,,,,,,,,,,,,,,,,,,,,,,,,,,,,,,,,0
2019-06-01,1561,0,0,MEHROTRA H.C.,INCOME TAX LAW & PRACTICE-MEHROTRA H.C.,INCOME TAX LAW & PRACTICE,SAHITYA BHAWAN PUBS AGRA,,,,2005,,835,,,,,,,,,,,,,,,,,,,,,,,,,,,,,,,,,,,,,,,,,,,,,,,,,,,,,0
2019-06-01,1562,0,0,ISAACSAN WALTER,STEVE JOBS-ISAACSAN WALTER,STEVE JOBS,LITTLE BROWN GREAT BRITAIN,,,,2011,,627,,,,,,,,,,,,,,,,,,,,,,,,,,,,,,,,,,,,,,,,,,,,,,,,,,,,,0
2019-06-01,1566,0,0,WREN P.C.,HIGH SCHOOL ENGLISH GRAMMER OF COMPOSITION-WREN P.C.,HIGH SCHOOL ENGLISH GRAMMER OF COMPOSITION,S.CHAND AND COMPANY NEW DELHI,,,,1999,,415,,,,,,,,,,,,,,,,,,,,,,,,,,,,,,,,,,,,,,,,,,,,,,,,,,,,,0
2019-06-01,1567,0,0,SLIGLITZ JOSHPH E,THE PRICE OF INEQUALITY-SLIGLITZ JOSHPH E,THE PRICE OF INEQUALITY,PENGUIN BOOKS N.D.,,,,2012,,412,,,,,,,,,,,,,,,,,,,,,,,,,,,,,,,,,,,,,,,,,,,,,,,,,,,,,0
2019-06-01,1571,0,0,TALWAR RAJESH,AN AFGHAN WINTER-TALWAR RAJESH,AN AFGHAN WINTER,RAJESH TALWAR,,,,2011,,225,,,,,,,,,,,,,,,,,,,,,,,,,,,,,,,,,,,,,,,,,,,,,,,,,,,,,0
2019-06-01,1572,0,0,PAMUK ORHAN,SILENT HOUSE-PAMUK ORHAN,SILENT HOUSE,PENGUIN BOOKS N.D.,,,,2012,,334,,,,,,,,,,,,,,,,,,,,,,,,,,,,,,,,,,,,,,,,,,,,,,,,,,,,,0
2019-06-01,1576,0,0,GLODWELL MALCOLN,WHAT THE DOG SAW-GLODWELL MALCOLN,WHAT THE DOG SAW,PENGUIN BOOKS N.D.,,,,2009,,410,,,,,,,,,,,,,,,,,,,,,,,,,,,,,,,,,,,,,,,,,,,,,,,,,,,,,0
2019-06-01,1579,0,0,HANH THICH NHAL,UNDERSTANDING OUR MIND-HANH THICH NHAL,UNDERSTANDING OUR MIND,HARPER COLLINS INDIA,,,,2006,,251,,,,,,,,,,,,,,,,,,,,,,,,,,,,,,,,,,,,,,,,,,,,,,,,,,,,,0
2019-06-01,1580,0,0,MITTAL R.K.,POSILINE LESSONS IN ADMINISTRATION-MITTAL R.K.,POSILINE LESSONS IN ADMINISTRATION,COMBRIDGE UNIVERSITY PRESS,,,,2000,,212,,,,,,,,,,,,,,,,,,,,,,,,,,,,,,,,,,,,,,,,,,,,,,,,,,,,,0
2019-06-01,1588,0,0,SACHS JEFFERY,THE PRINCE OF CIVILAZATION-SACHS JEFFERY,THE PRINCE OF CIVILAZATION,VINTAGE BOOK LONDAN,,,,2012,,322,,,,,,,,,,,,,,,,,,,,,,,,,,,,,,,,,,,,,,,,,,,,,,,,,,,,,0
2019-06-01,1590,0,0,ARMSTRONG LANCE,IT'S NOT ABOUT THE BIKE : MY JOURNEY BACK TO LIFE-ARMSTRONG LANCE,IT'S NOT ABOUT THE BIKE : MY JOURNEY BACK TO LIFE,YELLOW LERSEQ LONDAN,,,,2001,,294,,,,,,,,,,,,,,,,,,,,,,,,,,,,,,,,,,,,,,,,,,,,,,,,,,,,,0
2019-06-01,1593,0,0,SETH SUHEL,GET TO THE TOP: 10 RULES FOR SOCIAL SUCCESS-SETH SUHEL,GET TO THE TOP: 10 RULES FOR SOCIAL SUCCESS,RANDOM HOUSE NEW YORK,,,,2011,,194,,,,,,,,,,,,,,,,,,,,,,,,,,,,,,,,,,,,,,,,,,,,,,,,,,,,,0
2019-06-01,1596,0,0,NEHRU KRISHNA,WE NEHRU'S-NEHRU KRISHNA,WE NEHRU'S,IBH PUBS CO.BOMBAY,,,,1976,,353,,,,,,,,,,,,,,,,,,,,,,,,,,,,,,,,,,,,,,,,,,,,,,,,,,,,,0
2019-06-01,1599,0,0,KHUSHWANT SINGH,THE LEGEND LINEN ON ---------KHUSHWANT SINGH,THE LEGEND LINEN ON --------,HAY HOUSE INDIA,,,,2014,,218,,,,,,,,,,,,,,,,,,,,,,,,,,,,,,,,,,,,,,,,,,,,,,,,,,,,,0
2019-06-01,1601,0,0,SEN S,MACBETH - WILLIAM SHAKESPEARE-SEN S,MACBETH - WILLIAM SHAKESPEARE,UNIQUE PUBS NEW DELHI,,,,2008,,413,,,,,,,,,,,,,,,,,,,,,,,,,,,,,,,,,,,,,,,,,,,,,,,,,,,,,0
2019-06-01,1605,0,0,CHATERJEE UPNANYA,ENLGISH AUGUST : AN INDIAN STORY-CHATERJEE UPNANYA,ENLGISH AUGUST : AN INDIAN STORY,PENGUIN BOOKS N.D.,,,,1998,,520,,,,,,,,,,,,,,,,,,,,,,,,,,,,,,,,,,,,,,,,,,,,,,,,,,,,,0
2019-06-01,1608,0,0,"NIETZSCHE , FRIEDRICH","ECCE HOMO : HOW ONE BECOMES WHAT ONE IS -NIETZSCHE , FRIEDRICH",ECCE HOMO : HOW ONE BECOMES WHAT ONE IS,PENGUIN BOOKS N.D.,,,,2004,,110,,,,,,,,,,,,,,,,,,,,,,,,,,,,,,,,,,,,,,,,,,,,,,,,,,,,,0
2019-06-01,1612,0,0,SHAW BERNARD,ARMS AND THE MAN-SHAW BERNARD,ARMS AND THE MAN,ORIENT PAPERBACK DELHI,,,,1961,,114,,,,,,,,,,,,,,,,,,,,,,,,,,,,,,,,,,,,,,,,,,,,,,,,,,,,,0
2019-06-01,1618,0,0,BASU G,1000 GENERAL QUIZ-BASU G,1000 GENERAL QUIZ,RUPA & CO.,,,,1990,,146,,,,,,,,,,,,,,,,,,,,,,,,,,,,,,,,,,,,,,,,,,,,,,,,,,,,,0
2019-06-01,1630,0,0,GARDEN RUTH,INSTANT HANDWRITING ANALYSIS-GARDEN RUTH,INSTANT HANDWRITING ANALYSIS,PUSTAK MAHAL DELHI,,,,1997,,147,,,,,,,,,,,,,,,,,,,,,,,,,,,,,,,,,,,,,,,,,,,,,,,,,,,,,0
2019-06-01,1632,0,0,ECO UNBERITO,FOUCAULT'S PENDULAM-ECO UNBERITO,FOUCAULT'S PENDULAM,RANDOM HOUSE NEW YORK,,,,1990,,527,,,,,,,,,,,,,,,,,,,,,,,,,,,,,,,,,,,,,,,,,,,,,,,,,,,,,0
2019-06-01,1635,0,0,CHOMSKY NOAM,MAKING THE FUTURE-CHOMSKY NOAM,MAKING THE FUTURE,PENGUIN BOOKS N.D.,,,,2012,,317,,,,,,,,,,,,,,,,,,,,,,,,,,,,,,,,,,,,,,,,,,,,,,,,,,,,,0
2019-06-01,1641,0,0,HESSE HERMANN,SIDDHARTHA-HESSE HERMANN,SIDDHARTHA,RUPA & CO.,,,,2012,,121,,,,,,,,,,,,,,,,,,,,,,,,,,,,,,,,,,,,,,,,,,,,,,,,,,,,,0
2019-06-01,1646,0,0,SINGH AVTAR,PRINCIPLES OF THE LAW OF EVIDENCE-SINGH AVTAR,PRINCIPLES OF THE LAW OF EVIDENCE,"CENTRAL LAW AGENCY,ALLAHABAD",,,,2005,,548,,,,,,,,,,,,,,,,,,,,,,,,,,,,,,,,,,,,,,,,,,,,,,,,,,,,,0
2019-06-01,1648,0,0,NARAYANA P.S.,THE LAW OF CONTEMPT-NARAYANA P.S.,THE LAW OF CONTEMPT,ASIA LAW HOUSE,,,,2012,,600,,,,,,,,,,,,,,,,,,,,,,,,,,,,,,,,,,,,,,,,,,,,,,,,,,,,,0
2019-06-01,1659,0,0,DEB R,PRINCIPLES OF CRIMINOLOGY : CRIMINAL LAW INVESTIGATION-DEB R,PRINCIPLES OF CRIMINOLOGY : CRIMINAL LAW INVESTIGATION,SARKAR & SONS CALCULTTA,,,,1991,,491,,,,,,,,,,,,,,,,,,,,,,,,,,,,,,,,,,,,,,,,,,,,,,,,,,,,,0
2019-06-01,1663,0,0,MURTHY H.V. SRINIWASA,HISTORY OF INDIA PART 1-MURTHY H.V. SRINIWASA,HISTORY OF INDIA PART 1,"EASTERN BOOK COMPANY,LUCKNOW",,,,2003,,288,,,,,,,,,,,,,,,,,,,,,,,,,,,,,,,,,,,,,,,,,,,,,,,,,,,,,0
2019-06-01,1670,0,0,SINGH DHARMENDRA,DNA EVIDENCE-SINGH DHARMENDRA,DNA EVIDENCE,"ALIA LAW AGENCY,ALLAHABAD",,,,2012,,226,,,,,,,,,,,,,,,,,,,,,,,,,,,,,,,,,,,,,,,,,,,,,,,,,,,,,0
2019-06-01,1671,0,0,SINGH AMIT,BHARTIY SANVIDHAN MANAVADHIKAR POLICE KE SAMAKSH CHUNAUTIYA AVOM POLICE SANVEDIKARAN-SINGH AMIT,BHARTIY SANVIDHAN MANAVADHIKAR POLICE KE SAMAKSH CHUNAUTIYA AVOM POLICE SANVEDIKARAN,UNIVERSAL LAW PUBS.CO.,,,,2015,,319,,,,,,,,,,,,,,,,,,,,,,,,,,,,,,,,,,,,,,,,,,,,,,,,,,,,,0
2019-06-01,1676,0,0,SINGH YOGENDRA PRATAP (SAMP),RAM SAHITYA KOSH KHAND 2-SINGH YOGENDRA PRATAP (SAMP),RAM SAHITYA KOSH KHAND 2,RAJKAMAL PRAKASHAN,,,,2014,,794,,,,,,,,,,,,,,,,,,,,,,,,,,,,,,,,,,,,,,,,,,,,,,,,,,,,,0
2019-06-01,1682,0,0,PATHAK D.C.,INTELLIGENCE : A SOCIETY WEAPANS-PATHAK D.C.,INTELLIGENCE : A SOCIETY WEAPANS,MANAS PUBISHING HOUSE DELHI,,,,2003,,197,,,,,,,,,,,,,,,,,,,,,,,,,,,,,,,,,,,,,,,,,,,,,,,,,,,,,0
2019-06-01,1690,0,0,JAFRI BILQUIS,KHANQAH - E - AALIA NIAZIA AN EPITONE OF SUFISM-JAFRI BILQUIS,KHANQAH - E - AALIA NIAZIA AN EPITONE OF SUFISM,DR.BILQUIS JAFRI,,,,2008,,110,,,,,,,,,,,,,,,,,,,,,,,,,,,,,,,,,,,,,,,,,,,,,,,,,,,,,0
2019-06-01,1694,0,0,BANHAM GURNEY,CASSELL'S CLASSIFIED QUOTATIONS-BANHAM GURNEY,CASSELL'S CLASSIFIED QUOTATIONS,CASSELL & CO.LONDAN,,,,1944,,653,,,,,,,,,,,,,,,,,,,,,,,,,,,,,,,,,,,,,,,,,,,,,,,,,,,,,0
2019-06-01,1695,0,0,FLOWER RAYMOND,NAPOLEON TO NASSER : THE STORY OF MODERN EGYPT-FLOWER RAYMOND,NAPOLEON TO NASSER : THE STORY OF MODERN EGYPT,TOMSTACY LONDAN,,,,1972,,271,,,,,,,,,,,,,,,,,,,,,,,,,,,,,,,,,,,,,,,,,,,,,,,,,,,,,0
2019-06-01,1698,0,0,VENKATARAMAN G.R,CHAR DHRAM YATRA ESCTATIC FLIGHT IN TO HIMALAYAS-VENKATARAMAN G.R,CHAR DHRAM YATRA ESCTATIC FLIGHT IN TO HIMALAYAS,BHARTIYA VIDHYA BHAWAN,,,,1988,,95,,,,,,,,,,,,,,,,,,,,,,,,,,,,,,,,,,,,,,,,,,,,,,,,,,,,,0
2019-06-01,1703,0,0,ALL INDIA CHINMAYA YUVA KENDRA,AWAKING INDIANS TO INDIA-ALL INDIA CHINMAYA YUVA KENDRA,AWAKING INDIANS TO INDIA,CAMBE CHINMAYA MISSION TRUST`,,,,2003,,496,,,,,,,,,,,,,,,,,,,,,,,,,,,,,,,,,,,,,,,,,,,,,,,,,,,,,0
2019-06-01,1705,0,0,PURANI A.B.,THE LIFE OF SRI AUROBINDO-PURANI A.B.,THE LIFE OF SRI AUROBINDO,SRI AUROBINDO ASHRAM PANDICHERRY,,,,1995,,440,,,,,,,,,,,,,,,,,,,,,,,,,,,,,,,,,,,,,,,,,,,,,,,,,,,,,0
2019-06-01,1709,0,0,SINGH RAJESH,HUMAN SPECIES & BEYOND-SINGH RAJESH,HUMAN SPECIES & BEYOND,SYNERGY BOOKS AUSTER TEXAS,,,,2006,,272,,,,,,,,,,,,,,,,,,,,,,,,,,,,,,,,,,,,,,,,,,,,,,,,,,,,,0
2019-06-01,1710,0,0,GUPTA RAJIV R,SPIRITUALITY UNPLUGGED-GUPTA RAJIV R,SPIRITUALITY UNPLUGGED,JACO PUB BOMBAY,,,,2006,,262,,,,,,,,,,,,,,,,,,,,,,,,,,,,,,,,,,,,,,,,,,,,,,,,,,,,,0
2019-06-01,1716,0,0,AHUJA M.L.,EMINENT INDIANS LITERATIVE-AHUJA M.L.,EMINENT INDIANS LITERATIVE,RUPA & CO.,,,,2006,,106,,,,,,,,,,,,,,,,,,,,,,,,,,,,,,,,,,,,,,,,,,,,,,,,,,,,,0
2019-06-01,1717,0,0,EYSNCK H.J.,CHECK YOUR OWN I Q-EYSNCK H.J.,CHECK YOUR OWN I Q,PENGUIN BOOKS N.D.,,,,1996,,190,,,,,,,,,,,,,,,,,,,,,,,,,,,,,,,,,,,,,,,,,,,,,,,,,,,,,0
2019-06-01,1720,0,0,OUTLOOK TRAVELLER DELHI TOURISM,OUT LOOK TRAVELLER GETWAYS-OUTLOOK TRAVELLER DELHI TOURISM,OUT LOOK TRAVELLER GETWAYS,DELHI TOURISM OUTLOOK,,,,2003,,358,,,,,,,,,,,,,,,,,,,,,,,,,,,,,,,,,,,,,,,,,,,,,,,,,,,,,0
2019-06-01,1723,0,0,SWAMI PRABHUPEDA,BHAGAVAD GITA AS IT IS-SWAMI PRABHUPEDA,BHAGAVAD GITA AS IT IS,BHAKTINEDANTA BOOK TRUST,,,,1994,,1047,,,,,,,,,,,,,,,,,,,,,,,,,,,,,,,,,,,,,,,,,,,,,,,,,,,,,0
2019-06-01,1726,0,0,MUKHARJEE RUDRAGSHU,GREAT SPEECHES OF MODERN INDIA-MUKHARJEE RUDRAGSHU,GREAT SPEECHES OF MODERN INDIA,RANDOM HOUSE NEW YORK,,,,2014,,502,,,,,,,,,,,,,,,,,,,,,,,,,,,,,,,,,,,,,,,,,,,,,,,,,,,,,0
2019-06-01,1729,0,0,MASAN PHILIP,A MATTER OF HONOUR : INDIAN ARMY & OFFICER & MENS-MASAN PHILIP,A MATTER OF HONOUR : INDIAN ARMY & OFFICER & MENS,EBD EDUCATION DEHRADUN,,,,1988,,580,,,,,,,,,,,,,,,,,,,,,,,,,,,,,,,,,,,,,,,,,,,,,,,,,,,,,0
2019-06-01,1731,0,0,AMITABH BACHCHAN,SOUL CURRY FOR YOU AND ME-AMITABH BACHCHAN,SOUL CURRY FOR YOU AND ME,POPULAR PRAKASHAN,,,,2003,,125,,,,,,,,,,,,,,,,,,,,,,,,,,,,,,,,,,,,,,,,,,,,,,,,,,,,,0
2019-06-01,1733,0,0,RODIONOV V.V.,THE FASCINATING WORLD OF BEES-RODIONOV V.V.,THE FASCINATING WORLD OF BEES,MIR PUBS MOSCOV,,,,1986,,308,,,,,,,,,,,,,,,,,,,,,,,,,,,,,,,,,,,,,,,,,,,,,,,,,,,,,0
2019-06-01,1736,0,0,AKBER M.J.,INDIA : THE STAGE WITH IN-AKBER M.J.,INDIA : THE STAGE WITH IN,PENGUIN BOOKS N.D.,,,,1985,,325,,,,,,,,,,,,,,,,,,,,,,,,,,,,,,,,,,,,,,,,,,,,,,,,,,,,,0
2019-06-01,1738,0,0,BANSAL RASHMI,CONNECT THE DOTS-BANSAL RASHMI,CONNECT THE DOTS,WESTLAND LTD.CHENNAI,,,,2012,,334,,,,,,,,,,,,,,,,,,,,,,,,,,,,,,,,,,,,,,,,,,,,,,,,,,,,,0
2019-06-01,1747,0,0,TIMES OF INDIA,THE BEST SPEAKING TREE VOL.8-TIMES OF INDIA,THE BEST SPEAKING TREE VOL.8,TIMES GROUP BOOKS,,,,2013,,192,,,,,,,,,,,,,,,,,,,,,,,,,,,,,,,,,,,,,,,,,,,,,,,,,,,,,0
2019-06-01,1749,0,0,BANGEA R.K.,THE LAW OF TORTS-BANGEA R.K.,THE LAW OF TORTS,ALLAHABAD LAW AGENCY,,,,1994,,523,,,,,,,,,,,,,,,,,,,,,,,,,,,,,,,,,,,,,,,,,,,,,,,,,,,,,0
2019-06-01,1757,0,0,HARGRANE ROBERT L,INDIA : GOVERNMENT & POLITICS IN DEVELOPING NATION-HARGRANE ROBERT L,INDIA : GOVERNMENT & POLITICS IN DEVELOPING NATION,,,,,,,,,,,,,,,,,,,,,,,,,,,,,,,,,,,,,,,,,,,,,,,,,,,,,,,,,,,,0
2019-06-01,1762,0,0,BLONDEL JEAN,COMPORATIVE GOVERNMENT-BLONDEL JEAN,COMPORATIVE GOVERNMENT,MACMILLAN,,,,,,269,,,,,,,,,,,,,,,,,,,,,,,,,,,,,,,,,,,,,,,,,,,,,,,,,,,,,0
2019-06-01,1765,0,0,POULOSE T.T. (ED.),PERPECTIVIES OF INDIA'S NUCLEAR POLICY-POULOSE T.T. (ED.),PERPECTIVIES OF INDIA'S NUCLEAR POLICY,YOUNG INDIA PUBS,,,,1978,,252,,,,,,,,,,,,,,,,,,,,,,,,,,,,,,,,,,,,,,,,,,,,,,,,,,,,,0
2019-06-01,1769,0,0,VARMA S.P.,MODERN POLITICAL THEORY-VARMA S.P.,MODERN POLITICAL THEORY,VIKASH PUB.HOUSE,,,,1975,,447,,,,,,,,,,,,,,,,,,,,,,,,,,,,,,,,,,,,,,,,,,,,,,,,,,,,,0
2019-06-01,1774,0,0,RAHMAN M.N.,THE POLITICS OF NON-ALIGNMENT-RAHMAN M.N.,THE POLITICS OF NON-ALIGNMENT,ASSOCIATE PUBS HOUSE,,,,1969,,267,,,,,,,,,,,,,,,,,,,,,,,,,,,,,,,,,,,,,,,,,,,,,,,,,,,,,0
2019-06-01,1778,0,0,COKER FRANCIS W,RECENT POLITICAL THOUGHT-COKER FRANCIS W,RECENT POLITICAL THOUGHT,,,,,572,,,,,,,,,,,,,,,,,,,,,,,,,,,,,,,,,,,,,,,,,,,,,,,,,,,,,,,0
2019-06-01,1786,0,0,BALKRISHNA,PRINCIPLES OF CIVICS-BALKRISHNA,PRINCIPLES OF CIVICS,KITAB MAHAL ALLAHABAD,,,,1971,,403,,,,,,,,,,,,,,,,,,,,,,,,,,,,,,,,,,,,,,,,,,,,,,,,,,,,,0
2019-06-01,1790,0,0,ATLEKAR A.S.,STATE & GOVERNMENT IN ANCIENT INDIA-ATLEKAR A.S.,STATE & GOVERNMENT IN ANCIENT INDIA,MOTILAL BANARAIDAS DELHI,,,,1977,,406,,,,,,,,,,,,,,,,,,,,,,,,,,,,,,,,,,,,,,,,,,,,,,,,,,,,,0
2019-06-01,1795,0,0,MCLALLAN DAVID S,THE THEORY & PRACTICE OF INTERNATIONAL RELATION-MCLALLAN DAVID S,THE THEORY & PRACTICE OF INTERNATIONAL RELATION,PRENTICE HALL NEW DELHI,,,,1977,,492,,,,,,,,,,,,,,,,,,,,,,,,,,,,,,,,,,,,,,,,,,,,,,,,,,,,,0
2019-06-01,1799,0,0,KAPLAN MORTAN A,SYSTEM & PROCESS IN INTERNATIONAL POLITICS-KAPLAN MORTAN A,SYSTEM & PROCESS IN INTERNATIONAL POLITICS,JOHN WILEY & SONS LANDON,,,,1957,,283,,,,,,,,,,,,,,,,,,,,,,,,,,,,,,,,,,,,,,,,,,,,,,,,,,,,,0
2019-06-01,1802,0,0,RAMASWAMY B.S.,CONTRACTS AND THEIR MANAGEMENT-RAMASWAMY B.S.,CONTRACTS AND THEIR MANAGEMENT,LEXIS NEXIS GURGAON,,,,2013,,594,,,,,,,,,,,,,,,,,,,,,,,,,,,,,,,,,,,,,,,,,,,,,,,,,,,,,0
2019-06-01,1811,0,0,SHARMA S.R.,THE MAKING OF MODERN INDIA-SHARMA S.R.,THE MAKING OF MODERN INDIA,ORINT LONGMANN DELHI,,,,1951,,599,,,,,,,,,,,,,,,,,,,,,,,,,,,,,,,,,,,,,,,,,,,,,,,,,,,,,0
2019-06-01,1814,0,0,JOHARI J.C.,INDIAN GOVT. & POLITICS-JOHARI J.C.,INDIAN GOVT. & POLITICS,,,,,,,486,,,,,,,,,,,,,,,,,,,,,,,,,,,,,,,,,,,,,,,,,,,,,,,,,,,,,0
2019-06-01,1818,0,0,FREEMAN EUGENE,THE WISDOM & IDEAS OF PLATO-FREEMAN EUGENE,THE WISDOM & IDEAS OF PLATO,FOWCATT PUB.NEW YORK,,,,,,160,,,,,,,,,,,,,,,,,,,,,,,,,,,,,,,,,,,,,,,,,,,,,,,,,,,,,0
2019-06-01,1820,0,0,RAO RAJA,KANTHAPURA-RAO RAJA,KANTHAPURA,OXFORD UNIVERSITY PRESS,,,,1974,,266,,,,,,,,,,,,,,,,,,,,,,,,,,,,,,,,,,,,,,,,,,,,,,,,,,,,,0
2019-06-01,1826,0,0,WILSON ANIL (ED.),WHISPERES OF IMMORTALITY-WILSON ANIL (ED.),WHISPERES OF IMMORTALITY,INTER UNIVERSITY PRESS DELHI,,,,2004,,226,,,,,,,,,,,,,,,,,,,,,,,,,,,,,,,,,,,,,,,,,,,,,,,,,,,,,0
2019-06-01,1827,0,0,OXFORD UNIVERSITY PRESS,EXERCISES IN ENGLISH COMPOSITON-OXFORD UNIVERSITY PRESS,EXERCISES IN ENGLISH COMPOSITON,OXFORD UNIVERSITY PRESS,,,,1967,,184,,,,,,,,,,,,,,,,,,,,,,,,,,,,,,,,,,,,,,,,,,,,,,,,,,,,,0
2019-06-01,1832,0,0,HARWARD PETER,PERFECT YOUR SENTENCES-HARWARD PETER,PERFECT YOUR SENTENCES,ORINT LONGMANN DELHI,,,,2002,,56,,,,,,,,,,,,,,,,,,,,,,,,,,,,,,,,,,,,,,,,,,,,,,,,,,,,,0
2019-06-01,1833,0,0,HARWARD PETER,PERFECT YOUR PUNCLUATION-HARWARD PETER,PERFECT YOUR PUNCLUATION,ORINT LONGMANN DELHI,,,,2004,,49,,,,,,,,,,,,,,,,,,,,,,,,,,,,,,,,,,,,,,,,,,,,,,,,,,,,,0
2019-06-01,1836,0,0,NARAYAN R.K.,UNDER THE BANYAN TREEE & OTHER STORIES-NARAYAN R.K.,UNDER THE BANYAN TREEE & OTHER STORIES,INDIAN THOUGHT PUBS MYSORE,,,,1999,,192,,,,,,,,,,,,,,,,,,,,,,,,,,,,,,,,,,,,,,,,,,,,,,,,,,,,,0
2019-06-01,1839,0,0,SRI AUROBINDO ASHRAM,THE MOTHER : TALES OF ALL TIMES-SRI AUROBINDO ASHRAM,THE MOTHER : TALES OF ALL TIMES,SRI AUROBINDO ASHRAM TRUST,,,,2001,,138,,,,,,,,,,,,,,,,,,,,,,,,,,,,,,,,,,,,,,,,,,,,,,,,,,,,,0
2019-06-01,1841,0,0,SETHI J.,A PRACTICAL COURSE IN ENGLISH PRONOUNCIATION-SETHI J.,A PRACTICAL COURSE IN ENGLISH PRONOUNCIATION,PRINTICE HALL NEW DELHI,,,,2004,,222,,,,,,,,,,,,,,,,,,,,,,,,,,,,,,,,,,,,,,,,,,,,,,,,,,,,,0
2019-06-01,1846,0,0,DICKENS CHARLES,DAVID COPPERFILD-DICKENS CHARLES,DAVID COPPERFILD,VIKASH PUBS.HOUSE,,,,1996,,146,,,,,,,,,,,,,,,,,,,,,,,,,,,,,,,,,,,,,,,,,,,,,,,,,,,,,0
2019-06-01,1849,0,0,ALCOTT LOUISA M,LITTLE WOMEN-ALCOTT LOUISA M,LITTLE WOMEN,VIKASH PUBS.HOUSE,,,,1997,,104,,,,,,,,,,,,,,,,,,,,,,,,,,,,,,,,,,,,,,,,,,,,,,,,,,,,,0
2019-06-01,1851,0,0,MAURIER DAPHNE DU,REBECCA -MAURIER DAPHNE DU,REBECCA,MADHUBAN EDUCATIONAL BOOK,,,,1996,,152,,,,,,,,,,,,,,,,,,,,,,,,,,,,,,,,,,,,,,,,,,,,,,,,,,,,,0
2019-06-01,1854,0,0,DOYLE ARTHUR CONAN,THE HOUND OF THE BASKERVILAS-DOYLE ARTHUR CONAN,THE HOUND OF THE BASKERVILAS,MADHUBAN EDUCATIONAL BOOK,,,,1996,,96,,,,,,,,,,,,,,,,,,,,,,,,,,,,,,,,,,,,,,,,,,,,,,,,,,,,,0
2019-06-01,1861,0,0,TZU SUN,THE ART OF WAR-TZU SUN,THE ART OF WAR,SHAMBHALA PUBS BOSTAN,,,,1999,,172,,,,,,,,,,,,,,,,,,,,,,,,,,,,,,,,,,,,,,,,,,,,,,,,,,,,,0
2019-06-01,1864,0,0,AHMED AQIL,TEXT BOOK OF MOHAMMADAN LAW-AHMED AQIL,TEXT BOOK OF MOHAMMADAN LAW,CENTRAL LAW PUBLICATION ALLAHABAD,,,,1994,,312,,,,,,,,,,,,,,,,,,,,,,,,,,,,,,,,,,,,,,,,,,,,,,,,,,,,,0
2019-06-01,1866,0,0,CHAKRAVARTI K.P.,THE HINDU MAARIAGE ACT 1955-CHAKRAVARTI K.P.,THE HINDU MAARIAGE ACT 1955,HIND PUBLISHING HOUSE ALLAHABAD,,,,1994,,420,,,,,,,,,,,,,,,,,,,,,,,,,,,,,,,,,,,,,,,,,,,,,,,,,,,,,0
2019-06-01,1875,0,0,AGWANI,D�TENTE-AGWANI,D�TENTE,,,,,,,268,,,,,,,,,,,,,,,,,,,,,,,,,,,,,,,,,,,,,,,,,,,,,,,,,,,,,0
2019-06-01,1878,0,0,MITTAL J.K.,INDIAN LEGAL HISTORY-MITTAL J.K.,INDIAN LEGAL HISTORY,CENTRAL LAW AGENCY ALLAHABAD,,,,1990,,346,,,,,,,,,,,,,,,,,,,,,,,,,,,,,,,,,,,,,,,,,,,,,,,,,,,,,0
2019-06-01,1880,0,0,KUMAR MEHENDRA,THEORETICAL ASPECTS OF INTERNATIONAL POLITICS-KUMAR MEHENDRA,THEORETICAL ASPECTS OF INTERNATIONAL POLITICS,SHIVLAL AGARWAL CO.DELHI,,,,1980,,536,,,,,,,,,,,,,,,,,,,,,,,,,,,,,,,,,,,,,,,,,,,,,,,,,,,,,0
2019-06-01,1888,0,0,"RAJAN, MS (ED)","INDIA AND THE INTERNATIONAL SYSTEM-RAJAN, MS (ED)",INDIA AND THE INTERNATIONAL SYSTEM,VIKAS PUBLISHER,,,,1981,,384,,,,,,,,,,,,,,,,,,,,,,,,,,,,,,,,,,,,,,,,,,,,,,,,,,,,,0
2019-06-01,52,0,0,SWAMI PRABHUPAAD,BHAGWAN SHRI CHAITANYA MAHAPRABHU KA SHIKSHAMRIT-SWAMI PRABHUPAAD,BHAGWAN SHRI CHAITANYA MAHAPRABHU KA SHIKSHAMRIT,"MUKTI VEDANT BOOK TRUST,MUMBAI",,,,,,296,,,,,,,,,,,,,,,,,,,,,,,,,,,,,,,,,,,,,,,,,,,,,,,,,,,,,0
2019-06-01,55,0,0,"BULKE,FATHER KAMIL","RAM KATHA- UTPATTI AUR VIKAS-BULKE,FATHER KAMIL",RAM KATHA- UTPATTI AUR VIKAS,"HINDI PARISHAD,PRAYAG",,,,2007,,666,,,,,,,,,,,,,,,,,,,,,,,,,,,,,,,,,,,,,,,,,,,,,,,,,,,,,0
2019-06-01,72,0,0,"GUPTA,AYODHYA PRASAD","KOCH KI RAMLEELA-GUPTA,AYODHYA PRASAD",KOCH KI RAMLEELA,VANI PRAKASHAN,,,,2015,,188,,,,,,,,,,,,,,,,,,,,,,,,,,,,,,,,,,,,,,,,,,,,,,,,,,,,,0
2019-06-01,79,0,0,SHRI PATHERCHETTI RAM LEELA COMMEITEE,SHRI RAMLEELA SMARIKA-SHRI PATHERCHETTI RAM LEELA COMMEITEE,SHRI RAMLEELA SMARIKA,"SHRI PATHARCHETTI RAMLEELA COMMETTEE ,ALLAHABAD",,,,1290,,241,,,,,,,,,,,,,,,,,,,,,,,,,,,,,,,,,,,,,,,,,,,,,,,,,,,,,0
2019-06-01,100,0,0,"SHARMA,SHRI RAM","ATARV VEDA II-SHARMA,SHRI RAM",ATARV VEDA II,"SANSKRITI SANSTHAN,BAREILY",,,,2009,,1080,,,,,,,,,,,,,,,,,,,,,,,,,,,,,,,,,,,,,,,,,,,,,,,,,,,,,0
2019-06-01,103,0,0,"SHARMA,SHRI RAM","RIGVEDA III-SHARMA,SHRI RAM",RIGVEDA III,"SANSKRITI SANSTHAN,BAREILY",,,,2008,,1436,,,,,,,,,,,,,,,,,,,,,,,,,,,,,,,,,,,,,,,,,,,,,,,,,,,,,0
2019-06-01,115,0,0,RASIK MANDAL,UDHAV SHATAK-RASIK MANDAL,UDHAV SHATAK,"INDIAN PUBLICATION,PRAYAG",,,,1990,,130,,,,,,,,,,,,,,,,,,,,,,,,,,,,,,,,,,,,,,,,,,,,,,,,,,,,,0
2019-06-01,117,0,0,"PANDEY,VAIJNATH","CHARAN PADUKA-PANDEY,VAIJNATH",CHARAN PADUKA,"PUSTAK PATH,DELHI",,,,2017,,102,,,,,,,,,,,,,,,,,,,,,,,,,,,,,,,,,,,,,,,,,,,,,,,,,,,,,0
2019-06-01,123,0,0,"SHARMA,SHRI RAM","MARNE KE BAAD HAMARA KYA HOTA HAI-SHARMA,SHRI RAM",MARNE KE BAAD HAMARA KYA HOTA HAI,"YUG NIRMAN YOJNA,MATHURA",,,,2007,,48,,,,,,,,,,,,,,,,,,,,,,,,,,,,,,,,,,,,,,,,,,,,,,,,,,,,,0
2019-06-01,138,0,0,SHIVANAND MATH,SEWA-SHUDIKARAN KA MARG-SHIVANAND MATH,SEWA-SHUDIKARAN KA MARG,"SHIVANAND MATH,MUNGER",,,,2007,,40,,,,,,,,,,,,,,,,,,,,,,,,,,,,,,,,,,,,,,,,,,,,,,,,,,,,,0
2019-06-01,141,0,0,AKHANDANAND SARASWATI,BHAKTI VISHESTAYEIN-AKHANDANAND SARASWATI,BHAKTI VISHESTAYEIN,"SATYA SAHITYA PRAKASHAN TRUST,MUMBAI",,,,1993,,26,,,,,,,,,,,,,,,,,,,,,,,,,,,,,,,,,,,,,,,,,,,,,,,,,,,,,0
2019-06-01,150,0,0,AKHANDANAND SARASWATI,MOHAN KI MOHNI-AKHANDANAND SARASWATI,MOHAN KI MOHNI,"SAHITYA PRAKASHAN TRUST,MUMBAI",,,,2010,,31,,,,,,,,,,,,,,,,,,,,,,,,,,,,,,,,,,,,,,,,,,,,,,,,,,,,,0
2019-06-01,156,0,0,"GAUTAM,CHAMANLAL","GAYATRI HAWAN VIDHAN-GAUTAM,CHAMANLAL",GAYATRI HAWAN VIDHAN,"SANSKRITI SANSTHAN,BAREILY",,,,2005,,32,,,,,,,,,,,,,,,,,,,,,,,,,,,,,,,,,,,,,,,,,,,,,,,,,,,,,0
2019-06-01,218,0,0,YASHPAL,DESHDROHI-YASHPAL,DESHDROHI,"LOKBHARTI,ALLAHABAD",,,,1978,,250,,,,,,,,,,,,,,,,,,,,,,,,,,,,,,,,,,,,,,,,,,,,,,,,,,,,,0
2019-06-01,222,0,0,"PRASAD,JAI SHANKAR","CHAYA/PRATIDHWANI-PRASAD,JAI SHANKAR",CHAYA/PRATIDHWANI,"BHARTIYA GRANTH NIKETAN,DELHI",,,,,,42,,,,,,,,,,,,,,,,,,,,,,,,,,,,,,,,,,,,,,,,,,,,,,,,,,,,,0
2019-06-01,228,0,0,"PUSHPA,MAITRAYEE","EDATRAMAM-PUSHPA,MAITRAYEE",EDATRAMAM,"RAJKAMAL,DELHI",,,,2012,,424,,,,,,,,,,,,,,,,,,,,,,,,,,,,,,,,,,,,,,,,,,,,,,,,,,,,,0
2019-06-01,233,0,0,SHIVPRASAD SINGH,NEELA CHAND-SHIVPRASAD SINGH,NEELA CHAND,VANI PRAKASHAN,,,,2007,,536,,,,,,,,,,,,,,,,,,,,,,,,,,,,,,,,,,,,,,,,,,,,,,,,,,,,,0
2019-06-01,241,0,0,"HAIDAR,KURTULAIN","CHANDI BEGUM-HAIDAR,KURTULAIN",CHANDI BEGUM,"BHARITYA GYANPEETH,NEW DELHI",,,,2004,,310,,,,,,,,,,,,,,,,,,,,,,,,,,,,,,,,,,,,,,,,,,,,,,,,,,,,,0
2019-06-01,246,0,0,"AGNIHOTRI,KRISHNA","NEELOPHAR-AGNIHOTRI,KRISHNA",NEELOPHAR,"NATIONAL PUBLISHING,NEW DELHI",,,,1985,,215,,,,,,,,,,,,,,,,,,,,,,,,,,,,,,,,,,,,,,,,,,,,,,,,,,,,,0
2019-06-01,248,0,0,UPENDRA NATH ASHQ,BADI BADI ANKE-UPENDRA NATH ASHQ,BADI BADI ANKE,NEELABH PRAKASHAN,,,,1985,,160,,,,,,,,,,,,,,,,,,,,,,,,,,,,,,,,,,,,,,,,,,,,,,,,,,,,,0
2019-06-01,253,0,0,"KANTA,BHARTIYA","RET KI MACHLI-KANTA,BHARTIYA",RET KI MACHLI,"LOKBHARTI,ALLAHABAD",,,,1981,,214,,,,,,,,,,,,,,,,,,,,,,,,,,,,,,,,,,,,,,,,,,,,,,,,,,,,,0
2019-06-01,256,0,0,CHATUSEN,MATRABHOOMI-CHATUSEN,MATRABHOOMI,"PRABHAT PRAKASHAN,DELHI",,,,1988,,248,,,,,,,,,,,,,,,,,,,,,,,,,,,,,,,,,,,,,,,,,,,,,,,,,,,,,0
2019-06-01,264,0,0,"OJHA,SANHAIYALAL","BHARTIYA SARVSHRESHTA KAHANIYA I KHAND-OJHA,SANHAIYALAL",BHARTIYA SARVSHRESHTA KAHANIYA I KHAND,"BHARTIYA BHASHA PARISHAD,KOLKATA",,,,1987,,382,,,,,,,,,,,,,,,,,,,,,,,,,,,,,,,,,,,,,,,,,,,,,,,,,,,,,0
2019-06-01,274,0,0,"VISHT,PANKAJ","LEKIN DARWAJA-VISHT,PANKAJ",LEKIN DARWAJA,"RAJKAMAL,DELHI",,,,1997,,388,,,,,,,,,,,,,,,,,,,,,,,,,,,,,,,,,,,,,,,,,,,,,,,,,,,,,0
2019-06-01,280,0,0,"CHATURVEDI,SHIV SAHAY","HAMARI LOK KATHAYEIN-CHATURVEDI,SHIV SAHAY",HAMARI LOK KATHAYEIN,"SASTA SAHITYA MANDAL,NEW DELHI",,,,1996,,155,,,,,,,,,,,,,,,,,,,,,,,,,,,,,,,,,,,,,,,,,,,,,,,,,,,,,0
2019-06-01,293,0,0,"OJHA,SANHAIYALAL","BHARTIYA SARVSHRESHTA KAHANIYA KHAND-2-OJHA,SANHAIYALAL",BHARTIYA SARVSHRESHTA KAHANIYA KHAND-2,"BHARTIYA BHASHA PARISHAD,KOLKATA",,,,1989,,736,,,,,,,,,,,,,,,,,,,,,,,,,,,,,,,,,,,,,,,,,,,,,,,,,,,,,0
2019-06-01,297,0,0,"RAZIYA NOOR,MOHAMMAD","DOCTOR SALEEM-RAZIYA NOOR,MOHAMMAD",DOCTOR SALEEM,"KADAMBARI PRAKASHAN,DELHI",,,,1990,,127,,,,,,,,,,,,,,,,,,,,,,,,,,,,,,,,,,,,,,,,,,,,,,,,,,,,,0
2019-06-01,303,0,0,PREMCHANDRA,MANSAROVAR -6-PREMCHANDRA,MANSAROVAR -6,"DIAMOND POCKET BOOKS,DELHI",,,,,,237,,,,,,,,,,,,,,,,,,,,,,,,,,,,,,,,,,,,,,,,,,,,,,,,,,,,,0
2019-06-01,309,0,0,PREMCHANDRA,MANSAROVER-1-PREMCHANDRA,MANSAROVER-1,HANS PRAKASHAN,,,,1983,,344,,,,,,,,,,,,,,,,,,,,,,,,,,,,,,,,,,,,,,,,,,,,,,,,,,,,,0
2019-06-01,313,0,0,PREMCHANDRA,MANSAROVER-3-PREMCHANDRA,MANSAROVER-3,"RAJKAMAL,DELHI",,,,1998,,286,,,,,,,,,,,,,,,,,,,,,,,,,,,,,,,,,,,,,,,,,,,,,,,,,,,,,0
2019-06-01,324,0,0,"KOHLI,NARENDRA","KSHAMA KARNA JIJI-KOHLI,NARENDRA",KSHAMA KARNA JIJI,BHARIYA GYAN PEETH,,,,2004,,110,,,,,,,,,,,,,,,,,,,,,,,,,,,,,,,,,,,,,,,,,,,,,,,,,,,,,0
2019-06-01,333,0,0,NARENDRA MOHAN SAMPADAK,VYAWASTHA VIRODHI KAHANIYAAN-NARENDRA MOHAN SAMPADAK,VYAWASTHA VIRODHI KAHANIYAAN,"PRABHAT PRAKASHAN,DELHI",,,,1986,,229,,,,,,,,,,,,,,,,,,,,,,,,,,,,,,,,,,,,,,,,,,,,,,,,,,,,,0
2019-06-01,388,0,0,"TRIPATHI,RAMNARESH(SAMPADAK)","KAVITA KAUMIDI TISRA BHAAG-TRIPATHI,RAMNARESH(SAMPADAK)",KAVITA KAUMIDI TISRA BHAAG,HINDI MANDIR SULTANPUR,,,,1984,,63,,,,,,,,,,,,,,,,,,,,,,,,,,,,,,,,,,,,,,,,,,,,,,,,,,,,,0
2019-06-01,393,0,0,SHIKSHA NIDESHAK U.P.,KAVYANJALI-SHIKSHA NIDESHAK U.P.,KAVYANJALI,SHIKSHA NIDESHAK U.P.,,,,1975,,267,,,,,,,,,,,,,,,,,,,,,,,,,,,,,,,,,,,,,,,,,,,,,,,,,,,,,0
2019-06-01,405,0,0,"GUPT,MATHILISHARAN","YASHODHRA-GUPT,MATHILISHARAN",YASHODHRA,SAHITYA SADAN JHANSHI,,,,,,112,,,,,,,,,,,,,,,,,,,,,,,,,,,,,,,,,,,,,,,,,,,,,,,,,,,,,0
2019-06-01,422,0,0,"BRIJLAL,TRILOKINATH (SAMPADAK)","DWAMA NIBANDH SANGRAH-BRIJLAL,TRILOKINATH (SAMPADAK)",DWAMA NIBANDH SANGRAH,HINDI PRACHAR SABHA MATHURA,,,,1972,,22,,,,,,,,,,,,,,,,,,,,,,,,,,,,,,,,,,,,,,,,,,,,,,,,,,,,,0
2019-06-01,434,0,0,"GARG,LAKSHMINARAYAN (SAMPADAK)","FILMY VIVIDH GEET ANK-9-GARG,LAKSHMINARAYAN (SAMPADAK)",FILMY VIVIDH GEET ANK-9,SANGEET KARYALA HATHRUS U.P.,,,,1998,,188,,,,,,,,,,,,,,,,,,,,,,,,,,,,,,,,,,,,,,,,,,,,,,,,,,,,,0
2019-06-01,440,0,0,RAJKAMAL PRAKASHAN,PRATINIDHI KAVITAE-FAIZ AHMAD FAIZ-RAJKAMAL PRAKASHAN,PRATINIDHI KAVITAE-FAIZ AHMAD FAIZ,RAJKAMAL PRAKASHAN DELHI,,,,2013,,160,,,,,,,,,,,,,,,,,,,,,,,,,,,,,,,,,,,,,,,,,,,,,,,,,,,,,0
2019-06-01,447,0,0,"MISHR,VISHWANATH PRASAD (SAMPADAK)","KAVITAWALI-MISHR,VISHWANATH PRASAD (SAMPADAK)",KAVITAWALI,,,,,,,,,,,,,,,,,,,,,,,,,,,,,,,,,,,,,,,,,,,,,,,,,,,,,,,,,,,,0
2019-06-01,451,0,0,SINGH YASHPAL,BIKHRE PHOOL-SINGH YASHPAL,BIKHRE PHOOL,RAMRAJYA PRAKASHAN LUCKNOW,,,,1974,,55,,,,,,,,,,,,,,,,,,,,,,,,,,,,,,,,,,,,,,,,,,,,,,,,,,,,,0
2019-06-01,453,0,0,"DIXIT,RAJESH","GEET GODAWARI-DIXIT,RAJESH",GEET GODAWARI,VAANI MANDIR MATHURA,,,,1988,,112,,,,,,,,,,,,,,,,,,,,,,,,,,,,,,,,,,,,,,,,,,,,,,,,,,,,,0
2019-06-01,464,0,0,"PANDEY,SURESH","BAND ZINDAGI AUR VIDHROH-PANDEY,SURESH",BAND ZINDAGI AUR VIDHROH,HINDI PRACHAR SABHA MATHURA,,,,1969,,48,,,,,,,,,,,,,,,,,,,,,,,,,,,,,,,,,,,,,,,,,,,,,,,,,,,,,0
2019-06-01,472,0,0,"MISHRA,YATINDRA (SAMPADAK)","YAAR JULAAHE���� GULJAR-MISHRA,YATINDRA (SAMPADAK)",YAAR JULAAHE���� GULJAR,VAANI PRAKASHAN DELHI,,,,2009,,167,,,,,,,,,,,,,,,,,,,,,,,,,,,,,,,,,,,,,,,,,,,,,,,,,,,,,0
2019-06-01,484,0,0,"SRIVASTAVA,VIRENDRAKUMAR (SAMPADAK)","RASHTRA-CHANDRASHEKHER-SRIVASTAVA,VIRENDRAKUMAR (SAMPADAK)",RASHTRA-CHANDRASHEKHER,CHANDRASHEKHER SMARAK TRUST AZAMGARH,,,,2015,,344,,,,,,,,,,,,,,,,,,,,,,,,,,,,,,,,,,,,,,,,,,,,,,,,,,,,,0
2019-06-01,496,0,0,VISHWANATH,MAHARANA PRATAP-VISHWANATH,MAHARANA PRATAP,SHIKSHA BHARTI DELHI,,,,1994,,39,,,,,,,,,,,,,,,,,,,,,,,,,,,,,,,,,,,,,,,,,,,,,,,,,,,,,0
2019-06-01,500,0,0,"TIWARI,NISHITH RANJAN","JANGAL KI OOR-TIWARI,NISHITH RANJAN",JANGAL KI OOR,SHUSHMA PRAKASHAN VARANASI,,,,1995,,62,,,,,,,,,,,,,,,,,,,,,,,,,,,,,,,,,,,,,,,,,,,,,,,,,,,,,0
2019-06-01,551,0,0,"SINGH,HARDEV","BEIMAN KYON HO JAATI HAI NAUKARSHAHI-SINGH,HARDEV",BEIMAN KYON HO JAATI HAI NAUKARSHAHI,VANI PRAKASHAN,,,,2006,,288,,,,,,,,,,,,,,,,,,,,,,,,,,,,,,,,,,,,,,,,,,,,,,,,,,,,,0
2019-06-01,555,0,0,RADHESHYAM(SAMPADAK),SWABHIMAAN KA UDAI-RADHESHYAM(SAMPADAK),SWABHIMAAN KA UDAI,"AKHIL BHARTIYA VIDYARTHI PARISHAD,AGRA",,,,1993,,170,,,,,,,,,,,,,,,,,,,,,,,,,,,,,,,,,,,,,,,,,,,,,,,,,,,,,0
2019-06-01,558,0,0,"MALIK,MAHENDRA SINGH","UGRAWAD NIRODHAK COMMANDO PRASHIKSHAN-MALIK,MAHENDRA SINGH",UGRAWAD NIRODHAK COMMANDO PRASHIKSHAN,"POLICE PRASHIKSHAN MAHAVIDYALAYA,KERNAL",,,,1988,,244,,,,,,,,,,,,,,,,,,,,,,,,,,,,,,,,,,,,,,,,,,,,,,,,,,,,,0
2019-06-01,565,0,0,"POLICE PRASHIKSHAN,MORADABAD","POLICE ANVESHAN-POLICE PRASHIKSHAN,MORADABAD",POLICE ANVESHAN,"POLICE PRASHIKSHAN,MORADABAD",,,,1984,,42,,,,,,,,,,,,,,,,,,,,,,,,,,,,,,,,,,,,,,,,,,,,,,,,,,,,,0
2019-06-01,568,0,0,"BHARADWAJ,VANMALI","VARNA RAHAYAM-BHARADWAJ,VANMALI",VARNA RAHAYAM,"HINDI PRACHAR SABHA,MATHURA",,,,1991,,54,,,,,,,,,,,,,,,,,,,,,,,,,,,,,,,,,,,,,,,,,,,,,,,,,,,,,0
2019-06-01,573,0,0,"SHASHTRI,LAXMINARAYAN","SANSKRIT GYAN JYOTI-SHASHTRI,LAXMINARAYAN",SANSKRIT GYAN JYOTI,"ARYA BOOK DEPOT,DELHI",,,,1995,,111,,,,,,,,,,,,,,,,,,,,,,,,,,,,,,,,,,,,,,,,,,,,,,,,,,,,,0
2019-06-01,576,0,0,"CHAUKHAMBA,SUBHARTI GRANTHMAALA","NEETI SHATKAM-SHRI BHRITHARI VIRANCHIT-CHAUKHAMBA,SUBHARTI GRANTHMAALA",NEETI SHATKAM-SHRI BHRITHARI VIRANCHIT,"CHAUKHAMBA SURBHARTI PRAKASHAN,VARANASI",,,,1980,,71,,,,,,,,,,,,,,,,,,,,,,,,,,,,,,,,,,,,,,,,,,,,,,,,,,,,,0
2019-06-01,592,0,0,SINGH SRAJAN PAL,U.P.KI NAYI UDAAN-SINGH SRAJAN PAL,U.P.KI NAYI UDAAN,PRABHAT PRAKASHAN DELHI,,,,2017,,232,,,,,,,,,,,,,,,,,,,,,,,,,,,,,,,,,,,,,,,,,,,,,,,,,,,,,0
2019-06-01,600,0,0,BHARAT SARKAR MANAV SANSADHAN VIKAS MANTRALAYA,VRAHAD PRASHASHAN SHABDAWALI-BHARAT SARKAR MANAV SANSADHAN VIKAS MANTRALAYA,VRAHAD PRASHASHAN SHABDAWALI,VAIGYANIK TAKNIKISHABDAWALI AYOUG DELHI,,,,1996,,469,,,,,,,,,,,,,,,,,,,,,,,,,,,,,,,,,,,,,,,,,,,,,,,,,,,,,0
2019-06-01,604,0,0,"DUBEY,ASHOK KUMAR","ABHIGYANSHAKUNTALAM-DUBEY,ASHOK KUMAR",ABHIGYANSHAKUNTALAM,NIKHIL PUBLISHERS AGRA,,,,2016,,535,,,,,,,,,,,,,,,,,,,,,,,,,,,,,,,,,,,,,,,,,,,,,,,,,,,,,0
2019-06-01,609,0,0,SWAMI AKHANDANAND SARASWATI,AAPKI PASAND-SWAMI AKHANDANAND SARASWATI,AAPKI PASAND,SAT SAHITYA PRAKASHAN MUMBAI,,,,2008,,92,,,,,,,,,,,,,,,,,,,,,,,,,,,,,,,,,,,,,,,,,,,,,,,,,,,,,0
2019-06-01,617,0,0,"TRIPATHI,SHREEPRAKASH MANI","PRAMUKH RAJNITIK SANKALPNAYE AVOM VICHARDHARAEE-TRIPATHI,SHREEPRAKASH MANI",PRAMUKH RAJNITIK SANKALPNAYE AVOM VICHARDHARAEE,PRATYUSH PUBLICATION DELHI,,,,2013,,662,,,,,,,,,,,,,,,,,,,,,,,,,,,,,,,,,,,,,,,,,,,,,,,,,,,,,0
2019-06-01,621,0,0,POLICE TRAINING COLLEGE MURADABAD,U.P.GUARD AVOM SCOTT RULES-POLICE TRAINING COLLEGE MURADABAD,U.P.GUARD AVOM SCOTT RULES,POLICE TRAINNING COLLEGE MURADABAD,,,,1986,,32,,,,,,,,,,,,,,,,,,,,,,,,,,,,,,,,,,,,,,,,,,,,,,,,,,,,,0
2019-06-01,633,0,0,"CHATURVEDI,SITARAM","KALIDAS GRANTHWALI-CHATURVEDI,SITARAM",KALIDAS GRANTHWALI,U.P.SANSKRIT SANSTHAN,,,,,,329+184,,,,,,,,,,,,,,,,,,,,,,,,,,,,,,,,,,,,,,,,,,,,,,,,,,,,,0
2019-06-01,640,0,0,"THAPER,RAMILA","THE PAST AND PREJUDICE-THAPER,RAMILA",THE PAST AND PREJUDICE,NATIONAL BOOK TRUST N.D,,,,1975,,70,,,,,,,,,,,,,,,,,,,,,,,,,,,,,,,,,,,,,,,,,,,,,,,,,,,,,0
2019-06-01,717,0,0,ISHWARI PRASAD,A SHORT HISTORY OF MUSLIM RULE IN INDIA-ISHWARI PRASAD,A SHORT HISTORY OF MUSLIM RULE IN INDIA,INDIAN PRESS ALLAHABAD,,,,,,567,,,,,,,,,,,,,,,,,,,,,,,,,,,,,,,,,,,,,,,,,,,,,,,,,,,,,0
2019-06-01,728,0,0,KARWARKAR MALTI,WHAT SHOULD I EAT DOCTOR GOOD EATING TO GOOD HEALTH-KARWARKAR MALTI,WHAT SHOULD I EAT DOCTOR GOOD EATING TO GOOD HEALTH,IBH PUBLISHING BOMBAY,,,,1982,,262,,,,,,,,,,,,,,,,,,,,,,,,,,,,,,,,,,,,,,,,,,,,,,,,,,,,,0
2019-06-01,743,0,0,BYRNE RHONDA,THE SECRET  -BYRNE RHONDA,THE SECRET,ARTIA BOOKS NEW YORK,,,,2006,,198,,,,,,,,,,,,,,,,,,,,,,,,,,,,,,,,,,,,,,,,,,,,,,,,,,,,,0
2019-06-01,750,0,0,"MEHTA,DHIRU.S.ED.RAJAGOPALCHARI","RAMAYANA-MEHTA,DHIRU.S.ED.RAJAGOPALCHARI",RAMAYANA,BHARTIYA VIDHYA BHAWAN,,,,2005,,477,,,,,,,,,,,,,,,,,,,,,,,,,,,,,,,,,,,,,,,,,,,,,,,,,,,,,0
2019-06-01,757,0,0,WODEHOUSE P.G,CARRY AN LEEVES-WODEHOUSE P.G,CARRY AN LEEVES,PENGUIN BOOKS N.D.,,,,1999,,245,,,,,,,,,,,,,,,,,,,,,,,,,,,,,,,,,,,,,,,,,,,,,,,,,,,,,0
2019-06-01,763,0,0,"GOSWAMI,SATSVARUPA DAS","PRABHUPADA-GOSWAMI,SATSVARUPA DAS",PRABHUPADA,BHAKTI VEDAN LONDAN,,,,1985,,405,,,,,,,,,,,,,,,,,,,,,,,,,,,,,,,,,,,,,,,,,,,,,,,,,,,,,0
2019-06-01,787,0,0,CHILD CFAFT WORLD OF INTERNATIONAL,ART AROUND US VOL.15-CHILD CFAFT WORLD OF INTERNATIONAL,ART AROUND US VOL.15,WOVED BOOKS MC.LONDAN,,,,1996,,,,,,,,,,,,,,,,,,,,,,,,,,,,,,,,,,,,,,,,,,,,,,,,,,,,,,,0
2019-06-01,873,0,0,CHARLES AND MERRYLAMB,TALES FROM SHAKESPEARS-CHARLES AND MERRYLAMB,TALES FROM SHAKESPEARS,RUPA PUBLICATION NEW DELHI,,,,,,268,,,,,,,,,,,,,,,,,,,,,,,,,,,,,,,,,,,,,,,,,,,,,,,,,,,,,0
2019-06-01,881,0,0,OXFORD UNIVERSITY PRESS,THE SECOND JIM CARBETT OMNIBUS MY INDIA-OXFORD UNIVERSITY PRESS,THE SECOND JIM CARBETT OMNIBUS MY INDIA,OXFORD UNIVERSITY PRESS,,,,1998,,168,,,,,,,,,,,,,,,,,,,,,,,,,,,,,,,,,,,,,,,,,,,,,,,,,,,,,0
2019-06-01,886,0,0,BASU KAUSHIK,AN ECONOMIST IN THE REAL WORLD-BASU KAUSHIK,AN ECONOMIST IN THE REAL WORLD,PENGUIN BOOKS N.D.,,,,2016,,240,,,,,,,,,,,,,,,,,,,,,,,,,,,,,,,,,,,,,,,,,,,,,,,,,,,,,0
2019-06-01,897,0,0,"LAHORI , JHUMPA","INTERPRETER OF MALADIES -STORIES-LAHORI , JHUMPA",INTERPRETER OF MALADIES -STORIES,HARPER COLLINS INDIA,,,,2000,,198,,,,,,,,,,,,,,,,,,,,,,,,,,,,,,,,,,,,,,,,,,,,,,,,,,,,,0
2019-06-01,902,0,0,PENGUIN BOOKS,RAJ THAPER ALLA THESE YEARS A MEMORIES-PENGUIN BOOKS,RAJ THAPER ALLA THESE YEARS A MEMORIES,PENGUIN BOOKS N.D.,,,,1991,,472,,,,,,,,,,,,,,,,,,,,,,,,,,,,,,,,,,,,,,,,,,,,,,,,,,,,,0
2019-06-01,912,0,0,TYLER MARY,MY YEARS IN AN INDIAN PRISON-TYLER MARY,MY YEARS IN AN INDIAN PRISON,PENGUIN BOOKS N.D.,,,,1978,,218,,,,,,,,,,,,,,,,,,,,,,,,,,,,,,,,,,,,,,,,,,,,,,,,,,,,,0
2019-06-01,932,0,0,SELINKO ANNEMARIE,DESIREE : NEPOLION FIRST LOVE-SELINKO ANNEMARIE,DESIREE : NEPOLION FIRST LOVE,WILLIAM COLLINS ARMADA,,,,2008,,575,,,,,,,,,,,,,,,,,,,,,,,,,,,,,,,,,,,,,,,,,,,,,,,,,,,,,0
2019-06-01,997,0,0,GAUR NEELAM SARAN,THREE RIVERS AND THE TREE- STORIES OF ALLAHABAD UNIVERSITY-GAUR NEELAM SARAN,THREE RIVERS AND THE TREE- STORIES OF ALLAHABAD UNIVERSITY,RUPA AND COMPANY,,,,2015,,373,,,,,,,,,,,,,,,,,,,,,,,,,,,,,,,,,,,,,,,,,,,,,,,,,,,,,0
2019-06-01,1006,0,0,KUZNESKI CHRIS,SIGN OF THE CROSS-KUZNESKI CHRIS,SIGN OF THE CROSS,PENGUIN BOOKS N.D.,,,,,,616,,,,,,,,,,,,,,,,,,,,,,,,,,,,,,,,,,,,,,,,,,,,,,,,,,,,,0
2019-06-01,1010,0,0,AGATHA CHRISTIE,THE MOUSE TRAP AND SELECTED PLAYS-AGATHA CHRISTIE,THE MOUSE TRAP AND SELECTED PLAYS,HARPER COLLINS INDIA,,,,1994,,366,,,,,,,,,,,,,,,,,,,,,,,,,,,,,,,,,,,,,,,,,,,,,,,,,,,,,0
2019-06-01,1019,0,0,RAPHAEL D.D.,PROBLEMS OF POLITICS PHILOSPHY-RAPHAEL D.D.,PROBLEMS OF POLITICS PHILOSPHY,THE MACMILLAN PRESS,,,,1976,,207,,,,,,,,,,,,,,,,,,,,,,,,,,,,,,,,,,,,,,,,,,,,,,,,,,,,,0
2019-06-01,1036,0,0,BACH RICHAD,ILLUSSIONS : THE ADVENTURES OF ROLUCTANT MISSION-BACH RICHAD,ILLUSSIONS : THE ADVENTURES OF ROLUCTANT MISSION,DELL PUBLISHING,,,,1989,,191,,,,,,,,,,,,,,,,,,,,,,,,,,,,,,,,,,,,,,,,,,,,,,,,,,,,,0
2019-06-01,1043,0,0,ROLI BOOKS INTERNATIONAL,JUNIOR SCHOOL DICTIONARY ILLUSTRATION-ROLI BOOKS INTERNATIONAL,JUNIOR SCHOOL DICTIONARY ILLUSTRATION,ROLI BOOKS NEW DELHI,,,,,,364,,,,,,,,,,,,,,,,,,,,,,,,,,,,,,,,,,,,,,,,,,,,,,,,,,,,,0
2019-06-01,1061,0,0,GOVT.OF U.P.FINANCE DEPT.,FINANCIAL HAND BOOK VOL.V ACCOUNT RULES PART 1-GOVT.OF U.P.FINANCE DEPT.,FINANCIAL HAND BOOK VOL.V ACCOUNT RULES PART 1,"GOVT,OF U.P.FINANACE DEPT.",,,,1979,,627,,,,,,,,,,,,,,,,,,,,,,,,,,,,,,,,,,,,,,,,,,,,,,,,,,,,,0
2019-06-01,1066,0,0,INDIAN COUNCIL OF WORLD AFFAIRS,DEFENCE AND SECURITY IN THE INDIAN OCEAN AREA-INDIAN COUNCIL OF WORLD AFFAIRS,DEFENCE AND SECURITY IN THE INDIAN OCEAN AREA,ASIA PUBS.HOUSE BOMBAY,,,,1956,,207,,,,,,,,,,,,,,,,,,,,,,,,,,,,,,,,,,,,,,,,,,,,,,,,,,,,,0
2019-06-01,1136,0,0,"NADEAU,JEAN BENCIL","SIXTY MILLIAN FRENCHMAN CON'NL-BE WRONG-NADEAU,JEAN BENCIL",SIXTY MILLIAN FRENCHMAN CON'NL-BE WRONG,ROBSON BOOKS,,,,2004,,352,,,,,,,,,,,,,,,,,,,,,,,,,,,,,,,,,,,,,,,,,,,,,,,,,,,,,0
2019-06-01,1141,0,0,"KAKAR,SUDHIR","INTIMATE RELATIONS:EXPLORING INDIAN SEXUALITY-KAKAR,SUDHIR",INTIMATE RELATIONS:EXPLORING INDIAN SEXUALITY,PENGUIN BOOKS N.D.,,,,1979,,381,,,,,,,,,,,,,,,,,,,,,,,,,,,,,,,,,,,,,,,,,,,,,,,,,,,,,0
2019-06-01,1158,0,0,"CAHAN,HERB","YOU CAN NEGOTIATE ANYTHING-CAHAN,HERB",YOU CAN NEGOTIATE ANYTHING,JAICO PUBS BOMBAY,,,,,,192,,,,,,,,,,,,,,,,,,,,,,,,,,,,,,,,,,,,,,,,,,,,,,,,,,,,,0
2019-06-01,1167,0,0,AUNG SAN SUU KYI,FREEDOM FROM FEAR-AUNG SAN SUU KYI,FREEDOM FROM FEAR,PENGUIN BOOKS N.D.,,,,1995,,373,,,,,,,,,,,,,,,,,,,,,,,,,,,,,,,,,,,,,,,,,,,,,,,,,,,,,0
2019-06-01,1179,0,0,SHAKESPEARE WILLIAM,A MILD SUMMER NIGHT DREAM-SHAKESPEARE WILLIAM,A MILD SUMMER NIGHT DREAM,PENGUIN BOOKS N.D.,,,,1971,,170,,,,,,,,,,,,,,,,,,,,,,,,,,,,,,,,,,,,,,,,,,,,,,,,,,,,,0
2019-06-01,1185,0,0,MARRYANT FREDRICK,THE CHILDREN OF THE NEW FOREST-MARRYANT FREDRICK,THE CHILDREN OF THE NEW FOREST,RUPA AND COMPANY,,,,2002,,349,,,,,,,,,,,,,,,,,,,,,,,,,,,,,,,,,,,,,,,,,,,,,,,,,,,,,0
2019-06-01,1196,0,0,CUSSLER CLIVE,THE JUNGLE-CUSSLER CLIVE,THE JUNGLE,PENGUIN BOOKS N.D.,,,,2011,,406,,,,,,,,,,,,,,,,,,,,,,,,,,,,,,,,,,,,,,,,,,,,,,,,,,,,,0
2019-06-01,1205,0,0,CUSSLER CLIVE,THE MAYAN SECRETS-CUSSLER CLIVE,THE MAYAN SECRETS,MICHAL JOSHPH PENGUIN BOOKS,,,,2013,,375,,,,,,,,,,,,,,,,,,,,,,,,,,,,,,,,,,,,,,,,,,,,,,,,,,,,,0
2019-06-01,1208,0,0,CUSSLER CLIVE,SILENT SEA-CUSSLER CLIVE,SILENT SEA,MICHAL JOSHPH PENGUIN BOOKS,,,,2010,,403,,,,,,,,,,,,,,,,,,,,,,,,,,,,,,,,,,,,,,,,,,,,,,,,,,,,,0
2019-06-01,1216,0,0,CUSSLER CLIVE,POSEIDON'S ARROW-CUSSLER CLIVE,POSEIDON'S ARROW,MICHAL JOSHPH PENGUIN BOOKS,,,,2012,,502,,,,,,,,,,,,,,,,,,,,,,,,,,,,,,,,,,,,,,,,,,,,,,,,,,,,,0
2019-06-01,1223,0,0,CUSSLER CLIVE,RAISE THE TITANIC-CUSSLER CLIVE,RAISE THE TITANIC,MICHAL JOSHPH WARNER BOOKS,,,,1994,,317,,,,,,,,,,,,,,,,,,,,,,,,,,,,,,,,,,,,,,,,,,,,,,,,,,,,,0
2019-06-01,1229,0,0,CUSSLER CLIVE,SKELETON COAST-CUSSLER CLIVE,SKELETON COAST,PENGUIN BOOKS N.D.,,,,2006,,532,,,,,,,,,,,,,,,,,,,,,,,,,,,,,,,,,,,,,,,,,,,,,,,,,,,,,0
2019-06-01,1306,0,0,COLLINS LARRY,THE FIFTH HORSEMAN-COLLINS LARRY,THE FIFTH HORSEMAN,SIMAN AND SCHUSTER,,,,1980,,478,,,,,,,,,,,,,,,,,,,,,,,,,,,,,,,,,,,,,,,,,,,,,,,,,,,,,0
2019-06-01,1320,0,0,LUDWIG EMILE,NAPOLIAN-LUDWIG EMILE,NAPOLIAN,JACO PUB BOMBAY,,,,1977,,631,,,,,,,,,,,,,,,,,,,,,,,,,,,,,,,,,,,,,,,,,,,,,,,,,,,,,0
2019-06-01,1329,0,0,FOLLETT KEN,TELL TALE -FOLLETT KEN,TELL TALE,PAN BOOKS,,,,2017,,229+39,,,,,,,,,,,,,,,,,,,,,,,,,,,,,,,,,,,,,,,,,,,,,,,,,,,,,0
2019-06-01,1332,0,0,FOLLETT KEN,TRIPLE-FOLLETT KEN,TRIPLE,MACMILLAN INDIA DELHI,,,,1979,,499,,,,,,,,,,,,,,,,,,,,,,,,,,,,,,,,,,,,,,,,,,,,,,,,,,,,,0
2019-06-01,1346,0,0,FOLLETT KEN,THE MENTRAM ST.PETERBURG-FOLLETT KEN,THE MENTRAM ST.PETERBURG,WILLIAM MORROW & CO.,,,,1982,,323,,,,,,,,,,,,,,,,,,,,,,,,,,,,,,,,,,,,,,,,,,,,,,,,,,,,,0
2019-06-01,1357,0,0,SANGHI ASHWIN,THE KRISHNA KAY-SANGHI ASHWIN,THE KRISHNA KAY,WESTLAND LTD.CHENNAI,,,,2012,,475,,,,,,,,,,,,,,,,,,,,,,,,,,,,,,,,,,,,,,,,,,,,,,,,,,,,,0
2019-06-01,1369,0,0,KHUSHWANT SINGH,ON WOMEN : SELECTED WRITES-KHUSHWANT SINGH,ON WOMEN : SELECTED WRITES,RUPA & CO.,,,,2014,,135,,,,,,,,,,,,,,,,,,,,,,,,,,,,,,,,,,,,,,,,,,,,,,,,,,,,,0
2019-06-01,1378,0,0,MACLEAN ALISTAIR,THE WAY TO DUSTY DEATH-MACLEAN ALISTAIR,THE WAY TO DUSTY DEATH,HARPER COLLINS INDIA,,,,2009,,247,,,,,,,,,,,,,,,,,,,,,,,,,,,,,,,,,,,,,,,,,,,,,,,,,,,,,0
2019-06-01,1396,0,0,"WOOLF , VIRGINIA","JOCOBS ROOMS-WOOLF , VIRGINIA",JOCOBS ROOMS,PENGUIN BOOKS N.D.,,,,1968,,168,,,,,,,,,,,,,,,,,,,,,,,,,,,,,,,,,,,,,,,,,,,,,,,,,,,,,0
2019-06-01,1463,0,0,ALEXANDER PETER (ED.),WILLIAM SHAKESPEARE : THE COMPLETE WORTH-ALEXANDER PETER (ED.),WILLIAM SHAKESPEARE : THE COMPLETE WORTH,COLLINS LONDAN,,,,1965,,1376,,,,,,,,,,,,,,,,,,,,,,,,,,,,,,,,,,,,,,,,,,,,,,,,,,,,,0
2019-06-01,1477,0,0,RUDDAR DATT AND SUNDHARAM KPM,INDIA ECONOMY-RUDDAR DATT AND SUNDHARAM KPM,INDIA ECONOMY,S.CHAND AND COMPANY NEW DELHI,,,,2004,,769,,,,,,,,,,,,,,,,,,,,,,,,,,,,,,,,,,,,,,,,,,,,,,,,,,,,,0
2019-06-01,1481,0,0,MEHTA VINOD,LUCKNOW BOY - A MEMORIES-MEHTA VINOD,LUCKNOW BOY - A MEMORIES,PENGUIN BOOKS N.D.,,,,2011,,325,,,,,,,,,,,,,,,,,,,,,,,,,,,,,,,,,,,,,,,,,,,,,,,,,,,,,0
2019-06-01,1487,0,0,SARABAHAI VIKRAM,SECIENCE POLICY & NATIONAL DEVELOPMENT-SARABAHAI VIKRAM,SECIENCE POLICY & NATIONAL DEVELOPMENT,MACMILLAN INDIA DELHI,,,,1974,,174,,,,,,,,,,,,,,,,,,,,,,,,,,,,,,,,,,,,,,,,,,,,,,,,,,,,,0
2019-06-01,1496,0,0,CHOPRA DEEPAK,PERFECT WEIGHT-CHOPRA DEEPAK,PERFECT WEIGHT,RIDER LONDAN,,,,1994,,131,,,,,,,,,,,,,,,,,,,,,,,,,,,,,,,,,,,,,,,,,,,,,,,,,,,,,0
2019-06-01,1502,0,0,GHOSH AMITAV,SEA OF POPPIES-GHOSH AMITAV,SEA OF POPPIES,PENGUIN BOOKS N.D.,,,,2008,,514,,,,,,,,,,,,,,,,,,,,,,,,,,,,,,,,,,,,,,,,,,,,,,,,,,,,,0
2019-06-01,1510,0,0,SWAMI RAMA,PERENNIAL PSYCHOLOGY OF THE BHAGGWAD GITA-SWAMI RAMA,PERENNIAL PSYCHOLOGY OF THE BHAGGWAD GITA,THE HIMALAYAN INST. OF YOGA SC.PUBS.USA,,,,1985,,479,,,,,,,,,,,,,,,,,,,,,,,,,,,,,,,,,,,,,,,,,,,,,,,,,,,,,0
2019-06-01,1515,0,0,ARCHER JEFFERY,MIGHTIER THAN THE SWARD-ARCHER JEFFERY,MIGHTIER THAN THE SWARD,MACMILLAN INDIA DELHI,,,,2015,,414,,,,,,,,,,,,,,,,,,,,,,,,,,,,,,,,,,,,,,,,,,,,,,,,,,,,,0
2019-06-01,1521,0,0,SRI SATHYA SAI BOOKS & PUBS.,SAI BABA MAHAVAKYA ON LEADERSHIP-SRI SATHYA SAI BOOKS & PUBS.,SAI BABA MAHAVAKYA ON LEADERSHIP,SAI BOOKS & PUBS TRUST A.P.,,,,2005,,209,,,,,,,,,,,,,,,,,,,,,,,,,,,,,,,,,,,,,,,,,,,,,,,,,,,,,0
2019-06-01,1527,0,0,TOD JAMES,ANNALS & ANTIQUITES OF RAJASTHAN-TOD JAMES,ANNALS & ANTIQUITES OF RAJASTHAN,RUPA & CO.,,,,2006,,631,,,,,,,,,,,,,,,,,,,,,,,,,,,,,,,,,,,,,,,,,,,,,,,,,,,,,0
2019-06-01,1536,0,0,ARORA PREM,INTERNATIONAL POLITICS-ARORA PREM,INTERNATIONAL POLITICS,COSMOS BOOKMINE LTD,,,,,,374,,,,,,,,,,,,,,,,,,,,,,,,,,,,,,,,,,,,,,,,,,,,,,,,,,,,,0
2019-06-01,1540,0,0,SRI RAM KRISHNA MOTH,MEDITATION-SRI RAM KRISHNA MOTH,MEDITATION,SRI RAMKRISHNA ASHRAM,,,,,,214,,,,,,,,,,,,,,,,,,,,,,,,,,,,,,,,,,,,,,,,,,,,,,,,,,,,,0
2019-06-01,1603,0,0,BRACIDE JACOBS,SPEAKER'S DESK BOOK OF QUIZS QUOTES & ANECDOTES-BRACIDE JACOBS,SPEAKER'S DESK BOOK OF QUIZS QUOTES & ANECDOTES,JAICO PUBS BOMBAY,,,,1995,,426,,,,,,,,,,,,,,,,,,,,,,,,,,,,,,,,,,,,,,,,,,,,,,,,,,,,,0
2019-06-01,1607,0,0,"NIETZSCHE , FRIEDRICH","THUS SPAKE ZARATHUSTRA-NIETZSCHE , FRIEDRICH",THUS SPAKE ZARATHUSTRA,ROBIN BOOK NEW DELHI,,,,2010,,316,,,,,,,,,,,,,,,,,,,,,,,,,,,,,,,,,,,,,,,,,,,,,,,,,,,,,0
2019-06-01,1623,0,0,JAYAKER POPUL (ED.),TRADITION & REVOLUTION-JAYAKER POPUL (ED.),TRADITION & REVOLUTION,KRISHNAMURTI FOUNDATION CHENNAI,,,,1999,,254,,,,,,,,,,,,,,,,,,,,,,,,,,,,,,,,,,,,,,,,,,,,,,,,,,,,,0
2019-06-01,1633,0,0,RAND AYN,THE FOUNTAIN HEAD-RAND AYN,THE FOUNTAIN HEAD,PENGUIN BOOKS N.D.,,,,1993,,704,,,,,,,,,,,,,,,,,,,,,,,,,,,,,,,,,,,,,,,,,,,,,,,,,,,,,0
2019-06-01,1636,0,0,DOSTOEVSKY FYODER,THE IDIOT-DOSTOEVSKY FYODER,THE IDIOT,WORDWORTH,,,,1996,,578,,,,,,,,,,,,,,,,,,,,,,,,,,,,,,,,,,,,,,,,,,,,,,,,,,,,,0
2019-06-01,1642,0,0,CAMUS ALBERT,THE OUTSIDER-CAMUS ALBERT,THE OUTSIDER,PENGUIN BOOKS N.D.,,,,1982,,118,,,,,,,,,,,,,,,,,,,,,,,,,,,,,,,,,,,,,,,,,,,,,,,,,,,,,0
2019-06-01,1649,0,0,DUHAN RANDHIV SINGH,H.B. OF DISTRICT MAGISTRATE & EXXECUTIVE MAGISTRATE-DUHAN RANDHIV SINGH,H.B. OF DISTRICT MAGISTRATE & EXXECUTIVE MAGISTRATE,WESTERN LAW HOUSE MEERUT,,,,2007,,376,,,,,,,,,,,,,,,,,,,,,,,,,,,,,,,,,,,,,,,,,,,,,,,,,,,,,0
2019-06-01,1653,0,0,CENTREFOR LAND WARFARE STUDIO,CLAWS JOURNAL-CENTREFOR LAND WARFARE STUDIO,CLAWS JOURNAL,CENTREFOR LAND WARFARE STUDIO,,,,2012,,171,,,,,,,,,,,,,,,,,,,,,,,,,,,,,,,,,,,,,,,,,,,,,,,,,,,,,0
2019-06-01,1675,0,0,PATHAK RAMCHAND (SAMP),ADARSH HINDI SHABDKOSH-PATHAK RAMCHAND (SAMP),ADARSH HINDI SHABDKOSH,BHARGAVA BOOK DEPOT VARANSI,,,,1989,,951,,,,,,,,,,,,,,,,,,,,,,,,,,,,,,,,,,,,,,,,,,,,,,,,,,,,,0
2019-06-01,1680,0,0,BHARATHEYA VICHRA KENDRAM,NATIONAL RESURGENCE IN INDIA-BHARATHEYA VICHRA KENDRAM,NATIONAL RESURGENCE IN INDIA,BHARATHEYA VICHRA KENDRA,,,,,,295,,,,,,,,,,,,,,,,,,,,,,,,,,,,,,,,,,,,,,,,,,,,,,,,,,,,,0
2019-06-01,1759,0,0,BARKAR ERNEST,PRINCIPLES OF SOCIAL POLITICAL THEORY-BARKAR ERNEST,PRINCIPLES OF SOCIAL POLITICAL THEORY,OXFORD UNIVERSITY PRESS,,,,1978,,283,,,,,,,,,,,,,,,,,,,,,,,,,,,,,,,,,,,,,,,,,,,,,,,,,,,,,0
2019-06-01,1777,0,0,MACHIANELLI PLATO,MASTER OF POLITICAL THOUGHT-MACHIANELLI PLATO,MASTER OF POLITICAL THOUGHT,LANDON GEORGE & HARPER CO.,,,,1961,,293,,,,,,,,,,,,,,,,,,,,,,,,,,,,,,,,,,,,,,,,,,,,,,,,,,,,,0
2019-06-01,1781,0,0,SUDA J.P.,A HISTORY OF POLITICAL THOUGHT-SUDA J.P.,A HISTORY OF POLITICAL THOUGHT,K.NATH & CO.MEERUT,,,,,,241,,,,,,,,,,,,,,,,,,,,,,,,,,,,,,,,,,,,,,,,,,,,,,,,,,,,,0
2019-06-01,1789,0,0,BOERICKE WILLIAM,HOMOPATHIC MATERIA MEDICA-BOERICKE WILLIAM,HOMOPATHIC MATERIA MEDICA,B.JAIN PUBS NEW DELHI,,,,1991,,1083,,,,,,,,,,,,,,,,,,,,,,,,,,,,,,,,,,,,,,,,,,,,,,,,,,,,,0
2019-06-01,1797,0,0,MORGENTHAS HANS J,POLITICS AMONG NATION THE STRUGGLE FOR POWER AND PEOPLE-MORGENTHAS HANS J,POLITICS AMONG NATION THE STRUGGLE FOR POWER AND PEOPLE,SCIENTIFIC BOOK AGENCY CALCULTTA,,,,1973,,617,,,,,,,,,,,,,,,,,,,,,,,,,,,,,,,,,,,,,,,,,,,,,,,,,,,,,0
2019-06-01,1822,0,0,LAMB CHARLOTTE,SEX WAV-LAMB CHARLOTTE,SEX WAV,MILLS & BOOM,,,,1983,,186,,,,,,,,,,,,,,,,,,,,,,,,,,,,,,,,,,,,,,,,,,,,,,,,,,,,,0
2019-06-01,1883,0,0,BAMBWALL K.R.,MAJOR CONTEMPORARY CONSTITUTIONAL SYSTEM-BAMBWALL K.R.,MAJOR CONTEMPORARY CONSTITUTIONAL SYSTEM,MODERN PUBS.AMBALA CANTT,,,,1972,,370,,,,,,,,,,,,,,,,,,,,,,,,,,,,,,,,,,,,,,,,,,,,,,,,,,,,,0
2019-06-01,9,0,0,SWAMI ADGADANAND,SHANKA SAMADHAN-SWAMI ADGADANAND,SHANKA SAMADHAN,SHRI PARAMHANS SWAMI ADGADANAND SHRI ASHRAM TRUST,,,,2010,,468,,,,,,,,,,,,,,,,,,,,,,,,,,,,,,,,,,,,,,,,,,,,,,,,,,,,,0
2019-06-01,11,0,0,"PANDEY,RAVI PRAKASH","ALOKIK YATHARTH-SHRI BABA NEEM KARORI MAHARAJ-PANDEY,RAVI PRAKASH",ALOKIK YATHARTH-SHRI BABA NEEM KARORI MAHARAJ,"SHRI KAINCHI HANUMAN MANDIR,NAINITAL",,,,2016,,412,,,,,,,,,,,,,,,,,,,,,,,,,,,,,,,,,,,,,,,,,,,,,,,,,,,,,0
2019-06-01,17,0,0,"THAKUR,SHIVRAM","SHRI SAI SACHCHARIT -THAKUR,SHIVRAM",SHRI SAI SACHCHARIT,"SHRI SAI BABA SANSTHAN,SAI NIKETAN,DADAR",,,,2002,,304,,,,,,,,,,,,,,,,,,,,,,,,,,,,,,,,,,,,,,,,,,,,,,,,,,,,,0
2019-06-01,19,0,0,"THAKUR,SHIVRAM","SHRI SAI SACHCHARIT -THAKUR,SHIVRAM",SHRI SAI SACHCHARIT,"SHRI SAI BABA SANSTHAN,SAI NIKETAN,DADAR",,,,2002,,304,,,,,,,,,,,,,,,,,,,,,,,,,,,,,,,,,,,,,,,,,,,,,,,,,,,,,0
2019-06-01,21,0,0,"THAKUR,SHIVRAM","SHRI SAI SACHCHARIT -THAKUR,SHIVRAM",SHRI SAI SACHCHARIT,"SHRI SAI BABA SANSTHAN,SAI NIKETAN,DADAR",,,,2002,,304,,,,,,,,,,,,,,,,,,,,,,,,,,,,,,,,,,,,,,,,,,,,,,,,,,,,,0
2019-06-01,34,0,0,"SINGH,ARUN KUMAR ED.","ORCHADHAM AAGMAN KATHA(AYODHYA)-SINGH,ARUN KUMAR ED.",ORCHADHAM AAGMAN KATHA(AYODHYA),"KANHAIYA LAL,JHANSI",,,,2010,,148,,,,,,,,,,,,,,,,,,,,,,,,,,,,,,,,,,,,,,,,,,,,,,,,,,,,,0
2019-06-01,37,0,0,"RADHA,KRISHNAN","UPNISHADO KA SANDESH-RADHA,KRISHNAN",UPNISHADO KA SANDESH,"RAJPAL AND SONS ,NEW DELHI",,,,1990,,160,,,,,,,,,,,,,,,,,,,,,,,,,,,,,,,,,,,,,,,,,,,,,,,,,,,,,0
2019-06-01,40,0,0,DHARAM VARIYA,MATRHARI SHATAK-DHARAM VARIYA,MATRHARI SHATAK,"LAXMI PRAKASHAN,DELHI",,,,,,216,,,,,,,,,,,,,,,,,,,,,,,,,,,,,,,,,,,,,,,,,,,,,,,,,,,,,0
2019-06-01,49,0,0,RASHTRIYA YOG SANSTHAN,SAMANYA YOG ABHYAS KRAM-RASHTRIYA YOG SANSTHAN,SAMANYA YOG ABHYAS KRAM,"MORARJI DESAI RASHTRYA YOG SANSTHAN,NEW DELHI",,,,2017,,44,,,,,,,,,,,,,,,,,,,,,,,,,,,,,,,,,,,,,,,,,,,,,,,,,,,,,0
2019-06-01,51,0,0,SHRI SWAMI RAM,HIMALAY KE SANTO KE SANG NIWAS-SHRI SWAMI RAM,HIMALAY KE SANTO KE SANG NIWAS,"HIMALAYA INTERNATIONATIONL INSTITUTE OF YOG SCIENCES,U.S.A.",,,,1986,,494,,,,,,,,,,,,,,,,,,,,,,,,,,,,,,,,,,,,,,,,,,,,,,,,,,,,,0
2019-06-01,59,0,0,"SWAMI,RAMDEV","PRANAYAM RAHASYA-SWAMI,RAMDEV",PRANAYAM RAHASYA,"DIVYA PRAKASHAN,HARIDWAR",,,,2004,,71,,,,,,,,,,,,,,,,,,,,,,,,,,,,,,,,,,,,,,,,,,,,,,,,,,,,,0
2019-06-01,67,0,0,"GEETA PRESS,GORAKHPUR","SHRI MADBHAGWAT PURAN -DWITIYA KHAND-GEETA PRESS,GORAKHPUR",SHRI MADBHAGWAT PURAN -DWITIYA KHAND,"GEETA PRESS,GORAKHPUR",,,,,,865,,,,,,,,,,,,,,,,,,,,,,,,,,,,,,,,,,,,,,,,,,,,,,,,,,,,,0
2019-06-01,70,0,0,ISLAMI SAHITYA PRAKASHAN,KURAN MAJEED-ISLAMI SAHITYA PRAKASHAN,KURAN MAJEED,"ISLAMI SAHITYA PRAKASHAN,DELHI",,,,1996,,390,,,,,,,,,,,,,,,,,,,,,,,,,,,,,,,,,,,,,,,,,,,,,,,,,,,,,0
2019-06-01,78,0,0,SHRI SHIRDI SAI DHAM,SAI RAKSHA-SHRI SHIRDI SAI DHAM,SAI RAKSHA,"SHIRDI SAI DHAM,BAREILY",,,,,,48,,,,,,,,,,,,,,,,,,,,,,,,,,,,,,,,,,,,,,,,,,,,,,,,,,,,,0
2019-06-01,80,0,0,"JAIRAM,DAS","MANAS SHANKA SAMADHAN-JAIRAM,DAS",MANAS SHANKA SAMADHAN,"GEETA PRESS,GORAKHPUR",,,,1999,,181,,,,,,,,,,,,,,,,,,,,,,,,,,,,,,,,,,,,,,,,,,,,,,,,,,,,,0
2019-06-01,86,0,0,SHYAM KASHI PRESS,BRIJ VILAS-SHYAM KASHI PRESS,BRIJ VILAS,"SHYAM KASHI PRESS,MATHURA",,,,,,568,,,,,,,,,,,,,,,,,,,,,,,,,,,,,,,,,,,,,,,,,,,,,,,,,,,,,0
2019-06-01,88,0,0,SWAMI RAMDEV,SWASTHYA EVAM YOGASAN-SWAMI RAMDEV,SWASTHYA EVAM YOGASAN,"DIVYA PRAKASHAN,HARIDWAR",,,,,,193,,,,,,,,,,,,,,,,,,,,,,,,,,,,,,,,,,,,,,,,,,,,,,,,,,,,,0
2019-06-01,93,0,0,"SARMA,MADAN MOHAN","MANAS MOTI-SARMA,MADAN MOHAN",MANAS MOTI,"PRAYAG NARAYAN MANDIR,SHIVALA,KANPUR",,,,1993,,123,,,,,,,,,,,,,,,,,,,,,,,,,,,,,,,,,,,,,,,,,,,,,,,,,,,,,0
2019-06-01,102,0,0,"SHARMA,SHRI RAM","RIGVEDA II-SHARMA,SHRI RAM",RIGVEDA II,"SANSKRITI SANSTHAN,BAREILY",,,,2008,,960,,,,,,,,,,,,,,,,,,,,,,,,,,,,,,,,,,,,,,,,,,,,,,,,,,,,,0
2019-06-01,105,0,0,"SHARMA,SHRI RAM","YAJURVEDA-SHARMA,SHRI RAM",YAJURVEDA,"SANSKRITI SANSTHAN,BAREILY",,,,2006,,560,,,,,,,,,,,,,,,,,,,,,,,,,,,,,,,,,,,,,,,,,,,,,,,,,,,,,0
2019-06-01,110,0,0,"PANDEY,RAJA BALI","HINDU SANSKAR-PANDEY,RAJA BALI",HINDU SANSKAR,"RADHA KRISHNA PRAKASHAN,NEW DELHI",,,,1966,,393,,,,,,,,,,,,,,,,,,,,,,,,,,,,,,,,,,,,,,,,,,,,,,,,,,,,,0
2019-06-01,118,0,0,SHIVANAND SARASWATI,MANSIK SHAKTI-SHIVANAND SARASWATI,MANSIK SHAKTI,"DIVYA JIVAN SANGH,TEHRI GARHWAL",,,,2000,,144,,,,,,,,,,,,,,,,,,,,,,,,,,,,,,,,,,,,,,,,,,,,,,,,,,,,,0
2019-06-01,122,0,0,"TIWARI,NISHITH RANJANA","MRITYU KE PAR-TIWARI,NISHITH RANJANA",MRITYU KE PAR,"SHUSHMA PRAKASHAN,VARANASI",,,,1998,,81,,,,,,,,,,,,,,,,,,,,,,,,,,,,,,,,,,,,,,,,,,,,,,,,,,,,,0
2019-06-01,126,0,0,"SHARMA,SHRI RAM","HAMARI VASIYAT AUR VIRASAT-SHARMA,SHRI RAM",HAMARI VASIYAT AUR VIRASAT,"YUG NIRMAN YOJNA,MATHURA",,,,1991,,176,,,,,,,,,,,,,,,,,,,,,,,,,,,,,,,,,,,,,,,,,,,,,,,,,,,,,0
2019-06-01,128,0,0,AKHANDANAND SARASWATI SANSTHAN,SHRI MAKT KOKIL-AKHANDANAND SARASWATI SANSTHAN,SHRI MAKT KOKIL,"SWAMI AKHANDANAND SARASWATI SANSTHAN,VARANASI",,,,,,308,,,,,,,,,,,,,,,,,,,,,,,,,,,,,,,,,,,,,,,,,,,,,,,,,,,,,0
2019-06-01,135,0,0,KARN SINGH,BHAGWATGEETA KA SANDESH-KARN SINGH,BHAGWATGEETA KA SANDESH,"BHARTIYA LOK PRASHASHAN,NEW DELHI",,,,2001,,21,,,,,,,,,,,,,,,,,,,,,,,,,,,,,,,,,,,,,,,,,,,,,,,,,,,,,0
2019-06-01,140,0,0,SWAMI PRABHUPAAD,GEETA SAAR-SWAMI PRABHUPAAD,GEETA SAAR,"BHAKTI VEDANT BOOK TRUST,MUMBAI",,,,1984,,58,,,,,,,,,,,,,,,,,,,,,,,,,,,,,,,,,,,,,,,,,,,,,,,,,,,,,0
2019-06-01,148,0,0,"GEETA PRESS,GORAKHPUR","BHAGWAN RAM-GEETA PRESS,GORAKHPUR",BHAGWAN RAM,"GEETA PRESS,GORAKHPUR",,,,,,60,,,,,,,,,,,,,,,,,,,,,,,,,,,,,,,,,,,,,,,,,,,,,,,,,,,,,0
2019-06-01,152,0,0,SUNIL SHARMA(EDITOR),SARV RAS BHAJAN SANGRAH-SUNIL SHARMA(EDITOR),SARV RAS BHAJAN SANGRAH,"AKHIL BHARTIYA SHIV DHARM,BAREILY",,,,2009,,806,,,,,,,,,,,,,,,,,,,,,,,,,,,,,,,,,,,,,,,,,,,,,,,,,,,,,0
2019-06-01,158,0,0,"PANDEY, ASHOK","MAHAPRASAD-PANDEY, ASHOK",MAHAPRASAD,"RAMA PUBLICATION,NEW DELHI",,,,2011,,96,,,,,,,,,,,,,,,,,,,,,,,,,,,,,,,,,,,,,,,,,,,,,,,,,,,,,0
2019-06-01,161,0,0,SWAMI PRABHUPAAD,KRISHBHAVNAAMRIT- EK ANUMPAM UPHAR-SWAMI PRABHUPAAD,KRISHBHAVNAAMRIT- EK ANUMPAM UPHAR,"BHAKTI VEDANT BOOK TRUST,MUMBAI",,,,1981,,100,,,,,,,,,,,,,,,,,,,,,,,,,,,,,,,,,,,,,,,,,,,,,,,,,,,,,0
2019-06-01,167,0,0,RAMKRISHNA MISSION,AMRIT SANDESH-RAMKRISHNA MISSION,AMRIT SANDESH,"RAMKRISHNA MATH,NAGPUR",,,,,,64,,,,,,,,,,,,,,,,,,,,,,,,,,,,,,,,,,,,,,,,,,,,,,,,,,,,,0
2019-06-01,169,0,0,SHRI SAI MANDIR ASHIYANA,SHRI SADGURU SAINATH NAMAH-SHRI SAI MANDIR ASHIYANA,SHRI SADGURU SAINATH NAMAH,SHRI SAI MANDIR ASHIYANA,,,,2000,,25,,,,,,,,,,,,,,,,,,,,,,,,,,,,,,,,,,,,,,,,,,,,,,,,,,,,,0
2019-06-01,175,0,0,PREMCHANDRA,GODAN-PREMCHANDRA,GODAN,"DIAMOND POCKET BOOKS,DELHI",,,,,,323,,,,,,,,,,,,,,,,,,,,,,,,,,,,,,,,,,,,,,,,,,,,,,,,,,,,,0
2019-06-01,183,0,0,PREMCHANDRA,NIRMALA-PREMCHANDRA,NIRMALA,"NAI SADI BOOK HOUSE,NEW DELHI",,,,2013,,173,,,,,,,,,,,,,,,,,,,,,,,,,,,,,,,,,,,,,,,,,,,,,,,,,,,,,0
2019-06-01,185,0,0,"NAGAR,AMRIT LAL","NACHYO BAHOT GOPAL-NAGAR,AMRIT LAL",NACHYO BAHOT GOPAL,"RAJPAL AND SONS ,NEW DELHI",,,,1982,,1138,,,,,,,,,,,,,,,,,,,,,,,,,,,,,,,,,,,,,,,,,,,,,,,,,,,,,0
2019-06-01,190,0,0,"NAGAR,AMRIT LAL","KHANJAN NAYAN-NAGAR,AMRIT LAL",KHANJAN NAYAN,"RAJPAL AND SONS ,NEW DELHI",,,,1981,,232,,,,,,,,,,,,,,,,,,,,,,,,,,,,,,,,,,,,,,,,,,,,,,,,,,,,,0
2019-06-01,200,0,0,"KOHLI,NARENDRA","NA BHUTO NA BHAVISHYA-KOHLI,NARENDRA",NA BHUTO NA BHAVISHYA,VANI PRAKASHAN,,,,2004,,692,,,,,,,,,,,,,,,,,,,,,,,,,,,,,,,,,,,,,,,,,,,,,,,,,,,,,0
2019-06-01,208,0,0,SHIVANI,JALAK-SHIVANI,JALAK,HIND POCKET BOOKS,,,,1987,,136,,,,,,,,,,,,,,,,,,,,,,,,,,,,,,,,,,,,,,,,,,,,,,,,,,,,,0
2019-06-01,209,0,0,SHIVANI,CHAL KHUSRO GHAR AAPNE-SHIVANI,CHAL KHUSRO GHAR AAPNE,"RADHA KRISHNA PRAKASHAN,NEW DELHI",,,,2011,,131,,,,,,,,,,,,,,,,,,,,,,,,,,,,,,,,,,,,,,,,,,,,,,,,,,,,,0
2019-06-01,214,0,0,VIMAL MITRA,MUJRIM HAJIR II KHAND-VIMAL MITRA,MUJRIM HAJIR II KHAND,"RAJPAL AND SONS ,NEW DELHI",,,,1989,,414,,,,,,,,,,,,,,,,,,,,,,,,,,,,,,,,,,,,,,,,,,,,,,,,,,,,,0
2019-06-01,217,0,0,YASHPAL,MERI TERI USKI BAAT-YASHPAL,MERI TERI USKI BAAT,"LOKBHARTI,ALLAHABAD",,,,2012,,468,,,,,,,,,,,,,,,,,,,,,,,,,,,,,,,,,,,,,,,,,,,,,,,,,,,,,0
2019-06-01,227,0,0,"VANDOPADHYAY,TARA SHANKAR","GAN DEVTA-VANDOPADHYAY,TARA SHANKAR",GAN DEVTA,"BHARTIYA GYANPEETH,NEW DELHI",,,,1981,,584,,,,,,,,,,,,,,,,,,,,,,,,,,,,,,,,,,,,,,,,,,,,,,,,,,,,,0
2019-06-01,237,0,0,"SINHA,SANJAY","RISHTEY-SINHA,SANJAY",RISHTEY,"PRABHAT PRAKASHAN,DELHI",,,,2015,,343,,,,,,,,,,,,,,,,,,,,,,,,,,,,,,,,,,,,,,,,,,,,,,,,,,,,,0
2019-06-01,242,0,0,"JOSHI,MANOHAR SHYAM","KASAV-JOSHI,MANOHAR SHYAM",KASAV,"RAJKAMAL,DELHI",,,,1984,,304,,,,,,,,,,,,,,,,,,,,,,,,,,,,,,,,,,,,,,,,,,,,,,,,,,,,,0
2019-06-01,252,0,0,"SAHNI,BHEESHMA","TAMAS-SAHNI,BHEESHMA",TAMAS,"RAJKAMAL,DELHI",,,,1990,,260,,,,,,,,,,,,,,,,,,,,,,,,,,,,,,,,,,,,,,,,,,,,,,,,,,,,,0
2019-06-01,257,0,0,"VERMA,BHAGWATI CHARAN","SACHI SACHI BATEIN-VERMA,BHAGWATI CHARAN",SACHI SACHI BATEIN,"RAJKAMAL,DELHI",,,,1976,,454,,,,,,,,,,,,,,,,,,,,,,,,,,,,,,,,,,,,,,,,,,,,,,,,,,,,,0
2019-06-01,269,0,0,"PANDEY,GIRISH","JEEVOKRESHI-PANDEY,GIRISH",JEEVOKRESHI,"ANKITA PRAKASHAN,LUCKNOW",,,,2010,,140,,,,,,,,,,,,,,,,,,,,,,,,,,,,,,,,,,,,,,,,,,,,,,,,,,,,,0
2019-06-01,276,0,0,"GAYATRI,SINGH","JHEEL MEIN TAIRTY MACHLIYAN-GAYATRI,SINGH",JHEEL MEIN TAIRTY MACHLIYAN,"SULABH PRAKASHAN,LUCKNOW",,,,2009,,107,,,,,,,,,,,,,,,,,,,,,,,,,,,,,,,,,,,,,,,,,,,,,,,,,,,,,0
2019-06-01,282,0,0,SUDARSHAN SINGH,SANSKRITIK KAHANIYAN BHAG-4-SUDARSHAN SINGH,SANSKRITIK KAHANIYAN BHAG-4,"SHRI KRISHNA JANM SEVA SANSTHAN SEVA SANGH,MATHURA",,,,1977,,163,,,,,,,,,,,,,,,,,,,,,,,,,,,,,,,,,,,,,,,,,,,,,,,,,,,,,0
2019-06-01,289,0,0,RANVIJAY SINGH,SHIKHANDI KA JAI GHOSH-RANVIJAY SINGH,SHIKHANDI KA JAI GHOSH,"RANVIJAY SINGH,GORAKHPUR",,,,1998,,80,,,,,,,,,,,,,,,,,,,,,,,,,,,,,,,,,,,,,,,,,,,,,,,,,,,,,0
2019-06-01,292,0,0,"RAM,VIBHUTI NARAYAN (EDITOR)","KAHANI MAHA VISHESHANK-RAM,VIBHUTI NARAYAN (EDITOR)",KAHANI MAHA VISHESHANK,"ANAMIKA PRAKASHAN,ALLAHABAD",,,,,,912,,,,,,,,,,,,,,,,,,,,,,,,,,,,,,,,,,,,,,,,,,,,,,,,,,,,,0
2019-06-01,314,0,0,PREMCHANDRA,MANSAROVER-2-PREMCHANDRA,MANSAROVER-2,"RAJKAMAL,DELHI",,,,2001,,280,,,,,,,,,,,,,,,,,,,,,,,,,,,,,,,,,,,,,,,,,,,,,,,,,,,,,0
2019-06-01,318,0,0,SIVANI,MADHUYAMINI-SIVANI,MADHUYAMINI,"RADHA KRISHNA PRAKASHAN,NEW DELHI",,,,2007,,131,,,,,,,,,,,,,,,,,,,,,,,,,,,,,,,,,,,,,,,,,,,,,,,,,,,,,0
2019-06-01,323,0,0,SAHNI BHISHM,MERI PRIY KAHANIYA-SAHNI BHISHM,MERI PRIY KAHANIYA,"RAJPAL AND SONS ,NEW DELHI",,,,1989,,127,,,,,,,,,,,,,,,,,,,,,,,,,,,,,,,,,,,,,,,,,,,,,,,,,,,,,0
2019-06-01,328,0,0,NAAGAR AMRITLAL,MERI PRIY KAHANIYA-NAAGAR AMRITLAL,MERI PRIY KAHANIYA,"RAJKAMAL,DELHI",,,,2009,,132,,,,,,,,,,,,,,,,,,,,,,,,,,,,,,,,,,,,,,,,,,,,,,,,,,,,,0
2019-06-01,339,0,0,JAI SHANKER PRASAD,CHARCHIT KAHANIYAAN-JAI SHANKER PRASAD,CHARCHIT KAHANIYAAN,SAAMYIK PRAKASHAN NAI DELHI,,,,1996,,144,,,,,,,,,,,,,,,,,,,,,,,,,,,,,,,,,,,,,,,,,,,,,,,,,,,,,0
2019-06-01,345,0,0,SURESH KANT SAMPADAK,VISHWA PRASIDH KAHANIYAAN BHAAG-2-SURESH KANT SAMPADAK,VISHWA PRASIDH KAHANIYAAN BHAAG-2,GRANTH ACADEMY NEW DELHI,,,,1996,,172,,,,,,,,,,,,,,,,,,,,,,,,,,,,,,,,,,,,,,,,,,,,,,,,,,,,,0
2019-06-01,349,0,0,SHIVMURTI,KESHAR KASHTURI-SHIVMURTI,KESHAR KASHTURI,"RADHA KRISHNA PRAKASHAN,NEW DELHI",,,,1991,,151,,,,,,,,,,,,,,,,,,,,,,,,,,,,,,,,,,,,,,,,,,,,,,,,,,,,,0
2019-06-01,354,0,0,"SINGH,MADHUKER","ACHARYA CHANAKYA-SINGH,MADHUKER",ACHARYA CHANAKYA,SATYAM PRAKASHAN ALLAHABAD,,,,1991,,87,,,,,,,,,,,,,,,,,,,,,,,,,,,,,,,,,,,,,,,,,,,,,,,,,,,,,0
2019-06-01,361,0,0,RAKESHCHAKRA,AHINSHAWAADI SHER-RAKESHCHAKRA,AHINSHAWAADI SHER,SHABD SARASTHI DEKHI,,,,2002,,24,,,,,,,,,,,,,,,,,,,,,,,,,,,,,,,,,,,,,,,,,,,,,,,,,,,,,0
2019-06-01,367,0,0,"GOSWAMI,SHYAM SUNDER","RAAG CHAAPLUSHI-GOSWAMI,SHYAM SUNDER",RAAG CHAAPLUSHI,"HINDI PRACHAR SABHA,MATHURA",,,,1975,,46,,,,,,,,,,,,,,,,,,,,,,,,,,,,,,,,,,,,,,,,,,,,,,,,,,,,,0
2019-06-01,376,0,0,ROHAN BOOK COMPANY,AMER SINGH RATHOR-ROHAN BOOK COMPANY,AMER SINGH RATHOR,ROHAN BOOK COMPANY DELHI,,,,,,24,,,,,,,,,,,,,,,,,,,,,,,,,,,,,,,,,,,,,,,,,,,,,,,,,,,,,0
2019-06-01,379,0,0,GEETA PRESS,KALYAAN JUNE 2000 ANK-GEETA PRESS,KALYAAN JUNE 2000 ANK,GEETA PRESS GORAKHPUR,,,,2000,,44,,,,,,,,,,,,,,,,,,,,,,,,,,,,,,,,,,,,,,,,,,,,,,,,,,,,,0
2019-06-01,384,0,0,GULJAAR,"RAAT,CHAND AUR MAIN ��..-GULJAAR","RAAT,CHAND AUR MAIN ��..",RUPA AND COMPANY DELHI,,,,2002,,47,,,,,,,,,,,,,,,,,,,,,,,,,,,,,,,,,,,,,,,,,,,,,,,,,,,,,0
2019-06-01,391,0,0,"MISHRA,YATINDRA (SAMPADAK)","MEELOSE DIN GULJAAR-MISHRA,YATINDRA (SAMPADAK)",MEELOSE DIN GULJAAR,RUPA AND COMPANY DELHI,,,,2010,,155,,,,,,,,,,,,,,,,,,,,,,,,,,,,,,,,,,,,,,,,,,,,,,,,,,,,,0
2019-06-01,402,0,0,"SINGH,YASHPAL","BIKHRE PHOOL-SINGH,YASHPAL",BIKHRE PHOOL,RAMRAJYA PRAKASHAN LUCKNOW,,,,1974,,55,,,,,,,,,,,,,,,,,,,,,,,,,,,,,,,,,,,,,,,,,,,,,,,,,,,,,0
2019-06-01,404,0,0,"DIXIT,RAJESH","GEET KADADMBINI-DIXIT,RAJESH",GEET KADADMBINI,VAANI MANDIR MATHURA,,,,1991,,96,,,,,,,,,,,,,,,,,,,,,,,,,,,,,,,,,,,,,,,,,,,,,,,,,,,,,0
2019-06-01,409,0,0,"MISHR,ROOPKUMAR","SRAJAN KE SWER-MISHR,ROOPKUMAR",SRAJAN KE SWER,HINDI PRACHAR SABHA MATHURA,,,,1972,,49,,,,,,,,,,,,,,,,,,,,,,,,,,,,,,,,,,,,,,,,,,,,,,,,,,,,,0
2019-06-01,417,0,0,VIRENDRA KUWER,SULAGTE MAUSHAM KI SHUGAAT-VIRENDRA KUWER,SULAGTE MAUSHAM KI SHUGAAT,ANAMIKA PRAKASHAN ALLAHABAD,,,,1991,,62,,,,,,,,,,,,,,,,,,,,,,,,,,,,,,,,,,,,,,,,,,,,,,,,,,,,,0
2019-06-01,418,0,0,DWEVEDI HAZARIPRASAD (SAMPADAK),PRATHIVIRAJ RASHO-DWEVEDI HAZARIPRASAD (SAMPADAK),PRATHIVIRAJ RASHO,SAHITYA BHAWAN ALLAHABAD,,,,2008,,231,,,,,,,,,,,,,,,,,,,,,,,,,,,,,,,,,,,,,,,,,,,,,,,,,,,,,0
2019-06-01,425,0,0,"SINGH,YASHPAL","BIKHRE PHOOL-SINGH,YASHPAL",BIKHRE PHOOL,RAMRAJYA PRAKASHAN LUCKNOW,,,,1974,,55,,,,,,,,,,,,,,,,,,,,,,,,,,,,,,,,,,,,,,,,,,,,,,,,,,,,,0
2019-06-01,427,0,0,"SHARMA,CHANDRIKA PRASAD(SAMPADAK)","MERI EKKYAWAN KAVITAE ATAL BIHARI BAJPAI-SHARMA,CHANDRIKA PRASAD(SAMPADAK)",MERI EKKYAWAN KAVITAE ATAL BIHARI BAJPAI,KITABGHAR DELHI,,,,1998,,168,,,,,,,,,,,,,,,,,,,,,,,,,,,,,,,,,,,,,,,,,,,,,,,,,,,,,0
2019-06-01,438,0,0,MADAN MOHAN,SAVERA HONE WALA HAI GEET SANGRAH-MADAN MOHAN,SAVERA HONE WALA HAI GEET SANGRAH,JANHIT PRAKASHAN MATHURA,,,,1982,,72,,,,,,,,,,,,,,,,,,,,,,,,,,,,,,,,,,,,,,,,,,,,,,,,,,,,,0
2019-06-01,445,0,0,RAJKAMAL PRAKASHAN,GEET GOVIND  JAIDEV KRIT-RAJKAMAL PRAKASHAN,GEET GOVIND  JAIDEV KRIT,RAJKAMAL PRAKASHAN DELHI,,,,1983,,86,,,,,,,,,,,,,,,,,,,,,,,,,,,,,,,,,,,,,,,,,,,,,,,,,,,,,0
2019-06-01,448,0,0,"GUPT,JAGDISHCHANDRA (SAMPADAK)","UDHHAV SHATAK-GUPT,JAGDISHCHANDRA (SAMPADAK)",UDHHAV SHATAK,SUMIT PRAKASHAN ALLAHABAD,,,,1997,,104,,,,,,,,,,,,,,,,,,,,,,,,,,,,,,,,,,,,,,,,,,,,,,,,,,,,,0
2019-06-01,456,0,0,"CHAUHAN,GYANENDRA KUMAR SINGH","ROSHINI KI ANKH NUM HAI-CHAUHAN,GYANENDRA KUMAR SINGH",ROSHINI KI ANKH NUM HAI,LAHER PRAKASHAN ALLAHABAD,,,,2002,,112,,,,,,,,,,,,,,,,,,,,,,,,,,,,,,,,,,,,,,,,,,,,,,,,,,,,,0
2019-06-01,458,0,0,ABDUL BISMILLAH SAMPADAK,SAARE SUKHAN HAMARE-FAIZ AHMAD FAIZ-ABDUL BISMILLAH SAMPADAK,SAARE SUKHAN HAMARE-FAIZ AHMAD FAIZ,RAJKAMAL PRAKASHAN DELHI,,,,2015,,398,,,,,,,,,,,,,,,,,,,,,,,,,,,,,,,,,,,,,,,,,,,,,,,,,,,,,0
2019-06-01,467,0,0,VERMA MAHADEVI,YAAMA-MAHADEVI VERMA-VERMA MAHADEVI,YAAMA-MAHADEVI VERMA,BHARTI BHANDAR ALLAHABAD,,,,1983,,112,,,,,,,,,,,,,,,,,,,,,,,,,,,,,,,,,,,,,,,,,,,,,,,,,,,,,0
2019-06-01,473,0,0,"VERMA,NIHALCHANDRA","BANKIM SAMGRAH-VERMA,NIHALCHANDRA",BANKIM SAMGRAH,HINDI PRACHARAK SANSTHAN VARANASI,,,,1989,,964,,,,,,,,,,,,,,,,,,,,,,,,,,,,,,,,,,,,,,,,,,,,,,,,,,,,,0
2019-06-01,483,0,0,"MISHRA,YATINDRA (SAMPADAK)","LATA SURGAATHA-MISHRA,YATINDRA (SAMPADAK)",LATA SURGAATHA,VAANI PRAKASHAN DELHI,,,,2016,,639,,,,,,,,,,,,,,,,,,,,,,,,,,,,,,,,,,,,,,,,,,,,,,,,,,,,,0
2019-06-01,491,0,0,MUKUNDA PRAKASHCHANDRA JOSHI,ANNANT KATHAMRAT-BABA NEEV KARAURIJI MAHARAJ-MUKUNDA PRAKASHCHANDRA JOSHI,ANNANT KATHAMRAT-BABA NEEV KARAURIJI MAHARAJ,SHREE KANCHI HANUMAN MANDIR KANCHI,,,,2006,,486,,,,,,,,,,,,,,,,,,,,,,,,,,,,,,,,,,,,,,,,,,,,,,,,,,,,,0
2019-06-01,497,0,0,"SINGH,RAJENDRA PRATAP(SAMPADAK)","WE BHI INSAN THE-SINGH,RAJENDRA PRATAP(SAMPADAK)",WE BHI INSAN THE,PUSTAK PATH DELHI,,,,2017,,86,,,,,,,,,,,,,,,,,,,,,,,,,,,,,,,,,,,,,,,,,,,,,,,,,,,,,0
2019-06-01,502,0,0,"PANDEY,GIRISH","JEVOCRESI-PANDEY,GIRISH",JEVOCRESI,ANKITA PRAKASHAN LUCKNOW,,,,2012,,152,,,,,,,,,,,,,,,,,,,,,,,,,,,,,,,,,,,,,,,,,,,,,,,,,,,,,0
2019-06-01,504,0,0,SATYA PRAKASH,KURSHI PREM-SATYA PRAKASH,KURSHI PREM,SAHITYA BHANDAR ALLAHABAD,,,,2009,,256,,,,,,,,,,,,,,,,,,,,,,,,,,,,,,,,,,,,,,,,,,,,,,,,,,,,,0
2019-06-01,510,0,0,DIOMOND POCKET BOOKS,JANMEYJAI KA NAAGYAG-JAISHANKER PRASAD-DIOMOND POCKET BOOKS,JANMEYJAI KA NAAGYAG-JAISHANKER PRASAD,DIAMOND POCKET BOOKS DELHI,,,,1988,,74,,,,,,,,,,,,,,,,,,,,,,,,,,,,,,,,,,,,,,,,,,,,,,,,,,,,,0
2019-06-01,514,0,0,MOTI CHANDRA,KASHI KA ITIHAAS-MOTI CHANDRA,KASHI KA ITIHAAS,VISHWAVIDHYALA PRAKASHAN VARANASI,,,,1985,,446,,,,,,,,,,,,,,,,,,,,,,,,,,,,,,,,,,,,,,,,,,,,,,,,,,,,,0
2019-06-01,519,0,0,SATSAHITYA PRAKASHAN TRUST,BHARTIY SANSKRITI-SATSAHITYA PRAKASHAN TRUST,BHARTIY SANSKRITI,SATSAHITYA PRAKASHAN TRUST MUMBAI,,,,1985,,105,,,,,,,,,,,,,,,,,,,,,,,,,,,,,,,,,,,,,,,,,,,,,,,,,,,,,0
2019-06-01,525,0,0,URMILESH,VIHAAR KA SACH-URMILESH,VIHAAR KA SACH,PRAKASHAN SANSTHAN NEW DELHI,,,,1991,,199,,,,,,,,,,,,,,,,,,,,,,,,,,,,,,,,,,,,,,,,,,,,,,,,,,,,,0
2019-06-01,536,0,0,"PRAVEEN,YOGESH","LAKSHAMPUR KI ATMAKATHA-PRAVEEN,YOGESH",LAKSHAMPUR KI ATMAKATHA,NAMAN PRAKASHAN LUCKNOW,,,,,,145,,,,,,,,,,,,,,,,,,,,,,,,,,,,,,,,,,,,,,,,,,,,,,,,,,,,,0
2019-06-01,542,0,0,"SHARMA,ANANT","RACHNA PRASOON-SHARMA,ANANT",RACHNA PRASOON,"KRISHNA PRAKASHAN,AGRA",,,,,,232,,,,,,,,,,,,,,,,,,,,,,,,,,,,,,,,,,,,,,,,,,,,,,,,,,,,,0
2019-06-01,554,0,0,AYODHYA SHODH SANSTHAN,LOK RAM KATHA-SAKSHI SHODH PATRIKA-3-AYODHYA SHODH SANSTHAN,LOK RAM KATHA-SAKSHI SHODH PATRIKA-3,"AYODHYA SHODH SANSTHAN,FAIZABAD",,,,2011,,173,,,,,,,,,,,,,,,,,,,,,,,,,,,,,,,,,,,,,,,,,,,,,,,,,,,,,0
2019-06-01,560,0,0,"RAHAT AYUKTA,U.P. SARKAR","AGNI SURAKSHA-EK SURAKSHIT PAHAL-RAHAT AYUKTA,U.P. SARKAR",AGNI SURAKSHA-EK SURAKSHIT PAHAL,"RAHAT AYUKT,U.P. SARKAR",,,,,,20,,,,,,,,,,,,,,,,,,,,,,,,,,,,,,,,,,,,,,,,,,,,,,,,,,,,,0
2019-06-01,571,0,0,"SHARMA,CHAKRADHARA","DEVVANI PARICHAYIKA-SHARMA,CHAKRADHARA",DEVVANI PARICHAYIKA,"HINDI PRACHAR SABHA,MATHURA",,,,1991,,54,,,,,,,,,,,,,,,,,,,,,,,,,,,,,,,,,,,,,,,,,,,,,,,,,,,,,0
2019-06-01,575,0,0,AKHANDANAND SARASWATI,EKADASH SKANDHA- SHRI MAD BHAGWAT-AKHANDANAND SARASWATI,EKADASH SKANDHA- SHRI MAD BHAGWAT,"GEETA PRESS,GORAKHPUR",,,,,,444,,,,,,,,,,,,,,,,,,,,,,,,,,,,,,,,,,,,,,,,,,,,,,,,,,,,,0
2019-06-01,593,0,0,RAJYA POLICE SUDHAR AYOOG,UTTRAKHAND PRAROOP SUJHOO SANKLAN-RAJYA POLICE SUDHAR AYOOG,UTTRAKHAND PRAROOP SUJHOO SANKLAN,RAJYA POLICE SUDHAR AYOOG,,,,,,179,,,,,,,,,,,,,,,,,,,,,,,,,,,,,,,,,,,,,,,,,,,,,,,,,,,,,0
2019-06-01,608,0,0,RAMCHANDRA,SATYA KA UDAY-RAMCHANDRA,SATYA KA UDAY,RAMCHANDRA MISSION SHAHJAHANPUR,,,,2014,,120,,,,,,,,,,,,,,,,,,,,,,,,,,,,,,,,,,,,,,,,,,,,,,,,,,,,,0
2019-06-01,616,0,0,"TRIVEDI,SATYADEV","PRACHIN BHARAT MEIN GUPTCHAR SEVA-TRIVEDI,SATYADEV",PRACHIN BHARAT MEIN GUPTCHAR SEVA,ANUPAM PRAKASHAN DELHI,,,,1985,,335,,,,,,,,,,,,,,,,,,,,,,,,,,,,,,,,,,,,,,,,,,,,,,,,,,,,,0
2019-06-01,620,0,0,"SHAH,GIRIRAJ","AANTRIK SURAKSHA-SHAH,GIRIRAJ",AANTRIK SURAKSHA,HIND PUBLISHING HOUSE ALLAHABAD,,,,1988,,112,,,,,,,,,,,,,,,,,,,,,,,,,,,,,,,,,,,,,,,,,,,,,,,,,,,,,0
2019-06-01,627,0,0,VITTIYE PRABANDH PRASHIKSHAN SANSTHAN U.P.,VITTIYE SANDARSHIKA-VITTIYE PRABANDH PRASHIKSHAN SANSTHAN U.P.,VITTIYE SANDARSHIKA,VITTIYE PRABANDH PRASHIKSHAN SANSTHAN U.P.,,,,2005,,329,,,,,,,,,,,,,,,,,,,,,,,,,,,,,,,,,,,,,,,,,,,,,,,,,,,,,0
2019-06-01,636,0,0,"DICKENS,CHAVLES","A TALE OF TWO CITIES-DICKENS,CHAVLES",A TALE OF TWO CITIES,VIKAS PUB.HOUSE,,,,1996,,154,,,,,,,,,,,,,,,,,,,,,,,,,,,,,,,,,,,,,,,,,,,,,,,,,,,,,0
2019-06-01,648,0,0,"YUTANG,LIN","THE IMPORTANCE IF LIVING-YUTANG,LIN",THE IMPORTANCE IF LIVING,KALYANI PUBLISHERS N.D,,,,1989,,444,,,,,,,,,,,,,,,,,,,,,,,,,,,,,,,,,,,,,,,,,,,,,,,,,,,,,0
2019-06-01,656,0,0,OXFORD UNIVERSITY PRESS,EXERCISES IN SPOKEN ENGLISH PART-1-OXFORD UNIVERSITY PRESS,EXERCISES IN SPOKEN ENGLISH PART-1,OXFORD UNIVERSITY PRESS,,,,2003,,61,,,,,,,,,,,,,,,,,,,,,,,,,,,,,,,,,,,,,,,,,,,,,,,,,,,,,0
2019-06-01,660,0,0,"DRIEBERG,TREVOR AND SARLA LAG MOHAN","EMERGENCY IN INDIA-DRIEBERG,TREVOR AND SARLA LAG MOHAN",EMERGENCY IN INDIA,MANAS PUBISHING HOUSE DELHI,,,,1975,,154,,,,,,,,,,,,,,,,,,,,,,,,,,,,,,,,,,,,,,,,,,,,,,,,,,,,,0
2019-06-01,667,0,0,"REYMOND,ROBERT S","HOW TO RECRUIT GOOD MENAGEVS-REYMOND,ROBERT S",HOW TO RECRUIT GOOD MENAGEVS,UNIVERSAL BOOK STALL N.D.,,,,1991,,144,,,,,,,,,,,,,,,,,,,,,,,,,,,,,,,,,,,,,,,,,,,,,,,,,,,,,0
2019-06-01,671,0,0,"SUHRAWARTHY,SHAISTA","HUSEY SHAHEED SUHRAWARTHY-A BIOGRAPHY-SUHRAWARTHY,SHAISTA",HUSEY SHAHEED SUHRAWARTHY-A BIOGRAPHY,OXFORD UNIVERSITY PRESS,,,,1991,,187,,,,,,,,,,,,,,,,,,,,,,,,,,,,,,,,,,,,,,,,,,,,,,,,,,,,,0
2019-06-01,681,0,0,"BHAGAT,CHETAN","REVOLUTION 2020 :LOVE CORRUPTION AMMBITION-BHAGAT,CHETAN",REVOLUTION 2020 :LOVE CORRUPTION AMMBITION,RUPA PUBLICATION NEW DELHI,,,,2011,,297,,,,,,,,,,,,,,,,,,,,,,,,,,,,,,,,,,,,,,,,,,,,,,,,,,,,,0
2019-06-01,688,0,0,SRIKRISHN JANMSTHAN SEVA SANSTHAN,THE RAMAYANA IF TULSIDAS-SRIKRISHN JANMSTHAN SEVA SANSTHAN,THE RAMAYANA IF TULSIDAS,SRIKRISHNA JANMSTHAN SEVA SANSTHAN MATHURA,,,,1987,,1413,,,,,,,,,,,,,,,,,,,,,,,,,,,,,,,,,,,,,,,,,,,,,,,,,,,,,0
2019-06-01,691,0,0,"BRASS, PAUL .R","THE NEW COMBRIGE HISTORY OF INDIA-BRASS, PAUL .R",THE NEW COMBRIGE HISTORY OF INDIA,ORIENT LONGMANN HYDERABAD,,,,1990,,357,,,,,,,,,,,,,,,,,,,,,,,,,,,,,,,,,,,,,,,,,,,,,,,,,,,,,0
2019-06-01,697,0,0,"GIDWANI,BHAGWAN.S","RETURN OF ARYANS-GIDWANI,BHAGWAN.S",RETURN OF ARYANS,PENGUIN BOOKS N.D.,,,,1994,,944,,,,,,,,,,,,,,,,,,,,,,,,,,,,,,,,,,,,,,,,,,,,,,,,,,,,,0
2019-06-01,711,0,0,NAYAR KULDEEP,THE JUDGEMENT INDIA INSIDE STORY OF EMERGENCY -NAYAR KULDEEP,THE JUDGEMENT INDIA INSIDE STORY OF EMERGENCY,VIKAS PUB.HOUSE,,,,1977,,228,,,,,,,,,,,,,,,,,,,,,,,,,,,,,,,,,,,,,,,,,,,,,,,,,,,,,0
2019-06-01,718,0,0,PARAMAHANCE YOGANANDA,AUTOBIOGRAPHY OF YOGI-PARAMAHANCE YOGANANDA,AUTOBIOGRAPHY OF YOGI,JAICO PUB HOUSE DELHI,,,,2003,,512,,,,,,,,,,,,,,,,,,,,,,,,,,,,,,,,,,,,,,,,,,,,,,,,,,,,,0
2019-06-01,722,0,0,"TURNER ,W ED.","SHAKESPEARES : HEMLET-TURNER ,W ED.",SHAKESPEARES : HEMLET,S.CHAND AND COMPANY NEW DELHI,,,,1999,,146,,,,,,,,,,,,,,,,,,,,,,,,,,,,,,,,,,,,,,,,,,,,,,,,,,,,,0
2019-06-01,725,0,0,MALHOTRA INDER,INDIRA GANDHI : NATIONAL BIOGRAPHY-MALHOTRA INDER,INDIRA GANDHI : NATIONAL BIOGRAPHY,NATIONAL BOOK TRUST N.D,,,,2006,,198,,,,,,,,,,,,,,,,,,,,,,,,,,,,,,,,,,,,,,,,,,,,,,,,,,,,,0
2019-06-01,733,0,0,"SHARMA,VISHWAMITRA","FAMOUS INDIAN OF THE 20TH CENTURY-SHARMA,VISHWAMITRA",FAMOUS INDIAN OF THE 20TH CENTURY,PUSTAK MAHAL DELHI,,,,2005,,220,,,,,,,,,,,,,,,,,,,,,,,,,,,,,,,,,,,,,,,,,,,,,,,,,,,,,0
2019-06-01,735,0,0,BENNET COLEMAN AND CO.LTD,THE BEST OF SPEAKING TREE VOL.2-BENNET COLEMAN AND CO.LTD,THE BEST OF SPEAKING TREE VOL.2,BENNET COLEMAN NEW DELHI,,,,2005,,159,,,,,,,,,,,,,,,,,,,,,,,,,,,,,,,,,,,,,,,,,,,,,,,,,,,,,0
2019-06-01,745,0,0,"KALIM , URFI","MY LOVE-KALIM , URFI",MY LOVE,JAVED GROUP OF PUB ALLAHABAD,,,,1984,,104,,,,,,,,,,,,,,,,,,,,,,,,,,,,,,,,,,,,,,,,,,,,,,,,,,,,,0
2019-06-01,754,0,0,AHMAD ALI,TWILIGHT IN DELHI A NOVEL-AHMAD ALI,TWILIGHT IN DELHI A NOVEL,RUPA PUBLICATION NEW DELHI,,,,2007,,275,,,,,,,,,,,,,,,,,,,,,,,,,,,,,,,,,,,,,,,,,,,,,,,,,,,,,0
2019-06-01,762,0,0,MCDERMOTT ANDY,TEMPLE OF GODS-MCDERMOTT ANDY,TEMPLE OF GODS,HEADLINE PUB LONDAN,,,,2012,,503,,,,,,,,,,,,,,,,,,,,,,,,,,,,,,,,,,,,,,,,,,,,,,,,,,,,,0
2019-06-01,769,0,0,JASWANT SINGH,A CALL OF HONOUR-JASWANT SINGH,A CALL OF HONOUR,RUPA PUBLICATION NEW DELHI,,,,2006,,426,,,,,,,,,,,,,,,,,,,,,,,,,,,,,,,,,,,,,,,,,,,,,,,,,,,,,0
2019-06-01,775,0,0,SAGE PUBLICATION,FROM SURPRISE TO RECKONING : THE KARGIL REVIEW COMMITTEE REPORT-SAGE PUBLICATION,FROM SURPRISE TO RECKONING : THE KARGIL REVIEW COMMITTEE REPORT,SAGE PUB.NEW DELHI,,,,1919,,275,,,,,,,,,,,,,,,,,,,,,,,,,,,,,,,,,,,,,,,,,,,,,,,,,,,,,0
2019-06-01,782,0,0,"BLYTON,ENID","THE BRAVE LITTLE PUPPY AND OTHER STORIES-BLYTON,ENID",THE BRAVE LITTLE PUPPY AND OTHER STORIES,AWADH PUB.LONDAN,,,,1993,,191,,,,,,,,,,,,,,,,,,,,,,,,,,,,,,,,,,,,,,,,,,,,,,,,,,,,,0
2019-06-01,798,0,0,"BLYTON,ENID","GOOD WORK SECRET-SEVEN-BLYTON,ENID",GOOD WORK SECRET-SEVEN,HODDAR R. STOUGHTAN G.BRITAIN,,,,1992,,112,,,,,,,,,,,,,,,,,,,,,,,,,,,,,,,,,,,,,,,,,,,,,,,,,,,,,0
2019-06-01,801,0,0,"BLYTON,ENID","PUZZLE PUZZLE FOR SECRET SEVEN-BLYTON,ENID",PUZZLE PUZZLE FOR SECRET SEVEN,HODDAR R. STOUGHTAN G.BRITAIN,,,,1992,,125,,,,,,,,,,,,,,,,,,,,,,,,,,,,,,,,,,,,,,,,,,,,,,,,,,,,,0
2019-06-01,808,0,0,"BLYTON,ENID","MORE HEDGEROUR TALES-BLYTON,ENID",MORE HEDGEROUR TALES,RED FOX LONDAN,,,,1991,,112,,,,,,,,,,,,,,,,,,,,,,,,,,,,,,,,,,,,,,,,,,,,,,,,,,,,,0
2019-06-01,811,0,0,"BLYTON,ENID","THE BIRTHDAY KILTEN-BLYTON,ENID",THE BIRTHDAY KILTEN,RED FOX LONDAN,,,,1992,,95,,,,,,,,,,,,,,,,,,,,,,,,,,,,,,,,,,,,,,,,,,,,,,,,,,,,,0
2019-06-01,817,0,0,"BLYTON,ENID","THE SEA SIDE FAMILY-BLYTON,ENID",THE SEA SIDE FAMILY,MOMMOTH LONDAN,,,,1992,,88,,,,,,,,,,,,,,,,,,,,,,,,,,,,,,,,,,,,,,,,,,,,,,,,,,,,,0
2019-06-01,828,0,0,"LOURIE,JOHN","THE LOVE IF HER LIFE-LOURIE,JOHN",THE LOVE IF HER LIFE,BANTAM BOOK NEW YORK,,,,1994,,230,,,,,,,,,,,,,,,,,,,,,,,,,,,,,,,,,,,,,,,,,,,,,,,,,,,,,0
2019-06-01,833,0,0,"KEENE,CAROLYN","NANCY DREW : 16 NEVER SAY DIE-KEENE,CAROLYN",NANCY DREW : 16 NEVER SAY DIE,POCKET BOOKS NEW YORK,,,,1987,,150,,,,,,,,,,,,,,,,,,,,,,,,,,,,,,,,,,,,,,,,,,,,,,,,,,,,,0
2019-06-01,844,0,0,"DIXON,FRANKLIN W","THE HARDY BOYS: THE HOODED HOWK MYSTERY-DIXON,FRANKLIN W",THE HARDY BOYS: THE HOODED HOWK MYSTERY,WILLIAM COLLINS ARMADA,,,,1993,,159,,,,,,,,,,,,,,,,,,,,,,,,,,,,,,,,,,,,,,,,,,,,,,,,,,,,,0
2019-06-01,852,0,0,ARORA BOOKS,ALADDIN AND HIS WONDERFUL LAMP-ARORA BOOKS,ALADDIN AND HIS WONDERFUL LAMP,ARORA BOOKS COM.DELHI,,,,,,,,,,,,,,,,,,,,,,,,,,,,,,,,,,,,,,,,,,,,,,,,,,,,,,,,,,,0
2019-06-01,855,0,0,"ANDRADE,MARINA","THE MAGIC WHEELS AND OTHER STORIES-ANDRADE,MARINA",THE MAGIC WHEELS AND OTHER STORIES,PAULIN PUBS,,,,1997,,40,,,,,,,,,,,,,,,,,,,,,,,,,,,,,,,,,,,,,,,,,,,,,,,,,,,,,0
2019-06-01,865,0,0,"BLYTON,ENID","NODDY AND HIS CAR-BLYTON,ENID",NODDY AND HIS CAR,BBC BOOKS,,,,1995,,60,,,,,,,,,,,,,,,,,,,,,,,,,,,,,,,,,,,,,,,,,,,,,,,,,,,,,0
2019-06-01,869,0,0,"IRWING , WASHINGTON","RIP VAN WINKLE AND OTHER STORIES-IRWING , WASHINGTON",RIP VAN WINKLE AND OTHER STORIES,PARAGON BOOK SERVICE,,,,1996,,150,,,,,,,,,,,,,,,,,,,,,,,,,,,,,,,,,,,,,,,,,,,,,,,,,,,,,0
2019-06-01,874,0,0,RUSKIN BOND,A LITTLE BOOK OF LIFE-RUSKIN BOND,A LITTLE BOOK OF LIFE,RUPA PUBLICATION NEW DELHI,,,,2012,,167,,,,,,,,,,,,,,,,,,,,,,,,,,,,,,,,,,,,,,,,,,,,,,,,,,,,,0
2019-06-01,884,0,0,"CHOPRA , DEEPAK","AGELESS BODY TIMELESS MIND-CHOPRA , DEEPAK",AGELESS BODY TIMELESS MIND,RUPA AND COMPANY,,,,1993,,342,,,,,,,,,,,,,,,,,,,,,,,,,,,,,,,,,,,,,,,,,,,,,,,,,,,,,0
2019-06-01,889,0,0,"EDGAR , ALLAN","STORIES AND POEMS-EDGAR , ALLAN",STORIES AND POEMS,CHANCELLOR PRESS,,,,1994,,973,,,,,,,,,,,,,,,,,,,,,,,,,,,,,,,,,,,,,,,,,,,,,,,,,,,,,0
2019-06-01,896,0,0,MASON PHILIP,THE MEN WHO RULED INDIA-MASON PHILIP,THE MEN WHO RULED INDIA,RUPA AND COMPANY,,,,2014,,368,,,,,,,,,,,,,,,,,,,,,,,,,,,,,,,,,,,,,,,,,,,,,,,,,,,,,0
2019-06-01,899,0,0,"FAROOQUI , AMAR","EARLY SOCIAL FARMATIONS-FAROOQUI , AMAR",EARLY SOCIAL FARMATIONS,MANAK PUB.NEW DELHI,,,,2001,,520,,,,,,,,,,,,,,,,,,,,,,,,,,,,,,,,,,,,,,,,,,,,,,,,,,,,,0
2019-06-01,907,0,0,MORAVIA ALBORTO,THE VOYEUR-MORAVIA ALBORTO,THE VOYEUR,RUPA AND COMPANY,,,,1993,,186,,,,,,,,,,,,,,,,,,,,,,,,,,,,,,,,,,,,,,,,,,,,,,,,,,,,,0
2019-06-01,910,0,0,OXFORD UNIVERSITY PRESS,JAWAHARLAL NEHRU : GLIMPSES OF WORLD HISTORY-OXFORD UNIVERSITY PRESS,JAWAHARLAL NEHRU : GLIMPSES OF WORLD HISTORY,OXFORD UNIVERSITY PRESS,,,,1989,,992,,,,,,,,,,,,,,,,,,,,,,,,,,,,,,,,,,,,,,,,,,,,,,,,,,,,,0
2019-06-01,921,0,0,"DURANT,WILL","THE STORIES OF PHILOSPHY-DURANT,WILL",THE STORIES OF PHILOSPHY,POCKET BOOKS NEW YORK,,,,1977,,543,,,,,,,,,,,,,,,,,,,,,,,,,,,,,,,,,,,,,,,,,,,,,,,,,,,,,0
2019-06-01,930,0,0,ABBOT JACOB,ALEXANDER THE GREAT-ABBOT JACOB,ALEXANDER THE GREAT,PRAKASH BOOKS NEW DELHI,,,,,,199,,,,,,,,,,,,,,,,,,,,,,,,,,,,,,,,,,,,,,,,,,,,,,,,,,,,,0
2019-06-01,933,0,0,BINGLAM A.H.,HAND BOOK AN RAJPUTS-BINGLAM A.H.,HAND BOOK AN RAJPUTS,LAW PRICE PUB.NEW DELHI,,,,2010,,181,,,,,,,,,,,,,,,,,,,,,,,,,,,,,,,,,,,,,,,,,,,,,,,,,,,,,0
2019-06-01,939,0,0,PERKINSON C NORTHCOTE,THE MANAGEMENT JUNGLE-PERKINSON C NORTHCOTE,THE MANAGEMENT JUNGLE,VIKAS PUB.HOUSE,,,,1990,,213,,,,,,,,,,,,,,,,,,,,,,,,,,,,,,,,,,,,,,,,,,,,,,,,,,,,,0
2019-06-01,943,0,0,MITFORD NANCY,MADAME DE POMPADOUR-MITFORD NANCY,MADAME DE POMPADOUR,BANTAM BOOK NEW YORK,,,,1956,,301,,,,,,,,,,,,,,,,,,,,,,,,,,,,,,,,,,,,,,,,,,,,,,,,,,,,,0
2019-06-01,948,0,0,HARDY THOMAS,SELECTED SHORT STORIES-HARDY THOMAS,SELECTED SHORT STORIES,WORDSWORTH EDITION,,,,1996,,179,,,,,,,,,,,,,,,,,,,,,,,,,,,,,,,,,,,,,,,,,,,,,,,,,,,,,0
2019-06-01,959,0,0,LAWRENCE D.H.,A PROPOS OF LADY CHATTER LAYS LOVER-LAWRENCE D.H.,A PROPOS OF LADY CHATTER LAYS LOVER,PENGUIN BOOKS N.D.,,,,2006,,360,,,,,,,,,,,,,,,,,,,,,,,,,,,,,,,,,,,,,,,,,,,,,,,,,,,,,0
2019-06-01,967,0,0,AUSTEN JANE,EMMA-AUSTEN JANE,EMMA,MADHUBAN EDU.TRUST VIKAS PUB,,,,1998,,128,,,,,,,,,,,,,,,,,,,,,,,,,,,,,,,,,,,,,,,,,,,,,,,,,,,,,0
2019-06-01,969,0,0,DASTUR R.H,ROCK AROUND THE CLOCK-DASTUR R.H,ROCK AROUND THE CLOCK,IBH PUBLISHING BOMBAY,,,,1982,,230,,,,,,,,,,,,,,,,,,,,,,,,,,,,,,,,,,,,,,,,,,,,,,,,,,,,,0
2019-06-01,977,0,0,THICH NHAT HANH,OLD PATH WHITE CLOUDS-THICH NHAT HANH,OLD PATH WHITE CLOUDS,FULL CIRCLE PUB.DELHI,,,,2008,,599,,,,,,,,,,,,,,,,,,,,,,,,,,,,,,,,,,,,,,,,,,,,,,,,,,,,,0
2019-06-01,989,0,0,GANDHI RAJMOHAN,RAJAJI A LIFE BIOGRAPHY-GANDHI RAJMOHAN,RAJAJI A LIFE BIOGRAPHY,PENGUIN BOOKS N.D.,,,,1997,,492,,,,,,,,,,,,,,,,,,,,,,,,,,,,,,,,,,,,,,,,,,,,,,,,,,,,,0
2019-06-01,994,0,0,SHETTY REKHA,EVERYDAY HAPINESS MANTRAS-SHETTY REKHA,EVERYDAY HAPINESS MANTRAS,RUPA AND COMPANY,,,,2015,,226,,,,,,,,,,,,,,,,,,,,,,,,,,,,,,,,,,,,,,,,,,,,,,,,,,,,,0
2019-06-01,999,0,0,ALLEN HUGH,THE LONELY TIGER-ALLEN HUGH,THE LONELY TIGER,RUPA PUBLICATION NEW DELHI,,,,2014,,212,,,,,,,,,,,,,,,,,,,,,,,,,,,,,,,,,,,,,,,,,,,,,,,,,,,,,0
2019-06-01,1012,0,0,RAGHURAM SUNAAD,VEERAPPAN : THE UNFOLD STORY-RAGHURAM SUNAAD,VEERAPPAN : THE UNFOLD STORY,PENGUIN BOOKS N.D.,,,,2001,,312,,,,,,,,,,,,,,,,,,,,,,,,,,,,,,,,,,,,,,,,,,,,,,,,,,,,,0
2019-06-01,1021,0,0,MARTIN WIGHL,POWER POLITICS-MARTIN WIGHL,POWER POLITICS,LEICESTER UNIVERSITY PRESS,,,,1978,,317,,,,,,,,,,,,,,,,,,,,,,,,,,,,,,,,,,,,,,,,,,,,,,,,,,,,,0
2019-06-01,1026,0,0,JOHARI J.C.,COMPARATIVE POLITICS-JOHARI J.C.,COMPARATIVE POLITICS,STERLING PUBS NEW DELHI,,,,,,632,,,,,,,,,,,,,,,,,,,,,,,,,,,,,,,,,,,,,,,,,,,,,,,,,,,,,0
2019-06-01,1034,0,0,STEVANSAN WILLIAM,90 MINUTES OF ENTEBBLE-STEVANSAN WILLIAM,90 MINUTES OF ENTEBBLE,BANTAM BOOK NEW YORK,,,,1976,,216,,,,,,,,,,,,,,,,,,,,,,,,,,,,,,,,,,,,,,,,,,,,,,,,,,,,,0
2019-06-01,1039,0,0,MAURIER DAPHNE DU,THE BIRDS AND OTHER STORIES-MAURIER DAPHNE DU,THE BIRDS AND OTHER STORIES,ARROW BOOKS,,,,1996,,237,,,,,,,,,,,,,,,,,,,,,,,,,,,,,,,,,,,,,,,,,,,,,,,,,,,,,0
2019-06-01,1055,0,0,HASNAIN NADEEM,THE OTHER LUCKNOW-HASNAIN NADEEM,THE OTHER LUCKNOW,VANI PRAKASHAN NEW DELHI,,,,2016,,344,,,,,,,,,,,,,,,,,,,,,,,,,,,,,,,,,,,,,,,,,,,,,,,,,,,,,0
2019-06-01,1070,0,0,HUDSON WILLIAM HENRY,THE STORY OF RENAISSANCE-HUDSON WILLIAM HENRY,THE STORY OF RENAISSANCE,GEORGE G HARPER AND COM.LANDON,,,,1928,,268,,,,,,,,,,,,,,,,,,,,,,,,,,,,,,,,,,,,,,,,,,,,,,,,,,,,,0
2019-06-01,1074,0,0,MUKHERJEE L,HISTORY OF INDIA-MUKHERJEE L,HISTORY OF INDIA,MUKHERJEE ML CULCUTTA,,,,,,273,,,,,,,,,,,,,,,,,,,,,,,,,,,,,,,,,,,,,,,,,,,,,,,,,,,,,0
2019-06-01,1077,0,0,ABHINAV PRAKASH,LAW RELATING TO ELECTRONS-ABHINAV PRAKASH,LAW RELATING TO ELECTRONS,UNIVERSAL BOOK STALL N.D.,,,,2006,,193,,,,,,,,,,,,,,,,,,,,,,,,,,,,,,,,,,,,,,,,,,,,,,,,,,,,,0
2019-06-01,1086,0,0,"BASU,DURGA PRASAD","INTRODUCTION TO CONSTITUTION OF INDIA-BASU,DURGA PRASAD",INTRODUCTION TO CONSTITUTION OF INDIA,"WADHWA PUB,AGRA",,,,2004,,499,,,,,,,,,,,,,,,,,,,,,,,,,,,,,,,,,,,,,,,,,,,,,,,,,,,,,0
2019-06-01,1093,0,0,"VISHWANATHAN,SURESH T.","THE INDIAN CYBER LAW-VISHWANATHAN,SURESH T.",THE INDIAN CYBER LAW,"BHARAT LAW HOUSE,DELHI",,,,2001,,424,,,,,,,,,,,,,,,,,,,,,,,,,,,,,,,,,,,,,,,,,,,,,,,,,,,,,0
2019-06-01,1095,0,0,"AGRAWAL,S,K,","THE INDIAN EASEMENT ACT-AGRAWAL,S,K,",THE INDIAN EASEMENT ACT,"CENTRAL LAW AGENCY,ALLAHABAD",,,,1994,,127,,,,,,,,,,,,,,,,,,,,,,,,,,,,,,,,,,,,,,,,,,,,,,,,,,,,,0
2019-06-01,1098,0,0,"BHATTACHARYA,T.","THE INTERPRETATION OF STATATES-BHATTACHARYA,T.",THE INTERPRETATION OF STATATES,"CENTRAL LAW AGENCY,ALLAHABAD",,,,2003,,299,,,,,,,,,,,,,,,,,,,,,,,,,,,,,,,,,,,,,,,,,,,,,,,,,,,,,0
2019-06-01,1104,0,0,"KAPOOR,S.K.","INTERNATION LAW & HUMAN RIGHTS-KAPOOR,S.K.",INTERNATION LAW & HUMAN RIGHTS,"CENTRAL LAW AGENCY,ALLAHABAD",,,,2003,,453,,,,,,,,,,,,,,,,,,,,,,,,,,,,,,,,,,,,,,,,,,,,,,,,,,,,,0
2019-06-01,1109,0,0,"ISHWARI,PRASAD","A NEW HISTORY OF INDIA-ISHWARI,PRASAD",A NEW HISTORY OF INDIA,"INDIA PRESS PVT. LTD,ALLHABAD",,,,1970,,374,,,,,,,,,,,,,,,,,,,,,,,,,,,,,,,,,,,,,,,,,,,,,,,,,,,,,0
2019-06-01,1117,0,0,"SRIVASTAVA,BIMAL K.","AVIATION TOURISM-SRIVASTAVA,BIMAL K.",AVIATION TOURISM,MANAS PUBISHING HOUSE DELHI,,,,2002,,231,,,,,,,,,,,,,,,,,,,,,,,,,,,,,,,,,,,,,,,,,,,,,,,,,,,,,0
2019-06-01,1119,0,0,"SINGH,R.L.","ECOLOGY OF DUDHWA-SINGH,R.L.",ECOLOGY OF DUDHWA,"PARYAVARAN GYAN YAGYA SAMITI,LUCKNOW",,,,2002,,348,,,,,,,,,,,,,,,,,,,,,,,,,,,,,,,,,,,,,,,,,,,,,,,,,,,,,0
2019-06-01,1128,0,0,ROWLING J.K,HARRY POTTER & ORDER OF THE PHOENIX-ROWLING J.K,HARRY POTTER & ORDER OF THE PHOENIX,BLOOMSBURY BOOKS,,,,2004,,766,,,,,,,,,,,,,,,,,,,,,,,,,,,,,,,,,,,,,,,,,,,,,,,,,,,,,0
2019-06-01,1142,0,0,"THAPAR,ROMILA","A HISTORY OF INDIA-THAPAR,ROMILA",A HISTORY OF INDIA,PENGUIN BOOKS N.D.,,,,1979,,381,,,,,,,,,,,,,,,,,,,,,,,,,,,,,,,,,,,,,,,,,,,,,,,,,,,,,0
2019-06-01,1156,0,0,"PURI,B.N.","A STUDY OF INDIAN HISTORY-PURI,B.N.",A STUDY OF INDIAN HISTORY,BHARTIYA VIDHYA BHAWAN,,,,1971,,285,,,,,,,,,,,,,,,,,,,,,,,,,,,,,,,,,,,,,,,,,,,,,,,,,,,,,0
2019-06-01,1160,0,0,"MUNRO,RANDALL","WHAT IF: SERIOUS SCIENTIFIC ANSWERS TO ABSURD HYPOTHETICAL QUESTIONS-MUNRO,RANDALL",WHAT IF: SERIOUS SCIENTIFIC ANSWERS TO ABSURD HYPOTHETICAL QUESTIONS,JOHN MERRAY PUBS U.K,,,,2014,,303,,,,,,,,,,,,,,,,,,,,,,,,,,,,,,,,,,,,,,,,,,,,,,,,,,,,,0
2019-06-01,1173,0,0,SHIV KHERA,YOU CAN WIN-SHIV KHERA,YOU CAN WIN,MCMILLAN INDIA NEW DELHI,,,,2000,,269,,,,,,,,,,,,,,,,,,,,,,,,,,,,,,,,,,,,,,,,,,,,,,,,,,,,,0
2019-06-01,1177,0,0,DADE S.C,INDIAN SOCIETY-DADE S.C,INDIAN SOCIETY,NATIONAL BOOK TRUST N.D,,,,2005,,147,,,,,,,,,,,,,,,,,,,,,,,,,,,,,,,,,,,,,,,,,,,,,,,,,,,,,0
2019-06-01,1184,0,0,DALE CORNEGIE,HOW TO WIN FRIENDS & INFLUENCE PEOPLE-DALE CORNEGIE,HOW TO WIN FRIENDS & INFLUENCE PEOPLE,RUSSIJ TARAPORE BOMBAY,,,,1973,,246,,,,,,,,,,,,,,,,,,,,,,,,,,,,,,,,,,,,,,,,,,,,,,,,,,,,,0
2019-06-01,1194,0,0,CRANE STEPHEN,THE RED BODGE OF COUVARAGE AND OTHER STORIES-CRANE STEPHEN,THE RED BODGE OF COUVARAGE AND OTHER STORIES,WILCO PUBS HOUSE MUMBAI,,,,2005,,231,,,,,,,,,,,,,,,,,,,,,,,,,,,,,,,,,,,,,,,,,,,,,,,,,,,,,0
2019-06-01,1201,0,0,CUSSLER CLIVE,PIRANHA-CUSSLER CLIVE,PIRANHA,MICHAL JOSHPH PENGUIN BOOKS,,,,2014,,421,,,,,,,,,,,,,,,,,,,,,,,,,,,,,,,,,,,,,,,,,,,,,,,,,,,,,0
2019-06-01,1209,0,0,CUSSLER CLIVE,THE SPY-CUSSLER CLIVE,THE SPY,MICHAL JOSHPH PENGUIN BOOKS,,,,2010,,436,,,,,,,,,,,,,,,,,,,,,,,,,,,,,,,,,,,,,,,,,,,,,,,,,,,,,0
2019-06-01,1211,0,0,CUSSLER CLIVE,CRESCENT DOWN-CUSSLER CLIVE,CRESCENT DOWN,MICHAL JOSHPH PENGUIN BOOKS,,,,2010,,540,,,,,,,,,,,,,,,,,,,,,,,,,,,,,,,,,,,,,,,,,,,,,,,,,,,,,0
2019-06-01,1215,0,0,CUSSLER CLIVE,THE WRECKER-CUSSLER CLIVE,THE WRECKER,MICHAL JOSHPH PENGUIN BOOKS,,,,2010,,518,,,,,,,,,,,,,,,,,,,,,,,,,,,,,,,,,,,,,,,,,,,,,,,,,,,,,0
2019-06-01,1222,0,0,CUSSLER CLIVE,HAVANA STORM-CUSSLER CLIVE,HAVANA STORM,MICHAL JOSHPH PENGUIN BOOKS,,,,2014,,453,,,,,,,,,,,,,,,,,,,,,,,,,,,,,,,,,,,,,,,,,,,,,,,,,,,,,0
2019-06-01,1234,0,0,CUSSLER CLIVE,SAHARA-CUSSLER CLIVE,SAHARA,POCKET BOOKS NEW YORK,,,,1992,,568,,,,,,,,,,,,,,,,,,,,,,,,,,,,,,,,,,,,,,,,,,,,,,,,,,,,,0
2019-06-01,1239,0,0,CUSSLER CLIVE,ATLANTIS FOUND-CUSSLER CLIVE,ATLANTIS FOUND,BERKLEY BOOKS NEW YORK,,,,2001,,532,,,,,,,,,,,,,,,,,,,,,,,,,,,,,,,,,,,,,,,,,,,,,,,,,,,,,0
2019-06-01,1246,0,0,"FORSYTH , FREDERICK","THE AFGHAN-FORSYTH , FREDERICK",THE AFGHAN,CORGI BOOKS,,,,2006,,349,,,,,,,,,,,,,,,,,,,,,,,,,,,,,,,,,,,,,,,,,,,,,,,,,,,,,0
2019-06-01,1250,0,0,MUKUL DEVA,LASHKAR-MUKUL DEVA,LASHKAR,HARPER COLLINS INDIA,,,,2008,,365,,,,,,,,,,,,,,,,,,,,,,,,,,,,,,,,,,,,,,,,,,,,,,,,,,,,,0
2019-06-01,1255,0,0,LARSSON STIEG,THE GIRL WHO PLAYED WITH FINE-LARSSON STIEG,THE GIRL WHO PLAYED WITH FINE,MACLEHOSE PRESS LONDAN,,,,2009,,649,,,,,,,,,,,,,,,,,,,,,,,,,,,,,,,,,,,,,,,,,,,,,,,,,,,,,0
2019-06-01,1263,0,0,HARPER LEE,GO SET A WOTCHMAN-HARPER LEE,GO SET A WOTCHMAN,WILLIAM HEINEMANN GREAT BRITAIN,,,,2015,,278,,,,,,,,,,,,,,,,,,,,,,,,,,,,,,,,,,,,,,,,,,,,,,,,,,,,,0
2019-06-01,1276,0,0,HEYERDAHL THOR,THE KON-TIKI EXPEDITION-HEYERDAHL THOR,THE KON-TIKI EXPEDITION,GEORGE ALLEN UNWIN LTD.,,,,1954,,229,,,,,,,,,,,,,,,,,,,,,,,,,,,,,,,,,,,,,,,,,,,,,,,,,,,,,0
2019-06-01,1280,0,0,ACHARYA CHATURSEN,VAY RAKSHAAM-ACHARYA CHATURSEN,VAY RAKSHAAM,HIND POCKET BOOKS DELHI,,,,1969,,290,,,,,,,,,,,,,,,,,,,,,,,,,,,,,,,,,,,,,,,,,,,,,,,,,,,,,0
2019-06-01,1287,0,0,AGATHA CHRISTIE,POIROT'S EORY CASES-AGATHA CHRISTIE,POIROT'S EORY CASES,WILLIAM COLLINS & SONS,,,,1987,,281,,,,,,,,,,,,,,,,,,,,,,,,,,,,,,,,,,,,,,,,,,,,,,,,,,,,,0
2019-06-01,1309,0,0,BOOKS TODAY,4 SOLDIER'S DIARY KARGIL THE INSIDE STORY-BOOKS TODAY,4 SOLDIER'S DIARY KARGIL THE INSIDE STORY,BOOK TODAY INDIA TODAY GROUP,,,,2001,,210,,,,,,,,,,,,,,,,,,,,,,,,,,,,,,,,,,,,,,,,,,,,,,,,,,,,,0
2019-06-01,1314,0,0,GRISHAM JOHN,THE POLICAN BRIEF-GRISHAM JOHN,THE POLICAN BRIEF,ISLAND BOOK NEW YORK,,,,1992,,436,,,,,,,,,,,,,,,,,,,,,,,,,,,,,,,,,,,,,,,,,,,,,,,,,,,,,0
2019-06-01,1324,0,0,GRAHAM BILLY,JUST AS I AM-GRAHAM BILLY,JUST AS I AM,HARPER COLLINS INDIA,,,,1998,,892,,,,,,,,,,,,,,,,,,,,,,,,,,,,,,,,,,,,,,,,,,,,,,,,,,,,,0
2019-06-01,1325,0,0,BENCHLEY PETER,THE ISLAND-BENCHLEY PETER,THE ISLAND,CLARION BOOKS,,,,1979,,240,,,,,,,,,,,,,,,,,,,,,,,,,,,,,,,,,,,,,,,,,,,,,,,,,,,,,0
2019-06-01,1333,0,0,FOLLETT KEN,ONLY TIME WILL TELL-FOLLETT KEN,ONLY TIME WILL TELL,MACMILLAN INDIA DELHI,,,,2011,,384,,,,,,,,,,,,,,,,,,,,,,,,,,,,,,,,,,,,,,,,,,,,,,,,,,,,,0
2019-06-01,1337,0,0,FOLLETT KEN,AND THEREBY HANGS A TALE-FOLLETT KEN,AND THEREBY HANGS A TALE,MACMILLAN INDIA DELHI,,,,2018,,284,,,,,,,,,,,,,,,,,,,,,,,,,,,,,,,,,,,,,,,,,,,,,,,,,,,,,0
2019-06-01,1349,0,0,SIKKA HARINDER,CALLING SEHMAT-SIKKA HARINDER,CALLING SEHMAT,PENGUIN BOOKS N.D.,,,,2018,,205,,,,,,,,,,,,,,,,,,,,,,,,,,,,,,,,,,,,,,,,,,,,,,,,,,,,,0
2019-06-01,1352,0,0,SHELDEN SIDNEY,MORNING NOON & NIGHT-SHELDEN SIDNEY,MORNING NOON & NIGHT,HARPER COLLINS INDIA,,,,1995,,375,,,,,,,,,,,,,,,,,,,,,,,,,,,,,,,,,,,,,,,,,,,,,,,,,,,,,0
2019-06-01,1358,0,0,SALENGER J.D,THE CATCHER IN THE RYE-SALENGER J.D,THE CATCHER IN THE RYE,PENGUIN BOOKS N.D.,,,,,,228,,,,,,,,,,,,,,,,,,,,,,,,,,,,,,,,,,,,,,,,,,,,,,,,,,,,,0
2019-06-01,1363,0,0,KINGSLEY CHARLES,THE WATER BEBIES-KINGSLEY CHARLES,THE WATER BEBIES,BLOOMSBURY BOOKS,,,,1993,,192,,,,,,,,,,,,,,,,,,,,,,,,,,,,,,,,,,,,,,,,,,,,,,,,,,,,,0
2019-06-01,1372,0,0,KING MERVYN,THE END OF ALCHAMY-KING MERVYN,THE END OF ALCHAMY,LITTLE BROWN GREAT BRITAIN,,,,2016,,430,,,,,,,,,,,,,,,,,,,,,,,,,,,,,,,,,,,,,,,,,,,,,,,,,,,,,0
2019-06-01,1373,0,0,HARIHARAN DAS,POLITICAL THEORY : TRADITIONAL & MODERN THEORY-HARIHARAN DAS,POLITICAL THEORY : TRADITIONAL & MODERN THEORY,NATIONAL BOOK TRUST N.D,,,,1999,,430,,,,,,,,,,,,,,,,,,,,,,,,,,,,,,,,,,,,,,,,,,,,,,,,,,,,,0
2019-06-01,1381,0,0,"FORSYTH , FREDERICK","THE COBRA-FORSYTH , FREDERICK",THE COBRA,CORGI BOOKS,,,,2010,,396,,,,,,,,,,,,,,,,,,,,,,,,,,,,,,,,,,,,,,,,,,,,,,,,,,,,,0
2019-06-01,1387,0,0,STEINBACK JOHN,EAST OF EDEN-STEINBACK JOHN,EAST OF EDEN,PAN BOOKS,,,,1963,,553,,,,,,,,,,,,,,,,,,,,,,,,,,,,,,,,,,,,,,,,,,,,,,,,,,,,,0
2019-06-01,1392,0,0,ELIOT T.S.,MURDER IN THE CATHEDRAL-ELIOT T.S.,MURDER IN THE CATHEDRAL,OXFORD UNIVERSITY PRESS,,,,1974,,157,,,,,,,,,,,,,,,,,,,,,,,,,,,,,,,,,,,,,,,,,,,,,,,,,,,,,0
2019-06-01,1402,0,0,CHAUDHARY M.P.,BALI AND THE OCEAN OF MILK-CHAUDHARY M.P.,BALI AND THE OCEAN OF MILK,HARPER COLLINS INDIA,,,,2011,,306,,,,,,,,,,,,,,,,,,,,,,,,,,,,,,,,,,,,,,,,,,,,,,,,,,,,,0
2019-06-01,1407,0,0,SARBESH JI MAHARAJ,THE GARDEN OF HUMANITY-SARBESH JI MAHARAJ,THE GARDEN OF HUMANITY,SRI SERBESH SEVA ASHRAM SULTANPUR,,,,1961,,275,,,,,,,,,,,,,,,,,,,,,,,,,,,,,,,,,,,,,,,,,,,,,,,,,,,,,0
2019-06-01,1426,0,0,KUNDERA MILAN,IMMORTALITY -KUNDERA MILAN,IMMORTALITY,RUPA & CO.,,,,1992,,387,,,,,,,,,,,,,,,,,,,,,,,,,,,,,,,,,,,,,,,,,,,,,,,,,,,,,0
2019-06-01,1429,0,0,LUDOWYK EFC,UNDERSTANDING SHAKESPEARE-LUDOWYK EFC,UNDERSTANDING SHAKESPEARE,COMBRIDGE UNIVERSITY PRESS,,,,1962,,266,,,,,,,,,,,,,,,,,,,,,,,,,,,,,,,,,,,,,,,,,,,,,,,,,,,,,0
2019-06-01,1435,0,0,OWEN MARK,MUSSION THAT KILLED OSAMA BIN LADEN NO EASY DAY AUTOBIOGRAPHY OF NAVY SEAL-OWEN MARK,MUSSION THAT KILLED OSAMA BIN LADEN NO EASY DAY AUTOBIOGRAPHY OF NAVY SEAL,PENGUIN BOOKS N.D.,,,,2012,,,,,,,,,,,,,,,,,,,,,,,,,,,,,,,,,,,,,,,,,,,,,,,,,,,,,,,0
2019-06-01,1441,0,0,WALLCE IRVING,THE SEVENTH SECRET-WALLCE IRVING,THE SEVENTH SECRET,SPHARE BOOK,,,,1986,,374,,,,,,,,,,,,,,,,,,,,,,,,,,,,,,,,,,,,,,,,,,,,,,,,,,,,,0
2019-06-01,1450,0,0,CHRISTOPHER C DOYLE,THE MAHABHARAT SECRET-CHRISTOPHER C DOYLE,THE MAHABHARAT SECRET,OM BOOKS INTERNATIONAL,,,,2014,,382,,,,,,,,,,,,,,,,,,,,,,,,,,,,,,,,,,,,,,,,,,,,,,,,,,,,,0
2019-06-01,1455,0,0,MAURIER DAPHNE DU,FRENCHMAN'S CRECK-MAURIER DAPHNE DU,FRENCHMAN'S CRECK,ARROW BOOKS,,,,1992,,238,,,,,,,,,,,,,,,,,,,,,,,,,,,,,,,,,,,,,,,,,,,,,,,,,,,,,0
2019-06-01,1461,0,0,RUSKIN BOND,WIEKED STORIES-RUSKIN BOND,WIEKED STORIES,RUPA & CO.,,,,2010,,190,,,,,,,,,,,,,,,,,,,,,,,,,,,,,,,,,,,,,,,,,,,,,,,,,,,,,0
2019-06-01,1471,0,0,ROBERTO MICHAL,WHY GREAT LEADERS DON�T TAKE YES FOR A ANSWER-ROBERTO MICHAL,WHY GREAT LEADERS DON�T TAKE YES FOR A ANSWER,DARLING KINDERSLAY INDIA,,,,2006,,278,,,,,,,,,,,,,,,,,,,,,,,,,,,,,,,,,,,,,,,,,,,,,,,,,,,,,0
2019-06-01,1478,0,0,ASQHAR ALI,JIHAD AND OTHER ESSAYS-ASQHAR ALI,JIHAD AND OTHER ESSAYS,THE BOOK PEOPLE INDIA KOZHIKED KERALA,,,,2013,,298,,,,,,,,,,,,,,,,,,,,,,,,,,,,,,,,,,,,,,,,,,,,,,,,,,,,,0
2019-06-01,1483,0,0,SHAMIM MOHD (ED.),THE INVISIBLE MINORITY IN LITERATURE & SOCIETY-SHAMIM MOHD (ED.),THE INVISIBLE MINORITY IN LITERATURE & SOCIETY,VANGMAYA BOOKS ALIGARH,,,,2016,,194,,,,,,,,,,,,,,,,,,,,,,,,,,,,,,,,,,,,,,,,,,,,,,,,,,,,,0
2019-06-01,1500,0,0,LOWNDAS LEIL,HOW TO TALK TO ANY ONE-LOWNDAS LEIL,HOW TO TALK TO ANY ONE,HARPER COLLINS INDIA,,,,2014,,334,,,,,,,,,,,,,,,,,,,,,,,,,,,,,,,,,,,,,,,,,,,,,,,,,,,,,0
2019-06-01,1509,0,0,PARKINSAN NORTHCOTE C,PARIKINSON : THE LAW-PARKINSAN NORTHCOTE C,PARIKINSON : THE LAW,BALLANTINE BOOKS,,,,1980,,212,,,,,,,,,,,,,,,,,,,,,,,,,,,,,,,,,,,,,,,,,,,,,,,,,,,,,0
2019-06-01,1516,0,0,GUHA RAMACHANDRA,INDIA OFFER GANDHI-GUHA RAMACHANDRA,INDIA OFFER GANDHI,MACMILLAN INDIA DELHI,,,,2008,,898,,,,,,,,,,,,,,,,,,,,,,,,,,,,,,,,,,,,,,,,,,,,,,,,,,,,,0
2019-06-01,1541,0,0,BIPIN CHANDRA,FREEDOM STRIGGLE-BIPIN CHANDRA,FREEDOM STRIGGLE,NATIONAL BOOK TRUST N.D,,,,1972,,228,,,,,,,,,,,,,,,,,,,,,,,,,,,,,,,,,,,,,,,,,,,,,,,,,,,,,0
2019-06-01,1547,0,0,AZAD MAULANA ABDUL KALAM,INDIA WINS FREEDOM-AZAD MAULANA ABDUL KALAM,INDIA WINS FREEDOM,ORIENT PAPERBACK DELHI,,,,1989,,283,,,,,,,,,,,,,,,,,,,,,,,,,,,,,,,,,,,,,,,,,,,,,,,,,,,,,0
2019-06-01,1556,0,0,BHARTIYA VIDHYA BHAWAN,THE AGE OF IMPERIAL KANNAUJ-BHARTIYA VIDHYA BHAWAN,THE AGE OF IMPERIAL KANNAUJ,BHARTIYA VIDHYA BHAWAN,,,,2009,,585,,,,,,,,,,,,,,,,,,,,,,,,,,,,,,,,,,,,,,,,,,,,,,,,,,,,,0
2019-06-01,1560,0,0,SINGHANIA VINOD K,TAXMANN'S DIRECT TAX LAW & PRACTICE-SINGHANIA VINOD K,TAXMANN'S DIRECT TAX LAW & PRACTICE,TAXMANN PUBLICATION NEW DELHI,,,,2005,,14480,,,,,,,,,,,,,,,,,,,,,,,,,,,,,,,,,,,,,,,,,,,,,,,,,,,,,0
2019-06-01,1568,0,0,EMERSON RALPH WALDO,ESSAYS : FIRST & SECOND STORIES-EMERSON RALPH WALDO,ESSAYS : FIRST & SECOND STORIES,EUROSIA PUBS NEW DELHI,,,,1972,,446,,,,,,,,,,,,,,,,,,,,,,,,,,,,,,,,,,,,,,,,,,,,,,,,,,,,,0
2019-06-01,1586,0,0,FUKUYAMA FRANCIS,THE END OF HISTORY & THE LAST MAN-FUKUYAMA FRANCIS,THE END OF HISTORY & THE LAST MAN,SIMAN AND SCHUSTER,,,,2006,,432,,,,,,,,,,,,,,,,,,,,,,,,,,,,,,,,,,,,,,,,,,,,,,,,,,,,,0
2019-06-01,1594,0,0,PRENTICE HALL,WEBSTERS NEW WORLD DICTIONARY OF COMPULQ TERMA-PRENTICE HALL,WEBSTERS NEW WORLD DICTIONARY OF COMPULQ TERMA,PRENTICE HALL INC,,,,1988,,412,,,,,,,,,,,,,,,,,,,,,,,,,,,,,,,,,,,,,,,,,,,,,,,,,,,,,0
2019-06-01,1600,0,0,HANSON J.L.,DICTIONARY OF ECONOMICS & COMMERCE-HANSON J.L.,DICTIONARY OF ECONOMICS & COMMERCE,ELBS LANDON,,,,1971,,473,,,,,,,,,,,,,,,,,,,,,,,,,,,,,,,,,,,,,,,,,,,,,,,,,,,,,0
2019-06-01,1617,0,0,BRADLEY A.C.,SHAKESPEAREAN TRAGEDY-BRADLEY A.C.,SHAKESPEAREAN TRAGEDY,MCMILLAN LANDON,,,,1969,,432,,,,,,,,,,,,,,,,,,,,,,,,,,,,,,,,,,,,,,,,,,,,,,,,,,,,,0
2019-06-01,1621,0,0,RANGNAKAR SHARU,IN THE WONDERLAND OF INDIAN MANAGER-RANGNAKAR SHARU,IN THE WONDERLAND OF INDIAN MANAGER,TARANG PAPERBACK VIKASH PUBS,,,,1987,,134,,,,,,,,,,,,,,,,,,,,,,,,,,,,,,,,,,,,,,,,,,,,,,,,,,,,,0
2019-06-01,1628,0,0,BHAGADE S.S.,BASIC -A MINI TEST-BHAGADE S.S.,BASIC -A MINI TEST,HIMALAYA PUB HOUSE,,,,1991,,101,,,,,,,,,,,,,,,,,,,,,,,,,,,,,,,,,,,,,,,,,,,,,,,,,,,,,0
2019-06-01,1639,0,0,KHUSHWANT SINGH,TRAIN TO PAKISTAN-KHUSHWANT SINGH,TRAIN TO PAKISTAN,PENGUIN BOOKS N.D.,,,,2007,,196,,,,,,,,,,,,,,,,,,,,,,,,,,,,,,,,,,,,,,,,,,,,,,,,,,,,,0
2019-06-01,1644,0,0,COSTRO FIDEL,ON IMPERIALIST GLOBALIZATION TWO SPEECHES-COSTRO FIDEL,ON IMPERIALIST GLOBALIZATION TWO SPEECHES,LEFTWORD BANK NEW DELHI,,,,2003,,156,,,,,,,,,,,,,,,,,,,,,,,,,,,,,,,,,,,,,,,,,,,,,,,,,,,,,0
2019-06-01,1654,0,0,ASHOK LAW HOUSE,LAW & ARMS & EXPLOSIVE-ASHOK LAW HOUSE,LAW & ARMS & EXPLOSIVE,ASHOK LAW HOUSE,,,,2002,,982,,,,,,,,,,,,,,,,,,,,,,,,,,,,,,,,,,,,,,,,,,,,,,,,,,,,,0
2019-06-01,1658,0,0,KASHYAP SUBHASH C,OUR CONSTITUTION-KASHYAP SUBHASH C,OUR CONSTITUTION,NATIONAL BOOK TRUST N.D,,,,2005,,380,,,,,,,,,,,,,,,,,,,,,,,,,,,,,,,,,,,,,,,,,,,,,,,,,,,,,0
2019-06-01,1664,0,0,INDIAN JOURNAL OF PUBLIC ADMIS,INDIAN JOURNAL OF PUBLIC ADMINISTRATION-INDIAN JOURNAL OF PUBLIC ADMIS,INDIAN JOURNAL OF PUBLIC ADMINISTRATION,INDIAN INST OF PUBLIC ADMIS. NEW DELHI,,,,jan-mar 2003,,106,,,,,,,,,,,,,,,,,,,,,,,,,,,,,,,,,,,,,,,,,,,,,,,,,,,,,0
2019-06-01,1666,0,0,BALL SIMAN,ENVIRONMENTAL LAW-BALL SIMAN,ENVIRONMENTAL LAW,UNIVERSAL LAW PUBS.CO.,,,,1996,,469,,,,,,,,,,,,,,,,,,,,,,,,,,,,,,,,,,,,,,,,,,,,,,,,,,,,,0
2019-06-01,1684,0,0,DWIVEDI HEMANT,LAAL FITA-DWIVEDI HEMANT,LAAL FITA,LOK BHARTI PUBS ALLAHABAD,,,,2010,,239,,,,,,,,,,,,,,,,,,,,,,,,,,,,,,,,,,,,,,,,,,,,,,,,,,,,,0
2019-06-01,1685,0,0,SHELDON SIDNEY,THE NAKED FACE-SHELDON SIDNEY,THE NAKED FACE,HODDERS & STOUGHTER LONDAN,,,,1984,,214,,,,,,,,,,,,,,,,,,,,,,,,,,,,,,,,,,,,,,,,,,,,,,,,,,,,,0
2019-06-01,1689,0,0,SRIVASTAVA SHIV DAYAL,BASIC LEGAL PRINCIPLES & TERM-SRIVASTAVA SHIV DAYAL,BASIC LEGAL PRINCIPLES & TERM,SRI GIRI PRAKASHAN JABALPUR,,,,,,68,,,,,,,,,,,,,,,,,,,,,,,,,,,,,,,,,,,,,,,,,,,,,,,,,,,,,0
2019-06-01,1693,0,0,MATA AMRITANANDAMAYI MISSION TRUST,FROM AMMA'S HEART-MATA AMRITANANDAMAYI MISSION TRUST,FROM AMMA'S HEART,MATA AMRITANANDMAYI MISSION,,,,2007,,261,,,,,,,,,,,,,,,,,,,,,,,,,,,,,,,,,,,,,,,,,,,,,,,,,,,,,0
2019-06-01,1702,0,0,SHOURIE ARUN,THE WORLD OF FATWAR OR THE SHARIAH IN ACTION-SHOURIE ARUN,THE WORLD OF FATWAR OR THE SHARIAH IN ACTION,HARPER COLLINS INDIA,,,,1995,,685,,,,,,,,,,,,,,,,,,,,,,,,,,,,,,,,,,,,,,,,,,,,,,,,,,,,,0
2019-06-01,1706,0,0,TZU SUN,THE ART OF WAR-TZU SUN,THE ART OF WAR,SHAMBHALA BOSTON,,,,1999,,172,,,,,,,,,,,,,,,,,,,,,,,,,,,,,,,,,,,,,,,,,,,,,,,,,,,,,0
2019-06-01,1711,0,0,JUSSAWALLA J.M.,KAY TI MATURE CARE-JUSSAWALLA J.M.,KAY TI MATURE CARE,IBH PUBS CO.BOMBAY,,,,1983,,113,,,,,,,,,,,,,,,,,,,,,,,,,,,,,,,,,,,,,,,,,,,,,,,,,,,,,0
2019-06-01,1715,0,0,ORIENT PAPERBACK,CHEIRO'S YOU AND YOUR STAR-ORIENT PAPERBACK,CHEIRO'S YOU AND YOUR STAR,ORIENT PAPERBACK DELHI,,,,2007,,287,,,,,,,,,,,,,,,,,,,,,,,,,,,,,,,,,,,,,,,,,,,,,,,,,,,,,0
2019-06-01,1724,0,0,JOMES DEREK L,THE A-Z WOMEN'S HEALTH-JOMES DEREK L,THE A-Z WOMEN'S HEALTH,OXFORD UNIVERSITY PRESS,,,,1990,,260,,,,,,,,,,,,,,,,,,,,,,,,,,,,,,,,,,,,,,,,,,,,,,,,,,,,,0
2019-06-01,1728,0,0,PETERS GRETCHAN,SEEDS OF TERROR-PETERS GRETCHAN,SEEDS OF TERROR,HACHETTE INDIA,,,,2009,,302,,,,,,,,,,,,,,,,,,,,,,,,,,,,,,,,,,,,,,,,,,,,,,,,,,,,,0
2019-06-01,1740,0,0,CHOPRA DEEPAK,HOW TO KNOW GOOD-CHOPRA DEEPAK,HOW TO KNOW GOOD,RANDOM HOUSE NEW YORK,,,,2000,,305,,,,,,,,,,,,,,,,,,,,,,,,,,,,,,,,,,,,,,,,,,,,,,,,,,,,,0
2019-06-01,1754,0,0,STAUSS LEO,THOUGHTS AN MACHIAVELLI-STAUSS LEO,THOUGHTS AN MACHIAVELLI,UNIVERSITY OF WASHINGTON PRESS,,,,1958,,348,,,,,,,,,,,,,,,,,,,,,,,,,,,,,,,,,,,,,,,,,,,,,,,,,,,,,0
2019-06-01,1766,0,0,TAYLOR WILLIAM T,GENERAL BIOLOGY-TAYLOR WILLIAM T,GENERAL BIOLOGY,EAST WEST PRESS NEW DELHI,,,,1967,,945,,,,,,,,,,,,,,,,,,,,,,,,,,,,,,,,,,,,,,,,,,,,,,,,,,,,,0
2019-06-01,1772,0,0,CHANDLER L.V.,THE ECONOMICS OF MONEY & BANKING-CHANDLER L.V.,THE ECONOMICS OF MONEY & BANKING,HARPER & BROTHER NEW YORK,,,,1959,,549,,,,,,,,,,,,,,,,,,,,,,,,,,,,,,,,,,,,,,,,,,,,,,,,,,,,,0
2019-06-01,1779,0,0,KOTHARI RAJNI,POLITICS IN INDIA-KOTHARI RAJNI,POLITICS IN INDIA,ORINT LANGMAN,,,,1970,,461,,,,,,,,,,,,,,,,,,,,,,,,,,,,,,,,,,,,,,,,,,,,,,,,,,,,,0
2019-06-01,1788,0,0,GETTELL RAYMOND GARFIELD,INTRODUCTION TO POLITICAL SCIENCE-GETTELL RAYMOND GARFIELD,INTRODUCTION TO POLITICAL SCIENCE,GIN & COMPANY BOSTAN,,,,1922,,421,,,,,,,,,,,,,,,,,,,,,,,,,,,,,,,,,,,,,,,,,,,,,,,,,,,,,0
2019-06-01,1793,0,0,FRIEDMANN W,AN INTRODUCTION TO WORLD POLITICS-FRIEDMANN W,AN INTRODUCTION TO WORLD POLITICS,MACMILLAN,,,,1964,,497,,,,,,,,,,,,,,,,,,,,,,,,,,,,,,,,,,,,,,,,,,,,,,,,,,,,,0
2019-06-01,1798,0,0,PYLEE M.V,CONSTITUTIONAL GOVT. IN INDIA-PYLEE M.V,CONSTITUTIONAL GOVT. IN INDIA,ASIA PUB HOUSE BOMBAY,,,,1960,,745,,,,,,,,,,,,,,,,,,,,,,,,,,,,,,,,,,,,,,,,,,,,,,,,,,,,,0
2019-06-01,1809,0,0,RAM S.K.,MAGIC WORLD - LEVELS 3 : PRET & OTHER STORIES-RAM S.K.,MAGIC WORLD - LEVELS 3 : PRET & OTHER STORIES,OXFORD UNIVERSITY PRESS,,,,1992,,84,,,,,,,,,,,,,,,,,,,,,,,,,,,,,,,,,,,,,,,,,,,,,,,,,,,,,0
2019-06-01,1823,0,0,GILL RAMA,THE TEMPEST-GILL RAMA,THE TEMPEST,OXFORD UNIVERSITY PRESS,,,,2000,,145,,,,,,,,,,,,,,,,,,,,,,,,,,,,,,,,,,,,,,,,,,,,,,,,,,,,,0
2019-06-01,1824,0,0,GROWELL THOMAS LEE,A GLOSSARY OF PHRASES WITH PREPOSITIONS-GROWELL THOMAS LEE,A GLOSSARY OF PHRASES WITH PREPOSITIONS,PRINTICE HALL NEW DELHI,,,,1995,,216,,,,,,,,,,,,,,,,,,,,,,,,,,,,,,,,,,,,,,,,,,,,,,,,,,,,,0
2019-06-01,1831,0,0,HARWARD PETER,PERFECT YOUR GRAMMAR-HARWARD PETER,PERFECT YOUR GRAMMAR,ORINT LONGMANN DELHI,,,,2002,,41,,,,,,,,,,,,,,,,,,,,,,,,,,,,,,,,,,,,,,,,,,,,,,,,,,,,,0
2019-06-01,1837,0,0,MOHINDRA KAMLESH,ON THE THIEVES TRAILS-MOHINDRA KAMLESH,ON THE THIEVES TRAILS,MADHUBAN EDUCATIONAL BOOK,,,,1997,,98,,,,,,,,,,,,,,,,,,,,,,,,,,,,,,,,,,,,,,,,,,,,,,,,,,,,,0
2019-06-01,1848,0,0,MALORY THOMAS,KING ARTHUR & THE KNIGHTS OF THE ROUND TABLE-MALORY THOMAS,KING ARTHUR & THE KNIGHTS OF THE ROUND TABLE,VIKASH PUBS.HOUSE,,,,1996,,72,,,,,,,,,,,,,,,,,,,,,,,,,,,,,,,,,,,,,,,,,,,,,,,,,,,,,0
2019-06-01,1855,0,0,VERNE JULES,TWENTY THOUSAND LEAGUES UNDER THE SEA-VERNE JULES,TWENTY THOUSAND LEAGUES UNDER THE SEA,MADHUBAN EDUCATIONAL BOOK,,,,1996,,128,,,,,,,,,,,,,,,,,,,,,,,,,,,,,,,,,,,,,,,,,,,,,,,,,,,,,0
2019-06-01,1858,0,0,DUMAS ALEXANDER,THE COUNT OF MONTE CRISTO-DUMAS ALEXANDER,THE COUNT OF MONTE CRISTO,MADHUBAN EDUCATIONAL BOOK,,,,1997,,132,,,,,,,,,,,,,,,,,,,,,,,,,,,,,,,,,,,,,,,,,,,,,,,,,,,,,0
2019-06-01,1862,0,0,SHUKLA S.N.,THE TRANSFER OF PROPERTY ACT-SHUKLA S.N.,THE TRANSFER OF PROPERTY ACT,ALLAHABAD LAW AGENCY,,,,1985,,331,,,,,,,,,,,,,,,,,,,,,,,,,,,,,,,,,,,,,,,,,,,,,,,,,,,,,0
2019-06-01,1865,0,0,BATUK LAL,THE LAW EVIDENCE-BATUK LAL,THE LAW EVIDENCE,CENTRAL LAW AGENCY ALLAHABAD,,,,1992,,378,,,,,,,,,,,,,,,,,,,,,,,,,,,,,,,,,,,,,,,,,,,,,,,,,,,,,0
2019-06-01,1867,0,0,DIWAN PARAS,FAMILY LAW-DIWAN PARAS,FAMILY LAW,ALLAHABAD LAW AGENCY,,,,2003,,540,,,,,,,,,,,,,,,,,,,,,,,,,,,,,,,,,,,,,,,,,,,,,,,,,,,,,0
2019-06-01,1873,0,0,SINGH HARMAN (ED.),STUDIES IN WORLD ORDER-SINGH HARMAN (ED.),STUDIES IN WORLD ORDER,STERLING PUBS NEW DELHI,,,,1972,,445,,,,,,,,,,,,,,,,,,,,,,,,,,,,,,,,,,,,,,,,,,,,,,,,,,,,,0
2019-06-01,1877,0,0,IAS CIRCLE STUDY,STUDIES IN INTERNATIONAL RELATIONS-IAS CIRCLE STUDY,STUDIES IN INTERNATIONAL RELATIONS,BOOKHIVE PUBS NEW DELHI,,,,1981,,394,,,,,,,,,,,,,,,,,,,,,,,,,,,,,,,,,,,,,,,,,,,,,,,,,,,,,0
2019-06-01,1886,0,0,"BHANDARI,B.R.","HISTORY OFEUROPEAN POLITICAL PHILOSPHY-BHANDARI,B.R.",HISTORY OFEUROPEAN POLITICAL PHILOSPHY,ASIA PUBLISHING HOUSE,,,,,,523,,,,,,,,,,,,,,,,,,,,,,,,,,,,,,,,,,,,,,,,,,,,,,,,,,,,,0
2019-06-01,1887,0,0,"SINGH, K. RAJENDRA","POLITICS OF INDIAN OCEAN-SINGH, K. RAJENDRA",POLITICS OF INDIAN OCEAN,THOMAS PRESS DELHI,,,,1974,,252,,,,,,,,,,,,,,,,,,,,,,,,,,,,,,,,,,,,,,,,,,,,,,,,,,,,,0
2019-06-01,20,0,0,"THAKUR,SHIVRAM","SHRI SAI SACHCHARIT -THAKUR,SHIVRAM",SHRI SAI SACHCHARIT,"SHRI SAI BABA SANSTHAN,SAI NIKETAN,DADAR",,,,2002,,304,,,,,,,,,,,,,,,,,,,,,,,,,,,,,,,,,,,,,,,,,,,,,,,,,,,,,0
2019-06-01,65,0,0,"GEETA PRESS,GORAKHPUR","KALYAN GO SEVA ANK-GEETA PRESS,GORAKHPUR",KALYAN GO SEVA ANK,"GEETA PRESS,GORAKHPUR",,,,1995,,470,,,,,,,,,,,,,,,,,,,,,,,,,,,,,,,,,,,,,,,,,,,,,,,,,,,,,0
2019-06-01,95,0,0,"GAUTAM,CHAMANLAL","MANU SMRITI-GAUTAM,CHAMANLAL",MANU SMRITI,"SANSKRITI SANSTHAN,BAREILY",,,,2008,,475,,,,,,,,,,,,,,,,,,,,,,,,,,,,,,,,,,,,,,,,,,,,,,,,,,,,,0
2019-06-01,162,0,0,"PANDYA,PRANAV(EDITOR)","RISHI CHINTAN-PANDYA,PRANAV(EDITOR)",RISHI CHINTAN,"YUG NIRMAN YOJNA,MATHURA",,,,2005,,64,,,,,,,,,,,,,,,,,,,,,,,,,,,,,,,,,,,,,,,,,,,,,,,,,,,,,0
2019-06-01,192,0,0,"NAGAR,AMRIT LAL","SUHAG KE NUPUR-NAGAR,AMRIT LAL",SUHAG KE NUPUR,"RAJKAMAL,DELHI",,,,1960,,210,,,,,,,,,,,,,,,,,,,,,,,,,,,,,,,,,,,,,,,,,,,,,,,,,,,,,0
2019-06-01,235,0,0,"SHARMA,MANU","KRISHNA KI AATMAKATHA-1:NARAD KI BHAVISHYAVANI-SHARMA,MANU",KRISHNA KI AATMAKATHA-1:NARAD KI BHAVISHYAVANI,"PRABHAT PRAKASHAN,DELHI",,,,2013,,348,,,,,,,,,,,,,,,,,,,,,,,,,,,,,,,,,,,,,,,,,,,,,,,,,,,,,0
2019-06-01,238,0,0,"PRIYAMVADA,USHA","RUKOGI NAHI RADHIKA-PRIYAMVADA,USHA",RUKOGI NAHI RADHIKA,"RAJKAMAL,DELHI",,,,1996,,116,,,,,,,,,,,,,,,,,,,,,,,,,,,,,,,,,,,,,,,,,,,,,,,,,,,,,0
2019-06-01,275,0,0,GOVIND CHATAK,AKASH DANI DE PANI-GOVIND CHATAK,AKASH DANI DE PANI,"SASTA SAHITYA MANDAL,NEW DELHI",,,,1995,,125,,,,,,,,,,,,,,,,,,,,,,,,,,,,,,,,,,,,,,,,,,,,,,,,,,,,,0
2019-06-01,307,0,0,PREMCHANDRA,MANSAROVAR -7-PREMCHANDRA,MANSAROVAR -7,DIMOND POCKET DELHI,,,,2001,,249,,,,,,,,,,,,,,,,,,,,,,,,,,,,,,,,,,,,,,,,,,,,,,,,,,,,,0
2019-06-01,325,0,0,JAINENDRA KUMAR SAMPADAK,HINDI KAHANIYA-JAINENDRA KUMAR SAMPADAK,HINDI KAHANIYA,LOK BHARTI PRAKASHAN DELHI,,,,2009,,264,,,,,,,,,,,,,,,,,,,,,,,,,,,,,,,,,,,,,,,,,,,,,,,,,,,,,0
2019-06-01,356,0,0,SURESH KANT SAMPADAK,VISHWA PRASIDH KAHANIYAAN BHAAG-3-SURESH KANT SAMPADAK,VISHWA PRASIDH KAHANIYAAN BHAAG-3,GRANTH ACADEMY NEW DELHI,,,,1996,,80,,,,,,,,,,,,,,,,,,,,,,,,,,,,,,,,,,,,,,,,,,,,,,,,,,,,,0
2019-06-01,430,0,0,LOK BHARTI PRAKASHAN,GULENAMA FIRAAQ GORAKHPURI KI RACHNAE-LOK BHARTI PRAKASHAN,GULENAMA FIRAAQ GORAKHPURI KI RACHNAE,LOK BHARTI PRAKASHAN ALLAHABAD,,,,1988,,278,,,,,,,,,,,,,,,,,,,,,,,,,,,,,,,,,,,,,,,,,,,,,,,,,,,,,0
2019-06-01,469,0,0,"TIWARI,MADHURI","SHAB-E-FURKAT-TIWARI,MADHURI",SHAB-E-FURKAT,PUSTAK PATH DELHI,,,,2017,,112,,,,,,,,,,,,,,,,,,,,,,,,,,,,,,,,,,,,,,,,,,,,,,,,,,,,,0
2019-06-01,492,0,0,RAJENDRA JIGYASU,AMER KAHANI-BEER HAQIQAT RAI-RAJENDRA JIGYASU,AMER KAHANI-BEER HAQIQAT RAI,GANGA PRASAD UPADHYAYPRAKASHAN MANDIR ABOHAR,,,,2007,,40,,,,,,,,,,,,,,,,,,,,,,,,,,,,,,,,,,,,,,,,,,,,,,,,,,,,,0
2019-06-01,524,0,0,"SHIRODIYA,SHAKUNTALA","MERE PERDESHI-SHIRODIYA,SHAKUNTALA",MERE PERDESHI,ASHU PRAKASHAN ALLAHABAD,,,,1991,,94,,,,,,,,,,,,,,,,,,,,,,,,,,,,,,,,,,,,,,,,,,,,,,,,,,,,,0
2019-06-01,562,0,0,"GUPTA,HARIHAR PRASAD","SAFALTA KE LIYE KYA KAREIN?-GUPTA,HARIHAR PRASAD",SAFALTA KE LIYE KYA KAREIN?,"SAT SAHITYA SANSTHAN,ALLAHABAD",,,,1986,,94,,,,,,,,,,,,,,,,,,,,,,,,,,,,,,,,,,,,,,,,,,,,,,,,,,,,,0
2019-06-01,585,0,0,AYODHYA SHODH SANSTHAN,SAKSHI-AYODHYA EK SANSKRITIK VIRASAT-AYODHYA SHODH SANSTHAN,SAKSHI-AYODHYA EK SANSKRITIK VIRASAT,"AYODHYA SHODH SANSTHAN,FAIZABAD",,,,2011,,184,,,,,,,,,,,,,,,,,,,,,,,,,,,,,,,,,,,,,,,,,,,,,,,,,,,,,0
2019-06-01,690,0,0,"GOPAL,SARVEPALLI","JAWAHARLAL NEHRU A BIOGRAPHY-GOPAL,SARVEPALLI",JAWAHARLAL NEHRU A BIOGRAPHY,OXFORD UNIVERSITY PRESS,,,,1989,,503,,,,,,,,,,,,,,,,,,,,,,,,,,,,,,,,,,,,,,,,,,,,,,,,,,,,,0
2019-06-01,708,0,0,MORELAND W..H,INDIA : AT THE DEATH OF AKBER-MORELAND W..H,INDIA : AT THE DEATH OF AKBER,TRANS PUBDELHI,,,,1974,,328,,,,,,,,,,,,,,,,,,,,,,,,,,,,,,,,,,,,,,,,,,,,,,,,,,,,,0
2019-06-01,729,0,0,RUSHDIE SALMAN,THE SATANIC VERSES-RUSHDIE SALMAN,THE SATANIC VERSES,PICADAR NEW YORK,,,,1997,,561,,,,,,,,,,,,,,,,,,,,,,,,,,,,,,,,,,,,,,,,,,,,,,,,,,,,,0
2019-06-01,773,0,0,DEPINDER SINGH,FIELD MARSHAL SAM MANEKSHAW M.C.-DEPINDER SINGH,FIELD MARSHAL SAM MANEKSHAW M.C.,NATRAJ PUBS DELHI,,,,2005,,272,,,,,,,,,,,,,,,,,,,,,,,,,,,,,,,,,,,,,,,,,,,,,,,,,,,,,0
2019-06-01,778,0,0,ROWLING J.K.,THE TALE OF BEEDLE THE BORD-ROWLING J.K.,THE TALE OF BEEDLE THE BORD,CHILDREN HIGH LOVEL COM NEW DELHI,,,,2000,,137,,,,,,,,,,,,,,,,,,,,,,,,,,,,,,,,,,,,,,,,,,,,,,,,,,,,,0
2019-06-01,822,0,0,"BLYTON,ENID","AMELIA JANE IN NAUGHTY AGAIN-BLYTON,ENID",AMELIA JANE IN NAUGHTY AGAIN,MOMMOTH LONDAN,,,,1995,,109,,,,,,,,,,,,,,,,,,,,,,,,,,,,,,,,,,,,,,,,,,,,,,,,,,,,,0
2019-06-01,858,0,0,"TALEPADE,DNYANESHWARI","THE ADVENTUROURS FIVE AND OTHER STORIES-TALEPADE,DNYANESHWARI",THE ADVENTUROURS FIVE AND OTHER STORIES,PAULIN PUBS,,,,1996,,55,,,,,,,,,,,,,,,,,,,,,,,,,,,,,,,,,,,,,,,,,,,,,,,,,,,,,0
2019-06-01,885,0,0,"JACKSON , DOUGLES","HERO OF ROME-JACKSON , DOUGLES",HERO OF ROME,BANTAM PRESS LANDON,,,,2010,,322,,,,,,,,,,,,,,,,,,,,,,,,,,,,,,,,,,,,,,,,,,,,,,,,,,,,,0
2019-06-01,901,0,0,NARAYAN R.K.,SWAMI AND FRIENDS-NARAYAN R.K.,SWAMI AND FRIENDS,INDIAN THOUGHT PUB.MYSORE,,,,1993,,179,,,,,,,,,,,,,,,,,,,,,,,,,,,,,,,,,,,,,,,,,,,,,,,,,,,,,0
2019-06-01,922,0,0,BHAKTIVADANTA BOOK TRUST,PERFECT QUESTION AND PERFECT ANSWERS-BHAKTIVADANTA BOOK TRUST,PERFECT QUESTION AND PERFECT ANSWERS,BHAKTIVADANTA BOOK TRUST,,,,1992,,110,,,,,,,,,,,,,,,,,,,,,,,,,,,,,,,,,,,,,,,,,,,,,,,,,,,,,0
2019-06-01,923,0,0,VENKATRAMAN K,SAI BABA SHIRDI STORIES-VENKATRAMAN K,SAI BABA SHIRDI STORIES,SHISTI PUB NEW DELHI,,,,2002,,218,,,,,,,,,,,,,,,,,,,,,,,,,,,,,,,,,,,,,,,,,,,,,,,,,,,,,0
2019-06-01,944,0,0,SWAMI PRABHU PADE,THE PATH PERFECTION-SWAMI PRABHU PADE,THE PATH PERFECTION,BHAKTI VEDANTA BOOK TRUST LANDON,,,,1992,,198,,,,,,,,,,,,,,,,,,,,,,,,,,,,,,,,,,,,,,,,,,,,,,,,,,,,,0
2019-06-01,962,0,0,JOHN W.E.,A BIGGLES OMNIBUSS-JOHN W.E.,A BIGGLES OMNIBUSS,RANDOM HOUSE LANDON,,,,1994,,624,,,,,,,,,,,,,,,,,,,,,,,,,,,,,,,,,,,,,,,,,,,,,,,,,,,,,0
2019-06-01,975,0,0,"DALRYMPLE , WILLIAM","THE LAST MUGHAL-DALRYMPLE , WILLIAM",THE LAST MUGHAL,BLOOMSBURY BOOKS,,,,2006,,578,,,,,,,,,,,,,,,,,,,,,,,,,,,,,,,,,,,,,,,,,,,,,,,,,,,,,0
2019-06-01,987,0,0,MACINTYRE BEN,A SPY AMONG FRIENDS-MACINTYRE BEN,A SPY AMONG FRIENDS,BLOOMSBURY BOOKS,,,,2014,,352,,,,,,,,,,,,,,,,,,,,,,,,,,,,,,,,,,,,,,,,,,,,,,,,,,,,,0
2019-06-01,1023,0,0,DOCTOR ADI H,INTERNATIONAL RELATIONS-DOCTOR ADI H,INTERNATIONAL RELATIONS,VIKAS PUB.HOUSE,,,,1969,,250,,,,,,,,,,,,,,,,,,,,,,,,,,,,,,,,,,,,,,,,,,,,,,,,,,,,,0
2019-06-01,1028,0,0,GANGOPADHAYAY SUNIL,FEAR AND OTHER STORIES-GANGOPADHAYAY SUNIL,FEAR AND OTHER STORIES,RUPA AND COMPANY,,,,1994,,163,,,,,,,,,,,,,,,,,,,,,,,,,,,,,,,,,,,,,,,,,,,,,,,,,,,,,0
2019-06-01,1103,0,0,"GIACOMINI,FABIO & HASAN ZAIDI","ELECTRONIC EVIDENCE-GIACOMINI,FABIO & HASAN ZAIDI",ELECTRONIC EVIDENCE,"ALIA LAW AGENCY,ALLAHABAD",,,,2012,,1271,,,,,,,,,,,,,,,,,,,,,,,,,,,,,,,,,,,,,,,,,,,,,,,,,,,,,0
2019-06-01,1120,0,0,"ARON,SUNITA","THE DYNASTY:BORN TO RULE-ARON,SUNITA",THE DYNASTY:BORN TO RULE,HEY HOUSE INDIA,,,,2016,,352,,,,,,,,,,,,,,,,,,,,,,,,,,,,,,,,,,,,,,,,,,,,,,,,,,,,,0
2019-06-01,1149,0,0,"WALLACE,IRRVING","THE SEVEN MINUTES-WALLACE,IRRVING",THE SEVEN MINUTES,IRRVING WALLACE,,,,1969,,511,,,,,,,,,,,,,,,,,,,,,,,,,,,,,,,,,,,,,,,,,,,,,,,,,,,,,0
2019-06-01,1166,0,0,"HOSSEINI , KHALID","THE KITE RUNNER-HOSSEINI , KHALID",THE KITE RUNNER,BLOOMSBURY BOOKS,,,,2003,,324,,,,,,,,,,,,,,,,,,,,,,,,,,,,,,,,,,,,,,,,,,,,,,,,,,,,,0
2019-06-01,1187,0,0,RAJAGOPAL D (ED),COMMENTARIES ON LIVING -RAJAGOPAL D (ED),COMMENTARIES ON LIVING,B.J.PUBLICATION BAMBAY,,,,1986,,312,,,,,,,,,,,,,,,,,,,,,,,,,,,,,,,,,,,,,,,,,,,,,,,,,,,,,0
2019-06-01,1210,0,0,CUSSLER CLIVE,THE JUNGLE-CUSSLER CLIVE,THE JUNGLE,MICHAL JOSHPH PENGUIN BOOKS,,,,2011,,406,,,,,,,,,,,,,,,,,,,,,,,,,,,,,,,,,,,,,,,,,,,,,,,,,,,,,0
2019-06-01,1251,0,0,BRONTIE EMILE,WUTHERING HEIGHTS-BRONTIE EMILE,WUTHERING HEIGHTS,PENGUIN BOOKS N.D.,,,,1970,,370,,,,,,,,,,,,,,,,,,,,,,,,,,,,,,,,,,,,,,,,,,,,,,,,,,,,,0
2019-06-01,1275,0,0,OREINT PAPERBACK,KHUSHWANT SINGH'S JOKE BOOK II-OREINT PAPERBACK,KHUSHWANT SINGH'S JOKE BOOK II,ORIENT PAPERBACK DELHI,,,,1990,,151,,,,,,,,,,,,,,,,,,,,,,,,,,,,,,,,,,,,,,,,,,,,,,,,,,,,,0
2019-06-01,1310,0,0,AMISH,THE OATH OF THE VAYUPUTRAS-AMISH,THE OATH OF THE VAYUPUTRAS,WESTLAND LTD.CHENNAI,,,,2013,,565,,,,,,,,,,,,,,,,,,,,,,,,,,,,,,,,,,,,,,,,,,,,,,,,,,,,,0
2019-06-01,1356,0,0,SANGHI ASHWIN,THE ROZABAL LINE-SANGHI ASHWIN,THE ROZABAL LINE,WESTLAND LTD.CHENNAI,,,,2008,,405,,,,,,,,,,,,,,,,,,,,,,,,,,,,,,,,,,,,,,,,,,,,,,,,,,,,,0
2019-06-01,1375,0,0,SEILD JENNIFER,ENGLISH IDIOMS-SEILD JENNIFER,ENGLISH IDIOMS,OXFORD UNIVERSITY PRESS,,,,1989,,267,,,,,,,,,,,,,,,,,,,,,,,,,,,,,,,,,,,,,,,,,,,,,,,,,,,,,0
2019-06-01,1393,0,0,GIBRAN KHALID,THE PROPHET-GIBRAN KHALID,THE PROPHET,JAICO PUBS BOMBAY,,,,1991,,114,,,,,,,,,,,,,,,,,,,,,,,,,,,,,,,,,,,,,,,,,,,,,,,,,,,,,0
2019-06-01,1410,0,0,RUSKIN BOND,GHOST STORIES FROM THE RAJ-RUSKIN BOND,GHOST STORIES FROM THE RAJ,RUPA & CO.,,,,2010,,170,,,,,,,,,,,,,,,,,,,,,,,,,,,,,,,,,,,,,,,,,,,,,,,,,,,,,0
2019-06-01,1424,0,0,MISHRA PRAMOD K,THE KUTCH EARTHQUAKE 2001-MISHRA PRAMOD K,THE KUTCH EARTHQUAKE 2001,NATIONAL INSTT OF DISASTER MANAGEMENT,,,,2004,,234,,,,,,,,,,,,,,,,,,,,,,,,,,,,,,,,,,,,,,,,,,,,,,,,,,,,,0
2019-06-01,1451,0,0,MCNAB ANDY,BRAVE TWO ZERO-MCNAB ANDY,BRAVE TWO ZERO,CORGI BOOKS,,,,1993,,411,,,,,,,,,,,,,,,,,,,,,,,,,,,,,,,,,,,,,,,,,,,,,,,,,,,,,0
2019-06-01,1474,0,0,GAUTAM S.P.,RAMCHARITMANAS : OCEAN OF SCIENCE-GAUTAM S.P.,RAMCHARITMANAS : OCEAN OF SCIENCE,LOK BHARTI PUBS ALLAHABAD,,,,2013,,103,,,,,,,,,,,,,,,,,,,,,,,,,,,,,,,,,,,,,,,,,,,,,,,,,,,,,0
2019-06-01,1494,0,0,ABDUL KALAM A.P.J.,TURNING POINT-ABDUL KALAM A.P.J.,TURNING POINT,HARPER COLLINS INDIA,,,,2012,,182,,,,,,,,,,,,,,,,,,,,,,,,,,,,,,,,,,,,,,,,,,,,,,,,,,,,,0
2019-06-01,1553,0,0,PERLOTT JEFFERY M,MICROECONOMICS-PERLOTT JEFFERY M,MICROECONOMICS,PEARSON,,,,2016,,800,,,,,,,,,,,,,,,,,,,,,,,,,,,,,,,,,,,,,,,,,,,,,,,,,,,,,0
2019-06-01,1574,0,0,MARDNISS,BARACK OBAMA : THE MAKING OF MAN-MARDNISS,BARACK OBAMA : THE MAKING OF MAN,ATLANTIC BOOK,,,,2012,,643,,,,,,,,,,,,,,,,,,,,,,,,,,,,,,,,,,,,,,,,,,,,,,,,,,,,,0
2019-06-01,1587,0,0,TALEB NASSIM NICHOLAS,THE BLACK SWAN-TALEB NASSIM NICHOLAS,THE BLACK SWAN,PENGUIN BOOKS N.D.,,,,2010,,444,,,,,,,,,,,,,,,,,,,,,,,,,,,,,,,,,,,,,,,,,,,,,,,,,,,,,0
2019-06-01,1616,0,0,PATHERYA MUDAR,THE ULLTIMATE WORLD CUP  CRICKET QUIZ BOOK-PATHERYA MUDAR,THE ULLTIMATE WORLD CUP  CRICKET QUIZ BOOK,PENGUIN BOOKS N.D.,,,,2002,,135,,,,,,,,,,,,,,,,,,,,,,,,,,,,,,,,,,,,,,,,,,,,,,,,,,,,,0
2019-06-01,1669,0,0,ZAIDI MOH HASAN,GUIDELINES OF THE SUPREME COURT & HIGH COURT IN CRIMINAL LAW -ZAIDI MOH HASAN,GUIDELINES OF THE SUPREME COURT & HIGH COURT IN CRIMINAL LAW,"ALIA LAW AGENCY,ALLAHABAD",,,,2013,,276,,,,,,,,,,,,,,,,,,,,,,,,,,,,,,,,,,,,,,,,,,,,,,,,,,,,,0
2019-06-01,1692,0,0,SINGH SRAJANPAAL,U.P.KI NAYI UDAAN-SINGH SRAJANPAAL,U.P.KI NAYI UDAAN,PRABHAAT PRAKASHAN,,,,2017,,232,,,,,,,,,,,,,,,,,,,,,,,,,,,,,,,,,,,,,,,,,,,,,,,,,,,,,0
2019-06-01,1704,0,0,SHOURIE ARUN,EMINENT HISTORIUS : THEIR TECHNOLOGY THEIR LINE THEIR FRAUD-SHOURIE ARUN,EMINENT HISTORIUS : THEIR TECHNOLOGY THEIR LINE THEIR FRAUD,INDIA TODAY ARUN SHOURIE,,,,1998,,271,,,,,,,,,,,,,,,,,,,,,,,,,,,,,,,,,,,,,,,,,,,,,,,,,,,,,0
2019-06-01,1725,0,0,JOHNSON SPENCER,WHO MOVED MY CHEESE-JOHNSON SPENCER,WHO MOVED MY CHEESE,VERMILIAN LANDON,,,,1998,,94,,,,,,,,,,,,,,,,,,,,,,,,,,,,,,,,,,,,,,,,,,,,,,,,,,,,,0
2019-06-01,1737,0,0,BORYSENKO JOAN Z,INNER PEACE FOR BUSY PEOPLE-BORYSENKO JOAN Z,INNER PEACE FOR BUSY PEOPLE,HAY HOUSE INDIA,,,,2009,,194,,,,,,,,,,,,,,,,,,,,,,,,,,,,,,,,,,,,,,,,,,,,,,,,,,,,,0
2019-06-01,1753,0,0,ROLLAND ROMAN,THE LIFE OF VIVEKANAND & THE UNIVERSAL GOSPAL-ROLLAND ROMAN,THE LIFE OF VIVEKANAND & THE UNIVERSAL GOSPAL,"ADVAITVA ASHRAM,CALCUTTA",,,,1965,,382,,,,,,,,,,,,,,,,,,,,,,,,,,,,,,,,,,,,,,,,,,,,,,,,,,,,,0
2019-06-01,1783,0,0,BARKAR ERNEST,GREEK POLITICAL THEORY-BARKAR ERNEST,GREEK POLITICAL THEORY,METHEUN & CO.,,,,1964,,468,,,,,,,,,,,,,,,,,,,,,,,,,,,,,,,,,,,,,,,,,,,,,,,,,,,,,0
2019-06-01,1800,0,0,NAMBOODIRI P.K.S,INTERVENTION IN THE INDIAN OCEAN-NAMBOODIRI P.K.S,INTERVENTION IN THE INDIAN OCEAN,ABC PUBS HOUSE NEW DELHI,,,,1982,,361,,,,,,,,,,,,,,,,,,,,,,,,,,,,,,,,,,,,,,,,,,,,,,,,,,,,,0
2019-06-01,1829,0,0,VASHISHT JAI SHRI,THE GEM SENIOR ESSAYS-VASHISHT JAI SHRI,THE GEM SENIOR ESSAYS,MONGA BOOK DEPOT,,,,1998,,308,,,,,,,,,,,,,,,,,,,,,,,,,,,,,,,,,,,,,,,,,,,,,,,,,,,,,0
2019-06-01,1844,0,0,TOWIN MARK,THE ADVENTURE OF TOM SAWYER-TOWIN MARK,THE ADVENTURE OF TOM SAWYER,MADHUBAN EDUCATIONAL BOOK,,,,1996,,84,,,,,,,,,,,,,,,,,,,,,,,,,,,,,,,,,,,,,,,,,,,,,,,,,,,,,0
2019-06-01,1857,0,0,AUSTIN JANE,PRIDE AND PREJUDICE-AUSTIN JANE,PRIDE AND PREJUDICE,MADHUBAN EDUCATIONAL BOOK,,,,1995,,108,,,,,,,,,,,,,,,,,,,,,,,,,,,,,,,,,,,,,,,,,,,,,,,,,,,,,0
2019-06-01,1,0,0,"DIXIT,RAJESH","HAST REKHA VIGHYAN-DIXIT,RAJESH",HAST REKHA VIGHYAN,DEHATI PUSTAK BHANDAR,,,,,,375,,,,,,,,,,,,,,,,,,,,,,,,,,,,,,,,,,,,,,,,,,,,,,,,,,,,,0
2019-06-01,3,0,0,"SHARMA,GIRDHARI LAL","LAL KITAB-SHARMA,GIRDHARI LAL",LAL KITAB,"LAXMI PRAKASHAN,DELHI",,,,,,229,,,,,,,,,,,,,,,,,,,,,,,,,,,,,,,,,,,,,,,,,,,,,,,,,,,,,0
2019-06-01,26,0,0,"SWAMI,PRABHUPAAD","SHIR MADBHAGWAT GEETA-YATHAROOP-SWAMI,PRABHUPAAD",SHIR MADBHAGWAT GEETA-YATHAROOP,"MUKTI VEDANT BOOK TRUST,MUMBAI",,,,1990,,576,,,,,,,,,,,,,,,,,,,,,,,,,,,,,,,,,,,,,,,,,,,,,,,,,,,,,0
2019-06-01,139,0,0,"GEETA PRESS,GORAKHPUR","BHAKT RAJ HANUMAN-GEETA PRESS,GORAKHPUR",BHAKT RAJ HANUMAN,"GEETA PRESS,GORAKHPUR",,,,,,60,,,,,,,,,,,,,,,,,,,,,,,,,,,,,,,,,,,,,,,,,,,,,,,,,,,,,0
2019-06-01,168,0,0,RAMKRISHNA MISSION,AMRIT SANDESH-RAMKRISHNA MISSION,AMRIT SANDESH,"RAMKRISHNA MATH,NAGPUR",,,,,,64,,,,,,,,,,,,,,,,,,,,,,,,,,,,,,,,,,,,,,,,,,,,,,,,,,,,,0
2019-06-01,215,0,0,VIMAL MITRA,MUJRIM HAJIR I KHAND-VIMAL MITRA,MUJRIM HAJIR I KHAND,"RAJPAL AND SONS ,NEW DELHI",,,,1989,,340,,,,,,,,,,,,,,,,,,,,,,,,,,,,,,,,,,,,,,,,,,,,,,,,,,,,,0
2019-06-01,230,0,0,ASHAPURNA DEVI,VALAYGRASS-ASHAPURNA DEVI,VALAYGRASS,"RAVINDRA PRAKASHAN,ALLAHABAD",,,,1986,,175,,,,,,,,,,,,,,,,,,,,,,,,,,,,,,,,,,,,,,,,,,,,,,,,,,,,,0
2019-06-01,288,0,0,"TRIPATHI,SHOBHA","ZEWAR- KAHANI SANGRAH-TRIPATHI,SHOBHA",ZEWAR- KAHANI SANGRAH,"GYANODAY PRAKASHAN,NAINITAL",,,,2000,,93,,,,,,,,,,,,,,,,,,,,,,,,,,,,,,,,,,,,,,,,,,,,,,,,,,,,,0
2019-06-01,394,0,0,"HUSAIN,SYED AMJAD (SAMPADAK)","FIRAAK-SADI KI AWAAZ-HUSAIN,SYED AMJAD (SAMPADAK)",FIRAAK-SADI KI AWAAZ,SUCHNA AVON JANSAMPARK U.P.,,,,1997,,286,,,,,,,,,,,,,,,,,,,,,,,,,,,,,,,,,,,,,,,,,,,,,,,,,,,,,0
2019-06-01,443,0,0,KANTESHWARANAND,MANAS SINDHU SAR-SHREVERPUR RAHASYA-KANTESHWARANAND,MANAS SINDHU SAR-SHREVERPUR RAHASYA,MA PRAKASHAN PRAYAG,,,,1992,,160,,,,,,,,,,,,,,,,,,,,,,,,,,,,,,,,,,,,,,,,,,,,,,,,,,,,,0
2019-06-01,488,0,0,GIRIRAJ SHARAN SAMPADAN,LALA LAJPATRAI NE KAHA THA-GIRIRAJ SHARAN SAMPADAN,LALA LAJPATRAI NE KAHA THA,PRATIBHA PRATISTHAN NEW DELHI,,,,1985,,184,,,,,,,,,,,,,,,,,,,,,,,,,,,,,,,,,,,,,,,,,,,,,,,,,,,,,0
2019-06-01,553,0,0,"VERMA,SAVITRI DEVI","SUNO KAN MEIN-VERMA,SAVITRI DEVI",SUNO KAN MEIN,"AATMA AND SONS,DELHI",,,,1963,,302,,,,,,,,,,,,,,,,,,,,,,,,,,,,,,,,,,,,,,,,,,,,,,,,,,,,,0
2019-06-01,582,0,0,AYODHYA SHODH SANSTHAN,SAKSHI-AYODHYA KI SANGEET PARAMPARA-AYODHYA SHODH SANSTHAN,SAKSHI-AYODHYA KI SANGEET PARAMPARA,"AYODHYA SHODH SANSTHAN,FAIZABAD",,,,2011,,265,,,,,,,,,,,,,,,,,,,,,,,,,,,,,,,,,,,,,,,,,,,,,,,,,,,,,0
2019-06-01,677,0,0,GALLACHEV BERNARD,TEACH YOURSELF GOLF-GALLACHEV BERNARD,TEACH YOURSELF GOLF,TEACH YOURSELF U.K,,,,1998,,152,,,,,,,,,,,,,,,,,,,,,,,,,,,,,,,,,,,,,,,,,,,,,,,,,,,,,0
2019-06-01,723,0,0,MAUDUDI S.A.,TOWORDS UNDERSTANDING ISLAM-MAUDUDI S.A.,TOWORDS UNDERSTANDING ISLAM,MARKAZI MAKTABA DELHI,,,,1995,,116,,,,,,,,,,,,,,,,,,,,,,,,,,,,,,,,,,,,,,,,,,,,,,,,,,,,,0
2019-06-01,788,0,0,"BLYTON,ENID","THE SECRET OF SPIGGY HOLES-BLYTON,ENID",THE SECRET OF SPIGGY HOLES,BASIL BLACKWELL U.K.,,,,1995,,157,,,,,,,,,,,,,,,,,,,,,,,,,,,,,,,,,,,,,,,,,,,,,,,,,,,,,0
2019-06-01,827,0,0,"BLYTON,ENID","MYSTERY : THE RAT A TAT MYSTERY-BLYTON,ENID",MYSTERY : THE RAT A TAT MYSTERY,HARPER COLLINS INDIA,,,,,,155,,,,,,,,,,,,,,,,,,,,,,,,,,,,,,,,,,,,,,,,,,,,,,,,,,,,,0
2019-06-01,913,0,0,"KIPLING ,RUDYORD","PUCK OF POOK'S HILL-KIPLING ,RUDYORD",PUCK OF POOK'S HILL,WORDSWORTH EDITION,,,,1994,,306,,,,,,,,,,,,,,,,,,,,,,,,,,,,,,,,,,,,,,,,,,,,,,,,,,,,,0
2019-06-01,925,0,0,HIMALAYAN INTERNATIONAL INSTITUTES,LIVING WITH THE HIMALYAN MASTERS-HIMALAYAN INTERNATIONAL INSTITUTES,LIVING WITH THE HIMALYAN MASTERS,HIMALAYAN INTERNATIONAL INSTITUTE,,,,1998,,487,,,,,,,,,,,,,,,,,,,,,,,,,,,,,,,,,,,,,,,,,,,,,,,,,,,,,0
2019-06-01,984,0,0,KHAUTEL.M.,THE SANGAI THE PRIDE OF MANIPUR-KHAUTEL.M.,THE SANGAI THE PRIDE OF MANIPUR,KALYANI PUBLISHERS N.D,,,,2010,,105,,,,,,,,,,,,,,,,,,,,,,,,,,,,,,,,,,,,,,,,,,,,,,,,,,,,,0
2019-06-01,1018,0,0,LASKI HAROLD J,A GRAMMAR OF POLITICS-LASKI HAROLD J,A GRAMMAR OF POLITICS,UNWIN UNIVERSITY BOOK,,,,1973,,671,,,,,,,,,,,,,,,,,,,,,,,,,,,,,,,,,,,,,,,,,,,,,,,,,,,,,0
2019-06-01,1050,0,0,ROWLING J.K,HARRY POTTER AND THE CURSED CHILD-ROWLING J.K,HARRY POTTER AND THE CURSED CHILD,LITTLE BROWN GREAT BRITAIN,,,,2016,,341,,,,,,,,,,,,,,,,,,,,,,,,,,,,,,,,,,,,,,,,,,,,,,,,,,,,,0
2019-06-01,1102,0,0,"SINGH,NAGENDRA","INTERNATIONAL LAW-SINGH,NAGENDRA",INTERNATIONAL LAW,"CENTRAL LAW AGENCY,ALLAHABAD",,,,1992,,862,,,,,,,,,,,,,,,,,,,,,,,,,,,,,,,,,,,,,,,,,,,,,,,,,,,,,0
2019-06-01,1127,0,0,ROWLING J.K,HARRY POTTER & GOBLET OF FIRE-ROWLING J.K,HARRY POTTER & GOBLET OF FIRE,BLOOMSBURY BOOKS,,,,2000,,636,,,,,,,,,,,,,,,,,,,,,,,,,,,,,,,,,,,,,,,,,,,,,,,,,,,,,0
2019-06-01,1181,0,0,COOLIDGE SUSAN,WHAT KALTY DID AT SCHOOL-COOLIDGE SUSAN,WHAT KALTY DID AT SCHOOL,BLACKIE & SONS LONDAN,,,,,,191,,,,,,,,,,,,,,,,,,,,,,,,,,,,,,,,,,,,,,,,,,,,,,,,,,,,,0
2019-06-01,1224,0,0,CUSSLER CLIVE,DEEP SIX-CUSSLER CLIVE,DEEP SIX,POCKET BOOKS NEW YORK,,,,1986,,470,,,,,,,,,,,,,,,,,,,,,,,,,,,,,,,,,,,,,,,,,,,,,,,,,,,,,0
2019-06-01,1244,0,0,"LAWRENCE , D.H","SONS AND LAVERS-LAWRENCE , D.H",SONS AND LAVERS,PENGUIN BOOKS N.D.,,,,1974,,511,,,,,,,,,,,,,,,,,,,,,,,,,,,,,,,,,,,,,,,,,,,,,,,,,,,,,0
2019-06-01,1268,0,0,FRANK KATHERINE,INDIRA : THE LIFE OF INDIRA NEHRU-FRANK KATHERINE,INDIRA : THE LIFE OF INDIRA NEHRU,HARPER COLLINS INDIA,,,,2001,,567,,,,,,,,,,,,,,,,,,,,,,,,,,,,,,,,,,,,,,,,,,,,,,,,,,,,,0
2019-06-01,1297,0,0,GUSTAD KAIZAD,OF ON FIXED ADDRESS-GUSTAD KAIZAD,OF ON FIXED ADDRESS,HARPER COLLINS INDIA,,,,1999,,242,,,,,,,,,,,,,,,,,,,,,,,,,,,,,,,,,,,,,,,,,,,,,,,,,,,,,0
2019-06-01,1311,0,0,PENGUIN BOOKS,MANAND SUPERMAN-PENGUIN BOOKS,MANAND SUPERMAN,PENGUIN BOOKS N.D.,,,,1974,,265,,,,,,,,,,,,,,,,,,,,,,,,,,,,,,,,,,,,,,,,,,,,,,,,,,,,,0
2019-06-01,1339,0,0,FOLLETT KEN,HONOUR AMONG THIEVES-FOLLETT KEN,HONOUR AMONG THIEVES,HARPER COLLINS INDIA,,,,1993,,419,,,,,,,,,,,,,,,,,,,,,,,,,,,,,,,,,,,,,,,,,,,,,,,,,,,,,0
2019-06-01,1362,0,0,JACES BOOK PUBS,THE PANCHATANTRA-JACES BOOK PUBS,THE PANCHATANTRA,JACES BOOKS PUBS BOMBAY,,,,1975,,403,,,,,,,,,,,,,,,,,,,,,,,,,,,,,,,,,,,,,,,,,,,,,,,,,,,,,0
2019-06-01,1394,0,0,TAGORE RABINDRANATH,THA WRECK-TAGORE RABINDRANATH,THA WRECK,MACMILLAN INDIA DELHI,,,,1970,,414,,,,,,,,,,,,,,,,,,,,,,,,,,,,,,,,,,,,,,,,,,,,,,,,,,,,,0
2019-06-01,1397,0,0,KIPLING RUDYARD,JUST SO STORIES-KIPLING RUDYARD,JUST SO STORIES,BLOOMSBURY BOOKS,,,,1994,,160,,,,,,,,,,,,,,,,,,,,,,,,,,,,,,,,,,,,,,,,,,,,,,,,,,,,,0
2019-06-01,1415,0,0,PYLE HOWARD,ADVANTURES OFROBINHOOD-PYLE HOWARD,ADVANTURES OFROBINHOOD,ENLIGHTEN BOMBAY,,,,,,354,,,,,,,,,,,,,,,,,,,,,,,,,,,,,,,,,,,,,,,,,,,,,,,,,,,,,0
2019-06-01,1437,0,0,PIERRE PANT ST,J.P.DAS OMNIBUS-PIERRE PANT ST,J.P.DAS OMNIBUS,HAR ANAND PUBS,,,,2012,,347,,,,,,,,,,,,,,,,,,,,,,,,,,,,,,,,,,,,,,,,,,,,,,,,,,,,,0
2019-06-01,1457,0,0,MAURIER DAPHNE DU,MARY ANNE-MAURIER DAPHNE DU,MARY ANNE,ARROW BOOKS,,,,1992,,380,,,,,,,,,,,,,,,,,,,,,,,,,,,,,,,,,,,,,,,,,,,,,,,,,,,,,0
2019-06-01,1480,0,0,NARIMAN FALI S,THE STATE OF THE NATION IN THE CONTEXT OF INDIA'S CONSTITUTION-NARIMAN FALI S,THE STATE OF THE NATION IN THE CONTEXT OF INDIA'S CONSTITUTION,HAY HOUSE INDIA,,,,2013,,416,,,,,,,,,,,,,,,,,,,,,,,,,,,,,,,,,,,,,,,,,,,,,,,,,,,,,0
2019-06-01,1570,0,0,WADEHRA B.L.,LAW RELATING TO POTENT TRADEMARK COPYRIGHTS DESIGN & GEOGRAPHICAL INDICATION-WADEHRA B.L.,LAW RELATING TO POTENT TRADEMARK COPYRIGHTS DESIGN & GEOGRAPHICAL INDICATION,UNIVERSAL LAW PUBS.CO.,,,,2006,,674,,,,,,,,,,,,,,,,,,,,,,,,,,,,,,,,,,,,,,,,,,,,,,,,,,,,,0
2019-06-01,1651,0,0,LAW PUBLISHING HOUSE,REVENUE DECISIONS-LAW PUBLISHING HOUSE,REVENUE DECISIONS,LAW PUBLISHING HOUSE,,,,2007,,954,,,,,,,,,,,,,,,,,,,,,,,,,,,,,,,,,,,,,,,,,,,,,,,,,,,,,0
2019-06-01,1721,0,0,ADAIV JOHN,EFFECTIVE LEADERSHIP-ADAIV JOHN,EFFECTIVE LEADERSHIP,RUPA & CO.,,,,1992,,224,,,,,,,,,,,,,,,,,,,,,,,,,,,,,,,,,,,,,,,,,,,,,,,,,,,,,0
2019-06-01,1741,0,0,FERTIK MICHAEL,THE REPUTATION ECONOMY-FERTIK MICHAEL,THE REPUTATION ECONOMY,CROWN PUB COPR. NEW YORK,,,,2015,,242,,,,,,,,,,,,,,,,,,,,,,,,,,,,,,,,,,,,,,,,,,,,,,,,,,,,,0
2019-06-01,1806,0,0,STULTZ RUSSELL,LEARN DOS IN DAY-STULTZ RUSSELL,LEARN DOS IN DAY,BPB PUBS NEW DELHI,,,,1994,,170,,,,,,,,,,,,,,,,,,,,,,,,,,,,,,,,,,,,,,,,,,,,,,,,,,,,,0
2019-06-01,1859,0,0,JAGMOHAN,MY FROZEN TURBULENCE IN KASHIR-JAGMOHAN,MY FROZEN TURBULENCE IN KASHIR,ALLIED PUBS NEW DELHI,,,,1991,,723,,,,,,,,,,,,,,,,,,,,,,,,,,,,,,,,,,,,,,,,,,,,,,,,,,,,,0
2019-06-01,1885,0,0,JOURNAL OF THE SCHOOL OF INT.STUDIES,INTERNATIONAL STUDIES : INDIA FOREIGN POLICY-JOURNAL OF THE SCHOOL OF INT.STUDIES,INTERNATIONAL STUDIES : INDIA FOREIGN POLICY,ASIA PUBLISHING HOUSE,,,,1978,,909,,,,,,,,,,,,,,,,,,,,,,,,,,,,,,,,,,,,,,,,,,,,,,,,,,,,,0
2019-06-01,5,0,0,"SHRIMALI,NARAYAN DUTT","TANTRA SADHNA-SHRIMALI,NARAYAN DUTT",TANTRA SADHNA,"MAYUR,NEW DELHI",,,,1975,,138,,,,,,,,,,,,,,,,,,,,,,,,,,,,,,,,,,,,,,,,,,,,,,,,,,,,,0
2019-06-01,8,0,0,SWAMI ADGADANAND,SHANKA SAMADHAN-SWAMI ADGADANAND,SHANKA SAMADHAN,SHRI PARAMHANS SWAMI ADGADANAND SHRI ASHRAM TRUST,,,,2010,,468,,,,,,,,,,,,,,,,,,,,,,,,,,,,,,,,,,,,,,,,,,,,,,,,,,,,,0
2019-06-01,18,0,0,"THAKUR,SHIVRAM","SHRI SAI SACHCHARIT -THAKUR,SHIVRAM",SHRI SAI SACHCHARIT,"SHRI SAI BABA SANSTHAN,SAI NIKETAN,DADAR",,,,2002,,304,,,,,,,,,,,,,,,,,,,,,,,,,,,,,,,,,,,,,,,,,,,,,,,,,,,,,0
2019-06-01,24,0,0,"GEETA PRESS,GORAKHPUR","SHRI MADBHAGWATGEETA-GEETA PRESS,GORAKHPUR",SHRI MADBHAGWATGEETA,"GEETA PRESS,GORAKHPUR",,,,,,421,,,,,,,,,,,,,,,,,,,,,,,,,,,,,,,,,,,,,,,,,,,,,,,,,,,,,0
2019-06-01,33,0,0,"GAUTAM,CHAMANLAL","SHRI MADBHAGWAT SAPTAH KATHA-GAUTAM,CHAMANLAL",SHRI MADBHAGWAT SAPTAH KATHA,"SANSKRITI SANSTHAN,BAREILY",,,,2009,,600,,,,,,,,,,,,,,,,,,,,,,,,,,,,,,,,,,,,,,,,,,,,,,,,,,,,,0
2019-06-01,38,0,0,AKHANDANAND SARASWATI,SHRI BHEESHPITAMAH-AKHANDANAND SARASWATI,SHRI BHEESHPITAMAH,"GEETA PRESS,GORAKHPUR",,,,,,157,,,,,,,,,,,,,,,,,,,,,,,,,,,,,,,,,,,,,,,,,,,,,,,,,,,,,0
2019-06-01,41,0,0,SHRI RAM,JEEVAN SAURABH-SHRI RAM,JEEVAN SAURABH,"MANJUL PUBLISHING,BHOPAL",,,,,,,,,,,,,,,,,,,,,,,,,,,,,,,,,,,,,,,,,,,,,,,,,,,,,,,,,,,0
2019-06-01,44,0,0,SWAMI PRABHUPAAD,MRITYU KI PARAJAY-SWAMI PRABHUPAAD,MRITYU KI PARAJAY,"BHAKTI VEDANT BOOK TRUST,MUMBAI",,,,1996,,166,,,,,,,,,,,,,,,,,,,,,,,,,,,,,,,,,,,,,,,,,,,,,,,,,,,,,0
2019-06-01,53,0,0,AKHANDANAND SARASWATI SEWA SANSTHAN,VEDANT BODH-AKHANDANAND SARASWATI SEWA SANSTHAN,VEDANT BODH,"AKHANDANAND SARASWATI SEWA SANSTHAN,VARANASI",,,,1986,,432,,,,,,,,,,,,,,,,,,,,,,,,,,,,,,,,,,,,,,,,,,,,,,,,,,,,,0
2019-06-01,61,0,0,"JOSHI,KEVAL ANAND","AAPKA RASHIPHAL-1999-JOSHI,KEVAL ANAND",AAPKA RASHIPHAL-1999,"MANOJ POCKET BOOKS,DELHI",,,,,,206,,,,,,,,,,,,,,,,,,,,,,,,,,,,,,,,,,,,,,,,,,,,,,,,,,,,,0
2019-06-01,73,0,0,"GUPTA,VEDVRAT(EDITOR)","MAIDANI RAMLEELA,JASWANTNAGAR,ITAWA-GUPTA,VEDVRAT(EDITOR)","MAIDANI RAMLEELA,JASWANTNAGAR,ITAWA","AYODHYA SHODH SANSTHAN,AYODHYA",,,,2014,,300,,,,,,,,,,,,,,,,,,,,,,,,,,,,,,,,,,,,,,,,,,,,,,,,,,,,,0
2019-06-01,96,0,0,VILAS CHANDRA,SHRI BANKE BIHARI JI KE CHAMATKAR-VILAS CHANDRA,SHRI BANKE BIHARI JI KE CHAMATKAR,"SHRI BANKE BIHARI SEVA PRAKALP,VRINDAVAN",,,,2009,,220,,,,,,,,,,,,,,,,,,,,,,,,,,,,,,,,,,,,,,,,,,,,,,,,,,,,,0
2019-06-01,107,0,0,"SHARMA,SHRI RAM","108 UPNISHAD (GYAN KHAND)-SHARMA,SHRI RAM",108 UPNISHAD (GYAN KHAND),"SANSKRITI SANSTHAN,BAREILY",,,,2007,,480,,,,,,,,,,,,,,,,,,,,,,,,,,,,,,,,,,,,,,,,,,,,,,,,,,,,,0
2019-06-01,112,0,0,"CHAKRAWARTI,SARATCHANDRA","VIVEKANAND JI KE SANG MEIN-CHAKRAWARTI,SARATCHANDRA",VIVEKANAND JI KE SANG MEIN,"SHRI RAMKRISHAN ASHRAM,NAGPUR",,,,1970,,388,,,,,,,,,,,,,,,,,,,,,,,,,,,,,,,,,,,,,,,,,,,,,,,,,,,,,0
2019-06-01,121,0,0,SHRI ARVIND,HAMARA YOG AUR USKE UDDESHYA-SHRI ARVIND,HAMARA YOG AUR USKE UDDESHYA,"SHRI ARVIND ASHRAM,PONDICHERRY",,,,2016,,39,,,,,,,,,,,,,,,,,,,,,,,,,,,,,,,,,,,,,,,,,,,,,,,,,,,,,0
2019-06-01,130,0,0,AKHANDANAND SARASWATI,SUNDAR KAND -AKHANDANAND SARASWATI,SUNDAR KAND,"SIYARAM PRINTERS,NEW DELHI",,,,1993,,112,,,,,,,,,,,,,,,,,,,,,,,,,,,,,,,,,,,,,,,,,,,,,,,,,,,,,0
2019-06-01,136,0,0,"SANGMESHAM,M.","SHRI VENKETESHWARJI KA SUPRABHAT SHROT-SANGMESHAM,M.",SHRI VENKETESHWARJI KA SUPRABHAT SHROT,"TIRUMAL TIRUPATI SEVA SANSTHAN,TIRUPATI",,,,1999,,34,,,,,,,,,,,,,,,,,,,,,,,,,,,,,,,,,,,,,,,,,,,,,,,,,,,,,0
2019-06-01,146,0,0,ADGADANAND JI,BHAJAN KISKA KARE-ADGADANAND JI,BHAJAN KISKA KARE,"ADGADANAND ASHRAM TRUST,MUMBAI",,,,2002,,32,,,,,,,,,,,,,,,,,,,,,,,,,,,,,,,,,,,,,,,,,,,,,,,,,,,,,0
2019-06-01,151,0,0,"GEETA PRESS,GORAKHPUR","PREMI BHAKT UDHAV-GEETA PRESS,GORAKHPUR",PREMI BHAKT UDHAV,"GEETA PRESS,GORAKHPUR",,,,,,48,,,,,,,,,,,,,,,,,,,,,,,,,,,,,,,,,,,,,,,,,,,,,,,,,,,,,0
2019-06-01,157,0,0,ANIL BHAVSAGAR,EK LINGJI DARSHAN-ANIL BHAVSAGAR,EK LINGJI DARSHAN,"ANIL BHAVSAR,UDAIPUR",,,,,,32,,,,,,,,,,,,,,,,,,,,,,,,,,,,,,,,,,,,,,,,,,,,,,,,,,,,,0
2019-06-01,159,0,0,"PANDEY, ASHOK","NAV KALEVAR AUR RATH YATRA-PANDEY, ASHOK",NAV KALEVAR AUR RATH YATRA,"RAMA PUBLICATION,NEW DELHI",,,,2012,,96,,,,,,,,,,,,,,,,,,,,,,,,,,,,,,,,,,,,,,,,,,,,,,,,,,,,,0
2019-06-01,163,0,0,SWAMI PRABHUPAAD,RAS RAJ SHRIKRISHAN-SWAMI PRABHUPAAD,RAS RAJ SHRIKRISHAN,"BHAKTI VEDANT BOOK TRUST,MUMBAI",,,,1981,,44,,,,,,,,,,,,,,,,,,,,,,,,,,,,,,,,,,,,,,,,,,,,,,,,,,,,,0
2019-06-01,170,0,0,AKHANDANAND SARASWATI,KRISHNA KRISHNA KE UCHARAN SE KRISHNA PRAPTI-AKHANDANAND SARASWATI,KRISHNA KRISHNA KE UCHARAN SE KRISHNA PRAPTI,"SATYA SAHITYA PRAKASHAN TRUST,MUMBAI",,,,2011,,28,,,,,,,,,,,,,,,,,,,,,,,,,,,,,,,,,,,,,,,,,,,,,,,,,,,,,0
2019-06-01,174,0,0,PREMCHANDRA,GODAN-PREMCHANDRA,GODAN,"DIAMOND POCKET BOOKS,DELHI",,,,,,323,,,,,,,,,,,,,,,,,,,,,,,,,,,,,,,,,,,,,,,,,,,,,,,,,,,,,0
2019-06-01,181,0,0,PREMCHANDRA,GODAN-PREMCHANDRA,GODAN,HANS PRAKASHAN,,,,,,330,,,,,,,,,,,,,,,,,,,,,,,,,,,,,,,,,,,,,,,,,,,,,,,,,,,,,0
2019-06-01,184,0,0,PREMCHANDRA,VARDAN-PREMCHANDRA,VARDAN,"RAJAT PRAKASHAN,MEERUT",,,,,,124,,,,,,,,,,,,,,,,,,,,,,,,,,,,,,,,,,,,,,,,,,,,,,,,,,,,,0
2019-06-01,191,0,0,"NAGAR,AMRIT LAL","KARWAT-NAGAR,AMRIT LAL",KARWAT,"RAJPAL AND SONS ,NEW DELHI",,,,1990,,359,,,,,,,,,,,,,,,,,,,,,,,,,,,,,,,,,,,,,,,,,,,,,,,,,,,,,0
2019-06-01,195,0,0,"CHATOPADHYAY,SHARAT CHANDRA","PATH KE DAWEDAR-CHATOPADHYAY,SHARAT CHANDRA",PATH KE DAWEDAR,"DIAMOND POCKET BOOKS,DELHI",,,,,,260,,,,,,,,,,,,,,,,,,,,,,,,,,,,,,,,,,,,,,,,,,,,,,,,,,,,,0
2019-06-01,199,0,0,"CHATOPADHYAY,SHARAT CHANDRA","SHREEKANT-CHATOPADHYAY,SHARAT CHANDRA",SHREEKANT,SANMARG PRAKASHAN,,,,1982,,464,,,,,,,,,,,,,,,,,,,,,,,,,,,,,,,,,,,,,,,,,,,,,,,,,,,,,0
2019-06-01,202,0,0,"KOHLI,NARENDRA","DEEKSHA-KOHLI,NARENDRA",DEEKSHA,"PARAG PRAKASHAN,DELHI",,,,2000,,243,,,,,,,,,,,,,,,,,,,,,,,,,,,,,,,,,,,,,,,,,,,,,,,,,,,,,0
2019-06-01,206,0,0,SHIVANI,ATITHI-SHIVANI,ATITHI,HIND POCKET BOOKS,,,,1995,,259,,,,,,,,,,,,,,,,,,,,,,,,,,,,,,,,,,,,,,,,,,,,,,,,,,,,,0
2019-06-01,210,0,0,SHIVANI,KRISHNAKALI-SHIVANI,KRISHNAKALI,"BHARTIYA GYANPEETH,NEW DELHI",,,,2006,,217,,,,,,,,,,,,,,,,,,,,,,,,,,,,,,,,,,,,,,,,,,,,,,,,,,,,,0
2019-06-01,221,0,0,"DWIVEDI,HAJARI PRASAD","BADMAH KI AATHKATHA-DWIVEDI,HAJARI PRASAD",BADMAH KI AATHKATHA,"RAJKAMAL,DELHI",,,,1990,,235,,,,,,,,,,,,,,,,,,,,,,,,,,,,,,,,,,,,,,,,,,,,,,,,,,,,,0
2019-06-01,225,0,0,"SHUKLA,SHREELAL","RAG DARBARI-SHUKLA,SHREELAL",RAG DARBARI,"RAJKAMAL,DELHI",,,,2014,,335,,,,,,,,,,,,,,,,,,,,,,,,,,,,,,,,,,,,,,,,,,,,,,,,,,,,,0
2019-06-01,231,0,0,SHAILENDRA SAGAR,CHATURANG-SHAILENDRA SAGAR,CHATURANG,VANI PRAKASHAN,,,,2001,,424,,,,,,,,,,,,,,,,,,,,,,,,,,,,,,,,,,,,,,,,,,,,,,,,,,,,,0
2019-06-01,239,0,0,"PRIYAMVADA,USHA","SEEDHIYAN-PRIYAMVADA,USHA",SEEDHIYAN,"RAJKAMAL,DELHI",,,,1996,,,,,,,,,,,,,,,,,,,,,,,,,,,,,,,,,,,,,,,,,,,,,,,,,,,,,,,0
2019-06-01,245,0,0,"VERMA,NIRMAL","EK CHITHDA SUKH-VERMA,NIRMAL",EK CHITHDA SUKH,"RAJKAMAL,DELHI",,,,1984,,149,,,,,,,,,,,,,,,,,,,,,,,,,,,,,,,,,,,,,,,,,,,,,,,,,,,,,0
2019-06-01,262,0,0,"MUKHARJEE,VISHWANATH","SHARAT SAMAGRA -5 KHAND-MUKHARJEE,VISHWANATH",SHARAT SAMAGRA -5 KHAND,"HINDI PRACHARAK SANSTHAN,VARANASI",,,,,,783,,,,,,,,,,,,,,,,,,,,,,,,,,,,,,,,,,,,,,,,,,,,,,,,,,,,,0
2019-06-01,267,0,0,"MISHRA,TRINATH","KAHANIYAN-MISHRA,TRINATH",KAHANIYAN,"ANAMIKA PRAKASHAN,ALLAHABAD",,,,1989,,,,,,,,,,,,,,,,,,,,,,,,,,,,,,,,,,,,,,,,,,,,,,,,,,,,,,,0
2019-06-01,272,0,0,"MOHAN,RAKESH","ASHADH KA EK DIN-MOHAN,RAKESH",ASHADH KA EK DIN,"RAJPAL AND SONS ,NEW DELHI",,,,2010,,128,,,,,,,,,,,,,,,,,,,,,,,,,,,,,,,,,,,,,,,,,,,,,,,,,,,,,0
2019-06-01,283,0,0,RAVINDRA,MOMBATTI JALTI RAHI-RAVINDRA,MOMBATTI JALTI RAHI,"HINDI PRACHAR SABHA,MATHURA",,,,1972,,69,,,,,,,,,,,,,,,,,,,,,,,,,,,,,,,,,,,,,,,,,,,,,,,,,,,,,0
2019-06-01,286,0,0,"MATHUR,SARTAJ","ABHISHAPT-MATHUR,SARTAJ",ABHISHAPT,"SAHITYAGAR,JAIPUR",,,,,,56,,,,,,,,,,,,,,,,,,,,,,,,,,,,,,,,,,,,,,,,,,,,,,,,,,,,,0
2019-06-01,290,0,0,RANVIJAY SINGH,KATHA KUNJ-RANVIJAY SINGH,KATHA KUNJ,"RANVIJAY SINGH,GORAKHPUR",,,,,,148,,,,,,,,,,,,,,,,,,,,,,,,,,,,,,,,,,,,,,,,,,,,,,,,,,,,,0
2019-06-01,295,0,0,"RAM,VIBHUTI NARAYAN (EDITOR)","SHAHAR MEIN CURFEW-RAM,VIBHUTI NARAYAN (EDITOR)",SHAHAR MEIN CURFEW,"ANAMIKA PRAKASHAN,ALLAHABAD",,,,,,912,,,,,,,,,,,,,,,,,,,,,,,,,,,,,,,,,,,,,,,,,,,,,,,,,,,,,0
2019-06-01,302,0,0,"BHARTI,KANTA","RET KI MACHLI-BHARTI,KANTA",RET KI MACHLI,"LOKBHARTI,ALLAHABAD",,,,2008,,148,,,,,,,,,,,,,,,,,,,,,,,,,,,,,,,,,,,,,,,,,,,,,,,,,,,,,0
2019-06-01,310,0,0,PREMCHANDRA,PREMCHAND KI SHARVOSHRETH KAHANIYAAN-PREMCHANDRA,PREMCHAND KI SHARVOSHRETH KAHANIYAAN,HANS PRAKASHAN,,,,1983,,344,,,,,,,,,,,,,,,,,,,,,,,,,,,,,,,,,,,,,,,,,,,,,,,,,,,,,0
2019-06-01,315,0,0,PREMCHANDRA,MANSAROVER-1-PREMCHANDRA,MANSAROVER-1,"RAJKAMAL,DELHI",,,,2001,,304,,,,,,,,,,,,,,,,,,,,,,,,,,,,,,,,,,,,,,,,,,,,,,,,,,,,,0
2019-06-01,319,0,0,SIVANI,VISHLABHDHA-SIVANI,VISHLABHDHA,"RADHA KRISHNA PRAKASHAN,NEW DELHI",,,,2007,,135,,,,,,,,,,,,,,,,,,,,,,,,,,,,,,,,,,,,,,,,,,,,,,,,,,,,,0
2019-06-01,332,0,0,SHUKLA RAMNARAYAN,KISI SHANIWAR KO-SHUKLA RAMNARAYAN,KISI SHANIWAR KO,SAMBHAVANA PRAKSHAN HAPUR,,,,1986,,177,,,,,,,,,,,,,,,,,,,,,,,,,,,,,,,,,,,,,,,,,,,,,,,,,,,,,0
2019-06-01,336,0,0,BIRLA LAKSHMINIWAS,PHOOL AUR KAANTA-BIRLA LAKSHMINIWAS,PHOOL AUR KAANTA,"SASTA SAHITYA MANDAL,NEW DELHI",,,,1977,,136,,,,,,,,,,,,,,,,,,,,,,,,,,,,,,,,,,,,,,,,,,,,,,,,,,,,,0
2019-06-01,340,0,0,"SHARMA,YAADVENDRA","MERI PRIY KAHANIYA-SHARMA,YAADVENDRA",MERI PRIY KAHANIYA,"RAJPAL AND SONS ,NEW DELHI",,,,1984,,139,,,,,,,,,,,,,,,,,,,,,,,,,,,,,,,,,,,,,,,,,,,,,,,,,,,,,0
2019-06-01,346,0,0,GUPT HARIHAR PRASAD,HANUMAAN GAATHA-GUPT HARIHAR PRASAD,HANUMAAN GAATHA,BHASHA SAHITYA SANSTHAN ALLAHABAD,,,,1985,,94,,,,,,,,,,,,,,,,,,,,,,,,,,,,,,,,,,,,,,,,,,,,,,,,,,,,,0
2019-06-01,348,0,0,"MISHRA,PRATAP NARAYAN","CHITTOD DURGA KA VIJAY STAMBH-MISHRA,PRATAP NARAYAN",CHITTOD DURGA KA VIJAY STAMBH,"LOKHIT PRAKASHAN,LUCKNOW",,,,2003,,151,,,,,,,,,,,,,,,,,,,,,,,,,,,,,,,,,,,,,,,,,,,,,,,,,,,,,0
2019-06-01,353,0,0,SINGHAL MADANGOPAL,SOMNATH-SINGHAL MADANGOPAL,SOMNATH,GOPAL PRAKASHAN MEERUT,,,,1958,,32,,,,,,,,,,,,,,,,,,,,,,,,,,,,,,,,,,,,,,,,,,,,,,,,,,,,,0
2019-06-01,358,0,0,SURESH KANT SAMPADAK,VISHWA PRASIDH KAHANIYAAN BHAAG-4-SURESH KANT SAMPADAK,VISHWA PRASIDH KAHANIYAAN BHAAG-4,GRANTH ACADEMY NEW DELHI,,,,1996,,80,,,,,,,,,,,,,,,,,,,,,,,,,,,,,,,,,,,,,,,,,,,,,,,,,,,,,0
2019-06-01,362,0,0,GEETA PRESS,BADO KE JEEVAN SE SHIKSHA-GEETA PRESS,BADO KE JEEVAN SE SHIKSHA,"GEETA PRESS,GORAKHPUR",,,,2011,,90,,,,,,,,,,,,,,,,,,,,,,,,,,,,,,,,,,,,,,,,,,,,,,,,,,,,,0
2019-06-01,368,0,0,UNISEF,MEENA-MURGIYOON KI GINTI-UNISEF,MEENA-MURGIYOON KI GINTI,,,,,,,,,,,,,,,,,,,,,,,,,,,,,,,,,,,,,,,,,,,,,,,,,,,,,,,,,,,,0
2019-06-01,371,0,0,KHARE SANDEEP SAMPADAK,BAAL BAGIYA MASHIK PATRIKA JUNE 2001-KHARE SANDEEP SAMPADAK,BAAL BAGIYA MASHIK PATRIKA JUNE 2001,LUCKNOW,,,,2001,,24,,,,,,,,,,,,,,,,,,,,,,,,,,,,,,,,,,,,,,,,,,,,,,,,,,,,,0
2019-06-01,373,0,0,DREAMLAND PUBLICATION,CHATUR BILLI-DREAMLAND PUBLICATION,CHATUR BILLI,DREAMLAND PUBLICATION,,,,,,,,,,,,,,,,,,,,,,,,,,,,,,,,,,,,,,,,,,,,,,,,,,,,,,,,,,,0
2019-06-01,375,0,0,DIAMOND COMICS,SUBHASCHANDRA BOSE-DIAMOND COMICS,SUBHASCHANDRA BOSE,DIAMOND COMICS DELHI,,,,,,31,,,,,,,,,,,,,,,,,,,,,,,,,,,,,,,,,,,,,,,,,,,,,,,,,,,,,0
2019-06-01,380,0,0,GEETA PRESS,KALYAAN AUGUST 2000 ANK-GEETA PRESS,KALYAAN AUGUST 2000 ANK,GEETA PRESS GORAKHPUR,,,,2000,,45,,,,,,,,,,,,,,,,,,,,,,,,,,,,,,,,,,,,,,,,,,,,,,,,,,,,,0
2019-06-01,385,0,0,UPENDRANAT ASHAK,PILI CHONCHWALI CHIDIYA KE NAAM-UPENDRANAT ASHAK,PILI CHONCHWALI CHIDIYA KE NAAM,NILAABH PRAKASHAN ALLAHABAD,,,,1990,,151,,,,,,,,,,,,,,,,,,,,,,,,,,,,,,,,,,,,,,,,,,,,,,,,,,,,,0
2019-06-01,390,0,0,DUSHYANT KUMAR,SURYA KA SWAGAT-DUSHYANT KUMAR,SURYA KA SWAGAT,VAANI PRAKASHAN DELHI,,,,2013,,80,,,,,,,,,,,,,,,,,,,,,,,,,,,,,,,,,,,,,,,,,,,,,,,,,,,,,0
2019-06-01,399,0,0,"SINGH,YASHPAL","BIKHRE PHOOL-SINGH,YASHPAL",BIKHRE PHOOL,RAMRAJYA PRAKASHAN LUCKNOW,,,,1974,,55,,,,,,,,,,,,,,,,,,,,,,,,,,,,,,,,,,,,,,,,,,,,,,,,,,,,,0
2019-06-01,406,0,0,"SHAH,DARPAN","LUCA -SHAH,DARPAN",LUCA,HIND YUGN DELHI,,,,2015,,144,,,,,,,,,,,,,,,,,,,,,,,,,,,,,,,,,,,,,,,,,,,,,,,,,,,,,0
2019-06-01,412,0,0,"BARELVY,WASIM","MERA KYA GAJAL SANGRAH-BARELVY,WASIM",MERA KYA GAJAL SANGRAH,PARAMPARA BOOKS DELHI,,,,2007,,160,,,,,,,,,,,,,,,,,,,,,,,,,,,,,,,,,,,,,,,,,,,,,,,,,,,,,0
2019-06-01,416,0,0,"TRIPATHI,ASHARAM","CHATURDARSHI-TRIPATHI,ASHARAM",CHATURDARSHI,ASHUTOSH LUCKNOW,,,,1973,,57,,,,,,,,,,,,,,,,,,,,,,,,,,,,,,,,,,,,,,,,,,,,,,,,,,,,,0
2019-06-01,423,0,0,TANDON PURANCHAND (SAMPADAK),KAVYA KANAN-TANDON PURANCHAND (SAMPADAK),KAVYA KANAN,PUNEET INTERPRISES DELHI,,,,2001,,98,,,,,,,,,,,,,,,,,,,,,,,,,,,,,,,,,,,,,,,,,,,,,,,,,,,,,0
2019-06-01,436,0,0,GAYTRI NANDAN,MANAS MANJRI-GAYTRI NANDAN,MANAS MANJRI,SARVODAYA SAHITYA SAMITI SULTANPUR,,,,1983,,118,,,,,,,,,,,,,,,,,,,,,,,,,,,,,,,,,,,,,,,,,,,,,,,,,,,,,0
2019-06-01,441,0,0,MANOHAR ABHAY,EK CHEHRA PACCHIS DARARE-MANOHAR ABHAY,EK CHEHRA PACCHIS DARARE,HINDI PRACHAR SABHA MATHURA,,,,1974,,72,,,,,,,,,,,,,,,,,,,,,,,,,,,,,,,,,,,,,,,,,,,,,,,,,,,,,0
2019-06-01,450,0,0,"PANDEY,SHYAMNARAYAN","JAUHAR-PANDEY,SHYAMNARAYAN",JAUHAR,NAND KISHOR AND SONS VARANASI,,,,,,200,,,,,,,,,,,,,,,,,,,,,,,,,,,,,,,,,,,,,,,,,,,,,,,,,,,,,0
2019-06-01,455,0,0,"SHARMA,RAJESH","KAVITAWALI SATIK-SHARMA,RAJESH",KAVITAWALI SATIK,ASHOK PRAKASHAN DELHI,,,,1999,,448,,,,,,,,,,,,,,,,,,,,,,,,,,,,,,,,,,,,,,,,,,,,,,,,,,,,,0
2019-06-01,462,0,0,DUSHYANT KUMAR,SAAYE MEIN DHOOP-DUSHYANT KUMAR,SAAYE MEIN DHOOP,RADHAKRISHNA PRAKASHAN DELHI,,,,2013,,64,,,,,,,,,,,,,,,,,,,,,,,,,,,,,,,,,,,,,,,,,,,,,,,,,,,,,0
2019-06-01,466,0,0,"TRIPATHI,RAMFER AVOM RAKESH","VIDHYA PATI KI PADAWALI-TRIPATHI,RAMFER AVOM RAKESH",VIDHYA PATI KI PADAWALI,PRAKASHAN KENDRALUCKNOW,,,,,,405,,,,,,,,,,,,,,,,,,,,,,,,,,,,,,,,,,,,,,,,,,,,,,,,,,,,,0
2019-06-01,477,0,0,"VANPRASTHI,PRANNATH","SAMRAT ASHOK-VANPRASTHI,PRANNATH",SAMRAT ASHOK,SHIKSHA BHARTI DELHI,,,,1994,,47,,,,,,,,,,,,,,,,,,,,,,,,,,,,,,,,,,,,,,,,,,,,,,,,,,,,,0
2019-06-01,482,0,0,"PATEL,KAMLESH.D","NIYATI KA NIRMAN-PATEL,KAMLESH.D",NIYATI KA NIRMAN,,,,,2015,,186,,,,,,,,,,,,,,,,,,,,,,,,,,,,,,,,,,,,,,,,,,,,,,,,,,,,,0
2019-06-01,489,0,0,SWAMI VIDEHATMANAND (SAMPADAK),SWAMI VIVEKANAND KI PAWAN SMRITYAAN-SWAMI VIDEHATMANAND (SAMPADAK),SWAMI VIVEKANAND KI PAWAN SMRITYAAN,ADHITYA ASHRAM KALKATTA,,,,2013,,582,,,,,,,,,,,,,,,,,,,,,,,,,,,,,,,,,,,,,,,,,,,,,,,,,,,,,0
2019-06-01,503,0,0,RAJKAMAL PRAKASHAN,HARISHANKER PERSAI-PRATINIDHI VYANG-RAJKAMAL PRAKASHAN,HARISHANKER PERSAI-PRATINIDHI VYANG,RAJAKAMAL PRAKASHAN DELHI,,,,1986,,161,,,,,,,,,,,,,,,,,,,,,,,,,,,,,,,,,,,,,,,,,,,,,,,,,,,,,0
2019-06-01,506,0,0,"SINGH,KALICHARAN (SAMPADAK)","EKANKI SANCHAY-SINGH,KALICHARAN (SAMPADAK)",EKANKI SANCHAY,NIDHI PRAKASHAN DELHI,,,,1998,,128,,,,,,,,,,,,,,,,,,,,,,,,,,,,,,,,,,,,,,,,,,,,,,,,,,,,,0
2019-06-01,512,0,0,NEETU SINGH,FAIZABAD SANSKRITIK GAZE TIER-NEETU SINGH,FAIZABAD SANSKRITIK GAZE TIER,VAANI PRAKASHAN DELHI,,,,2016,,338,,,,,,,,,,,,,,,,,,,,,,,,,,,,,,,,,,,,,,,,,,,,,,,,,,,,,0
2019-06-01,516,0,0,ABDUL HALEEM,PURANA LUCKNOW-ABDUL HALEEM,PURANA LUCKNOW,NATIONAL BOOK TRUST DELHI,,,,1971,,326,,,,,,,,,,,,,,,,,,,,,,,,,,,,,,,,,,,,,,,,,,,,,,,,,,,,,0
2019-06-01,520,0,0,"MUKHERJEE,VISHWANATH","BANA RAHE BANARUS-MUKHERJEE,VISHWANATH",BANA RAHE BANARUS,VISHWAVIDHYALA PRAKASHAN VARANASI,,,,1995,,96,,,,,,,,,,,,,,,,,,,,,,,,,,,,,,,,,,,,,,,,,,,,,,,,,,,,,0
2019-06-01,527,0,0,"PANDEYA,PRANAV","ADDHYTMIK CHIKITSA AVOM SAMAGRH UPCHAAR PADDATI-PANDEYA,PRANAV",ADDHYTMIK CHIKITSA AVOM SAMAGRH UPCHAAR PADDATI,VEDMATA GAYTRI TRUST HARIDWAR,,,,2005,,124,,,,,,,,,,,,,,,,,,,,,,,,,,,,,,,,,,,,,,,,,,,,,,,,,,,,,0
2019-06-01,537,0,0,VIHNESH KUMAR,MEERUT KE PANCH HAZAAR VARSH-VIHNESH KUMAR,MEERUT KE PANCH HAZAAR VARSH,HASTINAPUR RESEARCH INSTITUTE,,,,,,306,,,,,,,,,,,,,,,,,,,,,,,,,,,,,,,,,,,,,,,,,,,,,,,,,,,,,0
2019-06-01,540,0,0,"PRAVEEN,YOGESH","DOOBTA AWADH-PRAVEEN,YOGESH",DOOBTA AWADH,"SULABH PRAKASHAN,LUCKNOW",,,,2010,,124,,,,,,,,,,,,,,,,,,,,,,,,,,,,,,,,,,,,,,,,,,,,,,,,,,,,,0
2019-06-01,545,0,0,"SHRIVASTAV,GIRISH CHANDRA","NISHKARSH PATRIKA-SHRIVASTAV,GIRISH CHANDRA",NISHKARSH PATRIKA,"NISHKARSH,SULTANPUR",,,,1992,,173,,,,,,,,,,,,,,,,,,,,,,,,,,,,,,,,,,,,,,,,,,,,,,,,,,,,,0
2019-06-01,548,0,0,AYODHYA SHODH SANSTHAN,AYODHYA-EK SANSKRITIK VIRASAT-SAKSHI SHODH PATRIKA-AYODHYA SHODH SANSTHAN,AYODHYA-EK SANSKRITIK VIRASAT-SAKSHI SHODH PATRIKA,"AYODHYA SHODH SANSTHAN,FAIZABAD",,,,2003,,165,,,,,,,,,,,,,,,,,,,,,,,,,,,,,,,,,,,,,,,,,,,,,,,,,,,,,0
2019-06-01,557,0,0,"CHATURVEDI,AVADESH","SWATANTRA SANGRAM-1857-CHATURVEDI,AVADESH",SWATANTRA SANGRAM-1857,"DIAMOND POCKET BOOKS,DELHI",,,,1997,,158,,,,,,,,,,,,,,,,,,,,,,,,,,,,,,,,,,,,,,,,,,,,,,,,,,,,,0
2019-06-01,563,0,0,"KADAMBNI,HINDUSTAN MEDIA","KADAMBANI JULY 2005-KADAMBNI,HINDUSTAN MEDIA",KADAMBANI JULY 2005,"KADAMBANI,DELHI",,,,2005,,1988,,,,,,,,,,,,,,,,,,,,,,,,,,,,,,,,,,,,,,,,,,,,,,,,,,,,,0
2019-06-01,569,0,0,"SHARMA,SHESHRAJ","MEGHDOOTAM-KALIDAAS-SHARMA,SHESHRAJ",MEGHDOOTAM-KALIDAAS,"CHAUKHAMBA VIDYA BHAWAN,VARANASI",,,,1976,,253,,,,,,,,,,,,,,,,,,,,,,,,,,,,,,,,,,,,,,,,,,,,,,,,,,,,,0
2019-06-01,574,0,0,RANDHIR PRAKASHAN,BHRITHARI TRAY SHATAK-RANDHIR PRAKASHAN,BHRITHARI TRAY SHATAK,"RANDHIR PRAKSHAN,HARIDWAR",,,,,,140,,,,,,,,,,,,,,,,,,,,,,,,,,,,,,,,,,,,,,,,,,,,,,,,,,,,,0
2019-06-01,580,0,0,"SINGH,YASHPAL","UTTER PRADESH-SINGH,YASHPAL",UTTER PRADESH,"SUNEETA PRAKASHAN,LUCKNOW",,,,,,54,,,,,,,,,,,,,,,,,,,,,,,,,,,,,,,,,,,,,,,,,,,,,,,,,,,,,0
2019-06-01,586,0,0,SURESH SALIL,JAISHANKER PRASAD KI SHRETH KAHANIYA-SURESH SALIL,JAISHANKER PRASAD KI SHRETH KAHANIYA,RAJPAL PRAKASHAN DELHI,,,,2017,,182,,,,,,,,,,,,,,,,,,,,,,,,,,,,,,,,,,,,,,,,,,,,,,,,,,,,,0
2019-06-01,591,0,0,RATHOR AVDESH KUMAR SINGH,MAHKI MAHKI PANKHUDIYAAN-RATHOR AVDESH KUMAR SINGH,MAHKI MAHKI PANKHUDIYAAN,SUNIJ PRAKASHAN ALIGARG,,,,2007,,43,,,,,,,,,,,,,,,,,,,,,,,,,,,,,,,,,,,,,,,,,,,,,,,,,,,,,0
2019-06-01,601,0,0,CHANDRASHEKHAR,THEESRI SARKAR-CHANDRASHEKHAR,THEESRI SARKAR,PANCH PERMESHWER PRAKASHAN ALLAHABAD,,,,2015,,116,,,,,,,,,,,,,,,,,,,,,,,,,,,,,,,,,,,,,,,,,,,,,,,,,,,,,0
2019-06-01,606,0,0,FADISHWERNATH RENU,MAILA ANCHAL-FADISHWERNATH RENU,MAILA ANCHAL,"RAJKAMAL,DELHI",,,,2018,,353,,,,,,,,,,,,,,,,,,,,,,,,,,,,,,,,,,,,,,,,,,,,,,,,,,,,,0
2019-06-01,613,0,0,SWAMI MUTRENESHANAD,SHREE RAMKRISHNA VACHANAMRAT-SWAMI MUTRENESHANAD,SHREE RAMKRISHNA VACHANAMRAT,RAMKRISHNA MATH NAGPUR,,,,1998,,186,,,,,,,,,,,,,,,,,,,,,,,,,,,,,,,,,,,,,,,,,,,,,,,,,,,,,0
2019-06-01,619,0,0,"GUPTA,SURAJPRAKASH","PRASHASNIK KARYA VIDHIYO AUR SEVA AVOM VITT NIYAMAWALIYO KA SUGAM SANGRAH-GUPTA,SURAJPRAKASH",PRASHASNIK KARYA VIDHIYO AUR SEVA AVOM VITT NIYAMAWALIYO KA SUGAM SANGRAH,HINDI PUBLISHING COMPANY ALLAHABAD,,,,2000,,701,,,,,,,,,,,,,,,,,,,,,,,,,,,,,,,,,,,,,,,,,,,,,,,,,,,,,0
2019-06-01,629,0,0,U.P.SHASHAN,RAJKIYE SEVA SAMBANDHI ADESHO KA SANKALAN PRATHAM KHAND-1982-U.P.SHASHAN,RAJKIYE SEVA SAMBANDHI ADESHO KA SANKALAN PRATHAM KHAND-1982,U.P.SHAHSHAN,,,,1983,,289,,,,,,,,,,,,,,,,,,,,,,,,,,,,,,,,,,,,,,,,,,,,,,,,,,,,,0
2019-06-01,634,0,0,RAMJI LAL,GREAT-EXPECTATIONS-CHARLS DICKENS-RAMJI LAL,GREAT-EXPECTATIONS-CHARLS DICKENS,RAMA BROTHERSDELHI,,,,2000,,246,,,,,,,,,,,,,,,,,,,,,,,,,,,,,,,,,,,,,,,,,,,,,,,,,,,,,0
2019-06-01,639,0,0,KISHORE B.R,RIGVEDA-KISHORE B.R,RIGVEDA,"DIAMOND POCKET BOOKS,DELHI",,,,,,101,,,,,,,,,,,,,,,,,,,,,,,,,,,,,,,,,,,,,,,,,,,,,,,,,,,,,0
2019-06-01,644,0,0,"CHAUHAN,MADHULIKA","THE INE NIGHT AFFAIR AND OTHER STORIES-CHAUHAN,MADHULIKA",THE INE NIGHT AFFAIR AND OTHER STORIES,ACCESS N.D,,,,2014,,100,,,,,,,,,,,,,,,,,,,,,,,,,,,,,,,,,,,,,,,,,,,,,,,,,,,,,0
2019-06-01,651,0,0,CLEMONT CATHERINE,EDWINA AND NEHRU 4 NOVEL-CLEMONT CATHERINE,EDWINA AND NEHRU 4 NOVEL,PENGUIN BOOKS N.D.,,,,1996,,441,,,,,,,,,,,,,,,,,,,,,,,,,,,,,,,,,,,,,,,,,,,,,,,,,,,,,0
2019-06-01,654,0,0,HARWARD PETER,PERFECT YOUR SANTENCES-HARWARD PETER,PERFECT YOUR SANTENCES,ORINT LONGMAN,,,,1997,,56,,,,,,,,,,,,,,,,,,,,,,,,,,,,,,,,,,,,,,,,,,,,,,,,,,,,,0
2019-06-01,658,0,0,OXFORD UNIVERSITY PRESS,EXERCISES IN SPOKEN ENGLISH PART-2-OXFORD UNIVERSITY PRESS,EXERCISES IN SPOKEN ENGLISH PART-2,OXFORD UNIVERSITY PRESS,,,,2003,,51,,,,,,,,,,,,,,,,,,,,,,,,,,,,,,,,,,,,,,,,,,,,,,,,,,,,,0
2019-06-01,663,0,0,"WEININGER,OTTO","MALE AND FEMALE SEXUALITY-WEININGER,OTTO",MALE AND FEMALE SEXUALITY,MEDICAL BOOKS CALCUTTA,,,,,,117,,,,,,,,,,,,,,,,,,,,,,,,,,,,,,,,,,,,,,,,,,,,,,,,,,,,,0
2019-06-01,666,0,0,"TRIPATHI REDDY,GAURI","THE SOCIETY WORLD OF VASTU-TRIPATHI REDDY,GAURI",THE SOCIETY WORLD OF VASTU,PRAJAHITA PUBLISHER PRODDATUR,,,,1994,,320,,,,,,,,,,,,,,,,,,,,,,,,,,,,,,,,,,,,,,,,,,,,,,,,,,,,,0
2019-06-01,670,0,0,MARWAH VED,UNCIVIL WARS PATHOLOGY OF TERROISM IN IDNIA-MARWAH VED,UNCIVIL WARS PATHOLOGY OF TERROISM IN IDNIA,HARPER COLLINS INDIA,,,,1995,,472,,,,,,,,,,,,,,,,,,,,,,,,,,,,,,,,,,,,,,,,,,,,,,,,,,,,,0
2019-06-01,674,0,0,KEAY JOHN,INDIA: A HISTORY-KEAY JOHN,INDIA: A HISTORY,HARPER COLLINS INDIA,,,,2010,,658,,,,,,,,,,,,,,,,,,,,,,,,,,,,,,,,,,,,,,,,,,,,,,,,,,,,,0
2019-06-01,679,0,0,"BOSE,JHOOMUR","CONFESSIONALLY YOURS-BOSE,JHOOMUR",CONFESSIONALLY YOURS,PENGUIN BOOKS N.D.,,,,2012,,210,,,,,,,,,,,,,,,,,,,,,,,,,,,,,,,,,,,,,,,,,,,,,,,,,,,,,0
2019-06-01,687,0,0,READER DIGEST,SUCCESS WITH WORDS-READER DIGEST,SUCCESS WITH WORDS,READER DIGEST CANADA,,,,1983,,692,,,,,,,,,,,,,,,,,,,,,,,,,,,,,,,,,,,,,,,,,,,,,,,,,,,,,0
2019-06-01,696,0,0,TARA CHAND,HISTORY OF THE FREEDOM MOVEMENT IN INDIA-TARA CHAND,HISTORY OF THE FREEDOM MOVEMENT IN INDIA,GOVT.INDIA PUB.DIVISION NEW DELHI,,,,1970,,344,,,,,,,,,,,,,,,,,,,,,,,,,,,,,,,,,,,,,,,,,,,,,,,,,,,,,0
2019-06-01,702,0,0,THAKUR JANARADAN,INDIRA GANDHI AND HER POWER GAME-THAKUR JANARADAN,INDIRA GANDHI AND HER POWER GAME,VIKAS PUB.HOUSE,,,,1979,,165,,,,,,,,,,,,,,,,,,,,,,,,,,,,,,,,,,,,,,,,,,,,,,,,,,,,,0
2019-06-01,704,0,0,JAIN.B.B,THE SILNEER BOX: JOHN GOSWAMI-JAIN.B.B,THE SILNEER BOX: JOHN GOSWAMI,LAXMI NARAYAN AGARWAL AGRA,,,,,,,,,,,,,,,,,,,,,,,,,,,,,,,,,,,,,,,,,,,,,,,,,,,,,,,,,,,0
2019-06-01,712,0,0,"GADREJ,SOHRAB P.","A MEMORIES : ABUNDANT LIVING REST LESS STRIVING-GADREJ,SOHRAB P.",A MEMORIES : ABUNDANT LIVING REST LESS STRIVING,VIKAS PUB.HOUSE,,,,2001,,428,,,,,,,,,,,,,,,,,,,,,,,,,,,,,,,,,,,,,,,,,,,,,,,,,,,,,0
2019-06-01,716,0,0,KARIR SONJAI,HISTORY : QUIZ BOOK-KARIR SONJAI,HISTORY : QUIZ BOOK,PUSTAK MAHAL DELHI,,,,2001,,224,,,,,,,,,,,,,,,,,,,,,,,,,,,,,,,,,,,,,,,,,,,,,,,,,,,,,0
2019-06-01,730,0,0,PHILIP MASIN,A MATTER OF HONOUR-PHILIP MASIN,A MATTER OF HONOUR,NATRAJ PUBS DELHI,,,,2004,,580,,,,,,,,,,,,,,,,,,,,,,,,,,,,,,,,,,,,,,,,,,,,,,,,,,,,,0
2019-06-01,734,0,0,NAYAR KULDEEP,IN JAIL-NAYAR KULDEEP,IN JAIL,VIKAS PUB.HOUSE,,,,1978,,152,,,,,,,,,,,,,,,,,,,,,,,,,,,,,,,,,,,,,,,,,,,,,,,,,,,,,0
2019-06-01,738,0,0,"STEINBECK , JOHN","THE GRAPES OF WORTH-STEINBECK , JOHN",THE GRAPES OF WORTH,HEINEMAN LONDAN,,,,1972,,400,,,,,,,,,,,,,,,,,,,,,,,,,,,,,,,,,,,,,,,,,,,,,,,,,,,,,0
2019-06-01,747,0,0,BHAUMIK MANI,CODE NAME GOD-BHAUMIK MANI,CODE NAME GOD,PENGUIN BOOKS N.D.,,,,2005,,222,,,,,,,,,,,,,,,,,,,,,,,,,,,,,,,,,,,,,,,,,,,,,,,,,,,,,0
2019-06-01,751,0,0,"SHOURICE , ARUN","A SECULAR AGENDA FOR SAVING OUR COUNTRY-SHOURICE , ARUN",A SECULAR AGENDA FOR SAVING OUR COUNTRY,HARPER COLLINS INDIA,,,,1993,,376,,,,,,,,,,,,,,,,,,,,,,,,,,,,,,,,,,,,,,,,,,,,,,,,,,,,,0
2019-06-01,765,0,0,HARRIS THOMAS A,I AM OK - YOU ARE OK-HARRIS THOMAS A,I AM OK - YOU ARE OK,JONATHAN CAPE LTD,,,,,,269,,,,,,,,,,,,,,,,,,,,,,,,,,,,,,,,,,,,,,,,,,,,,,,,,,,,,0
2019-06-01,770,0,0,"GIULIANI,RUDOLPH W","LEADERSHIP-GIULIANI,RUDOLPH W",LEADERSHIP,HYPERION NEW YORK,,,,2002,,407,,,,,,,,,,,,,,,,,,,,,,,,,,,,,,,,,,,,,,,,,,,,,,,,,,,,,0
2019-06-01,776,0,0,"BHIM SINGH,BANYAL S.S. ED.","KASHMIR - A MIRAGE-BHIM SINGH,BANYAL S.S. ED.",KASHMIR - A MIRAGE,HAR-ANAND PUB.NEW DELHI,,,,1999,,185,,,,,,,,,,,,,,,,,,,,,,,,,,,,,,,,,,,,,,,,,,,,,,,,,,,,,0
2019-06-01,780,0,0,"BLYTON,ENID","THE MAGIC SNOW-BIRD AND OTHER STORIES-BLYTON,ENID",THE MAGIC SNOW-BIRD AND OTHER STORIES,AWADH PUB.LONDAN,,,,1989,,192,,,,,,,,,,,,,,,,,,,,,,,,,,,,,,,,,,,,,,,,,,,,,,,,,,,,,0
2019-06-01,785,0,0,MAKHMUDOR LATIF,HILL OF THE TULIPS-MAKHMUDOR LATIF,HILL OF THE TULIPS,RADIGA PUB MASCOV,,,,1987,,197,,,,,,,,,,,,,,,,,,,,,,,,,,,,,,,,,,,,,,,,,,,,,,,,,,,,,0
2019-06-01,791,0,0,"BLYTON,ENID","THE ROCKING DOWN MYSTRY AND THE RILLOBY FAIR MYSTY-BLYTON,ENID",THE ROCKING DOWN MYSTRY AND THE RILLOBY FAIR MYSTY,ARMADA WARPER COLLINS,,,,1949,,417,,,,,,,,,,,,,,,,,,,,,,,,,,,,,,,,,,,,,,,,,,,,,,,,,,,,,0
2019-06-01,795,0,0,"BLYTON,ENID","FIVE HAVE A WONDERFUL TIME-BLYTON,ENID",FIVE HAVE A WONDERFUL TIME,HODDAR R. STOUGHTAN G.BRITAIN,,,,1991,,186,,,,,,,,,,,,,,,,,,,,,,,,,,,,,,,,,,,,,,,,,,,,,,,,,,,,,0
2019-06-01,802,0,0,"BLYTON,ENID","THREE CHEERS SECRET SEVEN-BLYTON,ENID",THREE CHEERS SECRET SEVEN,HODDAR R. STOUGHTAN G.BRITAIN,,,,1992,,105,,,,,,,,,,,,,,,,,,,,,,,,,,,,,,,,,,,,,,,,,,,,,,,,,,,,,0
2019-06-01,806,0,0,"BLYTON,ENID","THE MOUNTAIN OF ADVENTURE-BLYTON,ENID",THE MOUNTAIN OF ADVENTURE,MCMILLAN,,,,1988,,187,,,,,,,,,,,,,,,,,,,,,,,,,,,,,,,,,,,,,,,,,,,,,,,,,,,,,0
2019-06-01,810,0,0,"BLYTON,ENID","UP THE FARAWAY TREE-BLYTON,ENID",UP THE FARAWAY TREE,RED FOX LONDAN,,,,1991,,94,,,,,,,,,,,,,,,,,,,,,,,,,,,,,,,,,,,,,,,,,,,,,,,,,,,,,0
2019-06-01,813,0,0,"BLYTON,ENID","THE RILLOBY FAIR-MYSTRY-BLYTON,ENID",THE RILLOBY FAIR-MYSTRY,ARMADA WARPER COLLINS,,,,1993,,203,,,,,,,,,,,,,,,,,,,,,,,,,,,,,,,,,,,,,,,,,,,,,,,,,,,,,0
2019-06-01,816,0,0,"BLYTON,ENID","THE SECRET ISLAND THE SECRET MOUNTAIN-BLYTON,ENID",THE SECRET ISLAND THE SECRET MOUNTAIN,ARMADA WARPER COLLINS,,,,1993,,141,,,,,,,,,,,,,,,,,,,,,,,,,,,,,,,,,,,,,,,,,,,,,,,,,,,,,0
2019-06-01,820,0,0,"BLYTON,ENID","THE ENCHANLED WOOD-BLYTON,ENID",THE ENCHANLED WOOD,MOMMOTH LONDAN,,,,1995,,185,,,,,,,,,,,,,,,,,,,,,,,,,,,,,,,,,,,,,,,,,,,,,,,,,,,,,0
2019-06-01,825,0,0,"BLYTON,ENID","THE SECRET OF SPIGGY HOLES-BLYTON,ENID",THE SECRET OF SPIGGY HOLES,COLLINS HARPER PUB.,,,,,,157,,,,,,,,,,,,,,,,,,,,,,,,,,,,,,,,,,,,,,,,,,,,,,,,,,,,,0
2019-06-01,830,0,0,"LOURIE,JOHN","RINNING FOR THE LIFE-LOURIE,JOHN",RINNING FOR THE LIFE,BANTAM BOOK NEW YORK,,,,1986,,277,,,,,,,,,,,,,,,,,,,,,,,,,,,,,,,,,,,,,,,,,,,,,,,,,,,,,0
2019-06-01,834,0,0,"KEENE,CAROLYN","NANCY DREW : 3 MURDER ON ICE-KEENE,CAROLYN",NANCY DREW : 3 MURDER ON ICE,POCKET BOOKS NEW YORK,,,,1986,,150,,,,,,,,,,,,,,,,,,,,,,,,,,,,,,,,,,,,,,,,,,,,,,,,,,,,,0
2019-06-01,838,0,0,"KEENE,CAROLYN","NANCY DREW : 91 IT LOOKS COULD KILL-KEENE,CAROLYN",NANCY DREW : 91 IT LOOKS COULD KILL,POCKET BOOKS NEW YORK,,,,1994,,150,,,,,,,,,,,,,,,,,,,,,,,,,,,,,,,,,,,,,,,,,,,,,,,,,,,,,0
2019-06-01,843,0,0,"DIXON,FRANKLIN W","THE HARDY BOYS: THE GHOST AT SKELETON ROCK-DIXON,FRANKLIN W",THE HARDY BOYS: THE GHOST AT SKELETON ROCK,DIAMOND BOOKS LONDAN,,,,1993,,160,,,,,,,,,,,,,,,,,,,,,,,,,,,,,,,,,,,,,,,,,,,,,,,,,,,,,0
2019-06-01,851,0,0,"STEVENSAN,R.L.","KIDNAPPED-STEVENSAN,R.L.",KIDNAPPED,BELTER YOURSELF BOOK BAMBAY,,,,1995,,128,,,,,,,,,,,,,,,,,,,,,,,,,,,,,,,,,,,,,,,,,,,,,,,,,,,,,0
2019-06-01,856,0,0,UBS PUBLISHERS,ONE HUNDRED AND ONE DALMATIANS-STORY-UBS PUBLISHERS,ONE HUNDRED AND ONE DALMATIANS-STORY,UBSPD N.D,,,,,,57,,,,,,,,,,,,,,,,,,,,,,,,,,,,,,,,,,,,,,,,,,,,,,,,,,,,,0
2019-06-01,860,0,0,"STEVENSAN,R.L.","TREASURE ICELAND-STEVENSAN,R.L.",TREASURE ICELAND,BELTER YOURSELF BOOK BAMBAY,,,,1994,,160,,,,,,,,,,,,,,,,,,,,,,,,,,,,,,,,,,,,,,,,,,,,,,,,,,,,,0
2019-06-01,866,0,0,ARORA BOOKS,SNOW WHITE AND THE SEVEN DWARTS-ARORA BOOKS,SNOW WHITE AND THE SEVEN DWARTS,ARORA BOOKS COM.DELHI,,,,,,,,,,,,,,,,,,,,,,,,,,,,,,,,,,,,,,,,,,,,,,,,,,,,,,,,,,,0
2019-06-01,870,0,0,"KIPLING ,RUDYORD","THE SECOND JUNGLE BOOK-KIPLING ,RUDYORD",THE SECOND JUNGLE BOOK,WORDSWORTH EDITION,,,,1994,,297,,,,,,,,,,,,,,,,,,,,,,,,,,,,,,,,,,,,,,,,,,,,,,,,,,,,,0
2019-06-01,875,0,0,RUSKIN BOND,CHILDRENS OMNIBUS-RUSKIN BOND,CHILDRENS OMNIBUS,RUPA PUBLICATION NEW DELHI,,,,1997,,327,,,,,,,,,,,,,,,,,,,,,,,,,,,,,,,,,,,,,,,,,,,,,,,,,,,,,0
2019-06-01,880,0,0,MACDONALD MYRA,DEFEAT-IS AN ORPHAN-MACDONALD MYRA,DEFEAT-IS AN ORPHAN,PENGUIN BOOKS N.D.,,,,2017,,313,,,,,,,,,,,,,,,,,,,,,,,,,,,,,,,,,,,,,,,,,,,,,,,,,,,,,0
2019-06-01,887,0,0,"GIVISHAM ,JOHN","THE TESTAMENT-GIVISHAM ,JOHN",THE TESTAMENT,CENTURY,,,,1999,,435,,,,,,,,,,,,,,,,,,,,,,,,,,,,,,,,,,,,,,,,,,,,,,,,,,,,,0
2019-06-01,890,0,0,VIJAY KUMAR,VEERAPPAN CHASING THE BRIGAND-VIJAY KUMAR,VEERAPPAN CHASING THE BRIGAND,RUPA AND COMPANY,,,,2017,,249,,,,,,,,,,,,,,,,,,,,,,,,,,,,,,,,,,,,,,,,,,,,,,,,,,,,,0
2019-06-01,900,0,0,"CHOPRA , DEEPAK","THE WAY OF THE WIZARD-CHOPRA , DEEPAK",THE WAY OF THE WIZARD,RIDER LONDAN,,,,1995,,169,,,,,,,,,,,,,,,,,,,,,,,,,,,,,,,,,,,,,,,,,,,,,,,,,,,,,0
2019-06-01,911,0,0,CHARLES DICKENS,A TALES OF TWO STORIES-CHARLES DICKENS,A TALES OF TWO STORIES,TATA MACGROW HILLS NEW DELHI,,,,1978,,151,,,,,,,,,,,,,,,,,,,,,,,,,,,,,,,,,,,,,,,,,,,,,,,,,,,,,0
2019-06-01,917,0,0,RAGHUNATH BHINDE NIVENDITA,"WAKE UP , BHARAT ENLIGHTEN THE WORLD-RAGHUNATH BHINDE NIVENDITA","WAKE UP , BHARAT ENLIGHTEN THE WORLD",VIVEKANAND KENDRA PRAKASHAN CHENNAI,,,,,,68,,,,,,,,,,,,,,,,,,,,,,,,,,,,,,,,,,,,,,,,,,,,,,,,,,,,,0
2019-06-01,927,0,0,JOHN SCOTT,EFFECTIVE MANAGEMENT SKILL-JOHN SCOTT,EFFECTIVE MANAGEMENT SKILL,SPHERE BOOK LONDAN,,,,1990,,174,,,,,,,,,,,,,,,,,,,,,,,,,,,,,,,,,,,,,,,,,,,,,,,,,,,,,0
2019-06-01,929,0,0,NARAYAN R.K.,MALGUDI DAYS-NARAYAN R.K.,MALGUDI DAYS,PENGUIN BOOKS N.D.,,,,2002,,263,,,,,,,,,,,,,,,,,,,,,,,,,,,,,,,,,,,,,,,,,,,,,,,,,,,,,0
2019-06-01,935,0,0,MENAN SUDHA,LEADING LADIES VOL.1-MENAN SUDHA,LEADING LADIES VOL.1,FORTY TWO BOOKS MUMBAI,,,,2010,,422,,,,,,,,,,,,,,,,,,,,,,,,,,,,,,,,,,,,,,,,,,,,,,,,,,,,,0
2019-06-01,941,0,0,IRVING WALLACE,THE SECOND LADY-IRVING WALLACE,THE SECOND LADY,HUTECHINSAN AND CO.LANDON,,,,1980,,384,,,,,,,,,,,,,,,,,,,,,,,,,,,,,,,,,,,,,,,,,,,,,,,,,,,,,0
2019-06-01,947,0,0,ROBER HALE LTD,HERMINA BOOK SIMAN HARTINGTORIES WIDOW-ROBER HALE LTD,HERMINA BOOK SIMAN HARTINGTORIES WIDOW,ROBER HALE LTD.LANDON,,,,,,192,,,,,,,,,,,,,,,,,,,,,,,,,,,,,,,,,,,,,,,,,,,,,,,,,,,,,0
2019-06-01,951,0,0,BAWA P.S.,CRIME : THE CITIZEN AND THE POLICE-BAWA P.S.,CRIME : THE CITIZEN AND THE POLICE,RUPA AND COMPANY,,,,1986,,96,,,,,,,,,,,,,,,,,,,,,,,,,,,,,,,,,,,,,,,,,,,,,,,,,,,,,0
2019-06-01,954,0,0,AGATHA CHRISTIE,THE MYSTERIOUS MRQUIN-AGATHA CHRISTIE,THE MYSTERIOUS MRQUIN,HARPER COLLINS INDIA,,,,2009,,398,,,,,,,,,,,,,,,,,,,,,,,,,,,,,,,,,,,,,,,,,,,,,,,,,,,,,0
2019-06-01,960,0,0,BRYSON BILL,A SHORT HISTORY OF NEERLY EVERY THING-BRYSON BILL,A SHORT HISTORY OF NEERLY EVERY THING,TRASWORLD PUB.LANDON,,,,2003,,667,,,,,,,,,,,,,,,,,,,,,,,,,,,,,,,,,,,,,,,,,,,,,,,,,,,,,0
2019-06-01,964,0,0,VANAMALI GITA YOGASHRAM,SRI KRISHNA LILA : LIFE OFBHAGWAN S.KRISHNA-VANAMALI GITA YOGASHRAM,SRI KRISHNA LILA : LIFE OFBHAGWAN S.KRISHNA,WORDSPEEK NEW DELHI,,,,2006,,414,,,,,,,,,,,,,,,,,,,,,,,,,,,,,,,,,,,,,,,,,,,,,,,,,,,,,0
2019-06-01,968,0,0,TILAK RAGHUKUL,SHAKESPEARE : THE MERCHANT OF VENICE-TILAK RAGHUKUL,SHAKESPEARE : THE MERCHANT OF VENICE,RAJHANS PRAKASHAN,,,,1997,,351,,,,,,,,,,,,,,,,,,,,,,,,,,,,,,,,,,,,,,,,,,,,,,,,,,,,,0
2019-06-01,972,0,0,LEAN DREZE AND AMRTYA SEN,AN UNCERTAIN GLORY-LEAN DREZE AND AMRTYA SEN,AN UNCERTAIN GLORY,PENGUIN BOOKS N.D.,,,,2014,,434,,,,,,,,,,,,,,,,,,,,,,,,,,,,,,,,,,,,,,,,,,,,,,,,,,,,,0
2019-06-01,978,0,0,ADIGA ARVIND,THE WHITE TIGER-ADIGA ARVIND,THE WHITE TIGER,HARPER COLLINS INDIA,,,,2008,,521,,,,,,,,,,,,,,,,,,,,,,,,,,,,,,,,,,,,,,,,,,,,,,,,,,,,,0
2019-06-01,981,0,0,MANOJ PUBLICATION,SHRIMED BHAGWED GITA-MANOJ PUBLICATION,SHRIMED BHAGWED GITA,MANOJ PUBLICATION DELHI,,,,2009,,367,,,,,,,,,,,,,,,,,,,,,,,,,,,,,,,,,,,,,,,,,,,,,,,,,,,,,0
2019-06-01,986,0,0,ABOOTY O.,THE FUNNY SIDE OF ENGLISH-ABOOTY O.,THE FUNNY SIDE OF ENGLISH,PUSTAK MAHAL DELHI,,,,2004,,231,,,,,,,,,,,,,,,,,,,,,,,,,,,,,,,,,,,,,,,,,,,,,,,,,,,,,0
2019-06-01,990,0,0,BRYSAN BILL,A SHORT HISTORY OF NEARLY ENGINEERING-BRYSAN BILL,A SHORT HISTORY OF NEARLY ENGINEERING,BLACK SWAN,,,,2004,,666,,,,,,,,,,,,,,,,,,,,,,,,,,,,,,,,,,,,,,,,,,,,,,,,,,,,,0
2019-06-01,993,0,0,MALESEN,INDIA'S BANDIT QUEEN -PHOOLAN DEVI-MALESEN,INDIA'S BANDIT QUEEN -PHOOLAN DEVI,HARPER COLLINS INDIA,,,,1991,,262,,,,,,,,,,,,,,,,,,,,,,,,,,,,,,,,,,,,,,,,,,,,,,,,,,,,,0
2019-06-01,998,0,0,AGARWAL VINEET,VISHWAMITRA-AGARWAL VINEET,VISHWAMITRA,PENGUIN BOOKS N.D.,,,,2014,,242,,,,,,,,,,,,,,,,,,,,,,,,,,,,,,,,,,,,,,,,,,,,,,,,,,,,,0
2019-06-01,1004,0,0,HARPER LEE,TO KILL MOCKING BIRD-HARPER LEE,TO KILL MOCKING BIRD,AROROW BOOKS LANDON,,,,1988,,309,,,,,,,,,,,,,,,,,,,,,,,,,,,,,,,,,,,,,,,,,,,,,,,,,,,,,0
2019-06-01,1009,0,0,LAROUSSE,FRANCAIS - ANGLAIS- DICTONARY-LAROUSSE,FRANCAIS - ANGLAIS- DICTONARY,LAROUSSE WR GOYAL NEW DELHI,,,,2000,,752,,,,,,,,,,,,,,,,,,,,,,,,,,,,,,,,,,,,,,,,,,,,,,,,,,,,,0
2019-06-01,1013,0,0,DHANI S.L.,DR.B.R.AMBEDKAR MAN AND MILLENNIUM FOR SOCIAL JUSTICE-DHANI S.L.,DR.B.R.AMBEDKAR MAN AND MILLENNIUM FOR SOCIAL JUSTICE,KALPAZ PUB.DELHI,,,,2007,,344,,,,,,,,,,,,,,,,,,,,,,,,,,,,,,,,,,,,,,,,,,,,,,,,,,,,,0
2019-06-01,1020,0,0,JOHARI J.C.,INDIAN GOVERNMENT AND POLITICS-JOHARI J.C.,INDIAN GOVERNMENT AND POLITICS,VISHAL PUB. DELHI,,,,,,694,,,,,,,,,,,,,,,,,,,,,,,,,,,,,,,,,,,,,,,,,,,,,,,,,,,,,0
2019-06-01,1027,0,0,BINDRA S.S.,INDO PAK RELATIONS-BINDRA S.S.,INDO PAK RELATIONS,DEEP AND DEEP PUB.DELHI,,,,1981,,300,,,,,,,,,,,,,,,,,,,,,,,,,,,,,,,,,,,,,,,,,,,,,,,,,,,,,0
2019-06-01,1031,0,0,CARRE LE,THE TAILOR OF PANAMA-CARRE LE,THE TAILOR OF PANAMA,CORONET BOOKS,,,,1996,,460,,,,,,,,,,,,,,,,,,,,,,,,,,,,,,,,,,,,,,,,,,,,,,,,,,,,,0
2019-06-01,1037,0,0,MARKMAN RONALD,ALONE WITH THE DEVIL-MARKMAN RONALD,ALONE WITH THE DEVIL,FUTURE BOOKS,,,,1990,,368,,,,,,,,,,,,,,,,,,,,,,,,,,,,,,,,,,,,,,,,,,,,,,,,,,,,,0
2019-06-01,1042,0,0,UPDIKE JOHN,ROBIT AT REST-UPDIKE JOHN,ROBIT AT REST,PENGUIN BOOKS N.D.,,,,1990,,512,,,,,,,,,,,,,,,,,,,,,,,,,,,,,,,,,,,,,,,,,,,,,,,,,,,,,0
2019-06-01,1046,0,0,JACK CANFIELD,CHICKEN SOUP FOR THE FATHER SOUL-JACK CANFIELD,CHICKEN SOUP FOR THE FATHER SOUL,WESTLAND LTD.CHENNAI,,,,2001,,365,,,,,,,,,,,,,,,,,,,,,,,,,,,,,,,,,,,,,,,,,,,,,,,,,,,,,0
2019-06-01,1053,0,0,"RAO,V.S.P.","MANAGEMENT : TEXT AND CASES-RAO,V.S.P.",MANAGEMENT : TEXT AND CASES,EXCEL BOOKS NEW DELHI,,,,2002,,966,,,,,,,,,,,,,,,,,,,,,,,,,,,,,,,,,,,,,,,,,,,,,,,,,,,,,0
2019-06-01,1057,0,0,PHUKAN MEENAXI,RISE OF THE MODERN WEST SOCIAL AND ECONOMICS HISTORY-PHUKAN MEENAXI,RISE OF THE MODERN WEST SOCIAL AND ECONOMICS HISTORY,MCMILLAN INDIA NEW DELHI,,,,1998,,483,,,,,,,,,,,,,,,,,,,,,,,,,,,,,,,,,,,,,,,,,,,,,,,,,,,,,0
2019-06-01,1063,0,0,BHAVNAGRI KHORSHED,THE LAWS OF THE SPIRIT WORLD-BHAVNAGRI KHORSHED,THE LAWS OF THE SPIRIT WORLD,JAICO PUB HOUSE DELHI,,,,2012,,342,,,,,,,,,,,,,,,,,,,,,,,,,,,,,,,,,,,,,,,,,,,,,,,,,,,,,0
2019-06-01,1068,0,0,KAUL T.N.,INDIA CHINA AND INDOCHINA-KAUL T.N.,INDIA CHINA AND INDOCHINA,ALLIED PUBS.NEW DELHI,,,,1980,,163,,,,,,,,,,,,,,,,,,,,,,,,,,,,,,,,,,,,,,,,,,,,,,,,,,,,,0
2019-06-01,1073,0,0,LANE POOLE STANLEY,MEDIAEVAL INDIA UNDER MOHAMMDAN RULES AD.712 -1764 VOL.1-LANE POOLE STANLEY,MEDIAEVAL INDIA UNDER MOHAMMDAN RULES AD.712 -1764 VOL.1,SUSIL GUPTA INDIA CULCATTA,,,,1951,,178,,,,,,,,,,,,,,,,,,,,,,,,,,,,,,,,,,,,,,,,,,,,,,,,,,,,,0
2019-06-01,1084,0,0,"KELKAR,R.V.","LECTURES ON CRIMINAL PROCEDURE-KELKAR,R.V.",LECTURES ON CRIMINAL PROCEDURE,"EASTERN BOOK COMPANY,LUCKNOW",,,,2006,,328,,,,,,,,,,,,,,,,,,,,,,,,,,,,,,,,,,,,,,,,,,,,,,,,,,,,,0
2019-06-01,1090,0,0,"PARANJAPE,N.V.","JURISPRUDENCE AND LEGAL THEORY-PARANJAPE,N.V.",JURISPRUDENCE AND LEGAL THEORY,"CENTRAL LAW AGENCY,ALLAHABAD",,,,1993,,245,,,,,,,,,,,,,,,,,,,,,,,,,,,,,,,,,,,,,,,,,,,,,,,,,,,,,0
2019-06-01,1092,0,0,"SINHA,R.K.","TRANSFER OF PROPERTY ACT-SINHA,R.K.",TRANSFER OF PROPERTY ACT,"CENTRAL LAW AGENCY,ALLAHABAD",,,,1994,,430,,,,,,,,,,,,,,,,,,,,,,,,,,,,,,,,,,,,,,,,,,,,,,,,,,,,,0
2019-06-01,1097,0,0,"RAI,KAILASH","MOOT COURT,PRE TRIAL PREPARATIONS AND PARTICIPATION IN TRIAL PROCEEDINGS-RAI,KAILASH","MOOT COURT,PRE TRIAL PREPARATIONS AND PARTICIPATION IN TRIAL PROCEEDINGS","CENTRAL LAW AGENCY,ALLAHABAD",,,,2006,,372,,,,,,,,,,,,,,,,,,,,,,,,,,,,,,,,,,,,,,,,,,,,,,,,,,,,,0
2019-06-01,1110,0,0,"CHEVALIER,JEAN MARIE","THE NEW OIL STATES-CHEVALIER,JEAN MARIE",THE NEW OIL STATES,ALLEN LANE PENGUIN BOOKS,,,,1975,,187,,,,,,,,,,,,,,,,,,,,,,,,,,,,,,,,,,,,,,,,,,,,,,,,,,,,,0
2019-06-01,1116,0,0,"PALIT,D.K. (MAJ. GEN)","PAKISTAN'S ISLAMIC BOMB-PALIT,D.K. (MAJ. GEN)",PAKISTAN'S ISLAMIC BOMB,VIKAS PUB.HOUSE,,,,1979,,150,,,,,,,,,,,,,,,,,,,,,,,,,,,,,,,,,,,,,,,,,,,,,,,,,,,,,0
2019-06-01,1121,0,0,"BROWN,DAN","INFERNO-BROWN,DAN",INFERNO,BANTAM PRESS LANDON,,,,2013,,461,,,,,,,,,,,,,,,,,,,,,,,,,,,,,,,,,,,,,,,,,,,,,,,,,,,,,0
2019-06-01,1125,0,0,"BANKER,ASHOK K.","SONS OF SITA-BANKER,ASHOK K.",SONS OF SITA,WISDOM TREE NEW DELHI,,,,2012,,362,,,,,,,,,,,,,,,,,,,,,,,,,,,,,,,,,,,,,,,,,,,,,,,,,,,,,0
2019-06-01,1129,0,0,ROWLING J.K,HARRY POTTER & THE DEALTHY HALLOWS-ROWLING J.K,HARRY POTTER & THE DEALTHY HALLOWS,BLOOMSBURY BOOKS,,,,2007,,607,,,,,,,,,,,,,,,,,,,,,,,,,,,,,,,,,,,,,,,,,,,,,,,,,,,,,0
2019-06-01,1134,0,0,"JAMES,HENRY","THE POTRAIT OF A LADY-JAMES,HENRY",THE POTRAIT OF A LADY,PENGUIN BOOKS N.D.,,,,1997,,544,,,,,,,,,,,,,,,,,,,,,,,,,,,,,,,,,,,,,,,,,,,,,,,,,,,,,0
2019-06-01,1138,0,0,"NAGAMOOTOO, MOSES","FRAGMENTATION FROM MEMORY: TRUE STORY OF LOVE & SACRIFICE -NAGAMOOTOO, MOSES",FRAGMENTATION FROM MEMORY: TRUE STORY OF LOVE & SACRIFICE,MOSES NAGAMOOTOO,,,,2014,,145,,,,,,,,,,,,,,,,,,,,,,,,,,,,,,,,,,,,,,,,,,,,,,,,,,,,,0
2019-06-01,1143,0,0,SONIA GANDHI(ED),FREEDOMS OF DAUGHTERS: LETTERS BETWEEN INDIRA GANDHI & JAWAHAR LAL NEHRU-SONIA GANDHI(ED),FREEDOMS OF DAUGHTERS: LETTERS BETWEEN INDIRA GANDHI & JAWAHAR LAL NEHRU,CBS PUBS DELHI,,,,1989,,483,,,,,,,,,,,,,,,,,,,,,,,,,,,,,,,,,,,,,,,,,,,,,,,,,,,,,0
2019-06-01,1148,0,0,"ROBBINS,HAROLD","A STONE OF DANNY FISHER-ROBBINS,HAROLD",A STONE OF DANNY FISHER,ROBER HALE LTD.LANDON,,,,1980,,350,,,,,,,,,,,,,,,,,,,,,,,,,,,,,,,,,,,,,,,,,,,,,,,,,,,,,0
2019-06-01,1155,0,0,"SHARMA,ROBIN","WHO WILL CRY WHEN YOU DIE-SHARMA,ROBIN",WHO WILL CRY WHEN YOU DIE,JAICO PUBS BOMBAY,,,,2005,,225,,,,,,,,,,,,,,,,,,,,,,,,,,,,,,,,,,,,,,,,,,,,,,,,,,,,,0
2019-06-01,1162,0,0,"SELINKO,ANNEMARIE","DESIVEE-SELINKO,ANNEMARIE",DESIVEE,WILLIAM HEINEMANN GREAT BRITAIN,,,,2006,,575,,,,,,,,,,,,,,,,,,,,,,,,,,,,,,,,,,,,,,,,,,,,,,,,,,,,,0
2019-06-01,1165,0,0,SUN TZU,THE ART OF WAR -SUN TZU-SUN TZU,THE ART OF WAR -SUN TZU,WORDWORTH,,,,1998,,243,,,,,,,,,,,,,,,,,,,,,,,,,,,,,,,,,,,,,,,,,,,,,,,,,,,,,0
2019-06-01,1171,0,0,LEXICON BOOKS,THE WORLD GREATEST SHORT STORIES-LEXICON BOOKS,THE WORLD GREATEST SHORT STORIES,LEXICON BOOK NEW DELHI,,,,2012,,640,,,,,,,,,,,,,,,,,,,,,,,,,,,,,,,,,,,,,,,,,,,,,,,,,,,,,0
2019-06-01,1176,0,0,SUDARSHAN N.B,PRESIDANT KALAM'S CALL TO THE INDIAN-SUDARSHAN N.B,PRESIDANT KALAM'S CALL TO THE INDIAN,BALA BHARTHI PUBS.SECUNDRABAD,,,,2003,,80,,,,,,,,,,,,,,,,,,,,,,,,,,,,,,,,,,,,,,,,,,,,,,,,,,,,,0
2019-06-01,1186,0,0,HOROWARTZ,FIRST BOOK OF CHESS-HOROWARTZ,FIRST BOOK OF CHESS,FABER AND FABER LANDON,,,,1972,,126,,,,,,,,,,,,,,,,,,,,,,,,,,,,,,,,,,,,,,,,,,,,,,,,,,,,,0
2019-06-01,1191,0,0,ALLEN CHARLES,ASHOKA-ALLEN CHARLES,ASHOKA,LITTLE BROWN GREAT BRITAIN,,,,2012,,459,,,,,,,,,,,,,,,,,,,,,,,,,,,,,,,,,,,,,,,,,,,,,,,,,,,,,0
2019-06-01,1195,0,0,CUSSLER CLIVE,THE BOOT LEGGER-CUSSLER CLIVE,THE BOOT LEGGER,PENGUIN BOOKS N.D.,,,,2014,,403,,,,,,,,,,,,,,,,,,,,,,,,,,,,,,,,,,,,,,,,,,,,,,,,,,,,,0
2019-06-01,1200,0,0,CUSSLER CLIVE,THE KINGDOM-CUSSLER CLIVE,THE KINGDOM,PENGUIN BOOKS N.D.,,,,2011,,392,,,,,,,,,,,,,,,,,,,,,,,,,,,,,,,,,,,,,,,,,,,,,,,,,,,,,0
2019-06-01,1206,0,0,CUSSLER CLIVE,POSEIDON'S ARROW-CUSSLER CLIVE,POSEIDON'S ARROW,MICHAL JOSHPH PENGUIN BOOKS,,,,2012,,520,,,,,,,,,,,,,,,,,,,,,,,,,,,,,,,,,,,,,,,,,,,,,,,,,,,,,0
2019-06-01,1217,0,0,CUSSLER CLIVE,ODESSA SEA-CUSSLER CLIVE,ODESSA SEA,MICHAL JOSHPH PENGUIN BOOKS,,,,2017,,472,,,,,,,,,,,,,,,,,,,,,,,,,,,,,,,,,,,,,,,,,,,,,,,,,,,,,0
2019-06-01,1221,0,0,CUSSLER CLIVE,THE RACE-CUSSLER CLIVE,THE RACE,MICHAL JOSHPH PENGUIN BOOKS,,,,2012,,404,,,,,,,,,,,,,,,,,,,,,,,,,,,,,,,,,,,,,,,,,,,,,,,,,,,,,0
2019-06-01,1228,0,0,CUSSLER CLIVE,VALHALLA RISING-CUSSLER CLIVE,VALHALLA RISING,PENGUIN BOOKS N.D.,,,,2001,,537,,,,,,,,,,,,,,,,,,,,,,,,,,,,,,,,,,,,,,,,,,,,,,,,,,,,,0
2019-06-01,1233,0,0,CUSSLER CLIVE,DARK WATCH-CUSSLER CLIVE,DARK WATCH,PENGUIN BOOKS N.D.,,,,2008,,490,,,,,,,,,,,,,,,,,,,,,,,,,,,,,,,,,,,,,,,,,,,,,,,,,,,,,0
2019-06-01,1240,0,0,CUSSLER CLIVE,DRAGON-CUSSLER CLIVE,DRAGON,POCKET BOOKS NEW YORK,,,,1991,,542,,,,,,,,,,,,,,,,,,,,,,,,,,,,,,,,,,,,,,,,,,,,,,,,,,,,,0
2019-06-01,1245,0,0,"FORSYTH , FREDERICK","ICON-FORSYTH , FREDERICK",ICON,CORGI BOOKS,,,,1996,,541,,,,,,,,,,,,,,,,,,,,,,,,,,,,,,,,,,,,,,,,,,,,,,,,,,,,,0
2019-06-01,1248,0,0,MORAVIA ALBERTO,ROMAN TALES-MORAVIA ALBERTO,ROMAN TALES,SIGNET BOOKS,,,,1959,,191,,,,,,,,,,,,,,,,,,,,,,,,,,,,,,,,,,,,,,,,,,,,,,,,,,,,,0
2019-06-01,1253,0,0,SHELDEN SIDNEY,RAGES OF ANGELS-SHELDEN SIDNEY,RAGES OF ANGELS,WARNER BOOKS USA,,,,1980,,455,,,,,,,,,,,,,,,,,,,,,,,,,,,,,,,,,,,,,,,,,,,,,,,,,,,,,0
2019-06-01,1256,0,0,DALAILAMA H.H,THE ART OF HAPPINESS-DALAILAMA H.H,THE ART OF HAPPINESS,CORONET BOOKS,,,,1999,,269,,,,,,,,,,,,,,,,,,,,,,,,,,,,,,,,,,,,,,,,,,,,,,,,,,,,,0
2019-06-01,1258,0,0,CEOLHO PAULO,THE ALCHEMIST-CEOLHO PAULO,THE ALCHEMIST,HARPER COLLINS INDIA,,,,2005,,359,,,,,,,,,,,,,,,,,,,,,,,,,,,,,,,,,,,,,,,,,,,,,,,,,,,,,0
2019-06-01,1262,0,0,PAOLINI CHISTOPHER,INHERITANCE OR VALUE OF SOULS-PAOLINI CHISTOPHER,INHERITANCE OR VALUE OF SOULS,DOUBLEDOY CO.USA,,,,2011,,860,,,,,,,,,,,,,,,,,,,,,,,,,,,,,,,,,,,,,,,,,,,,,,,,,,,,,0
2019-06-01,1267,0,0,PANDE GIRISH N,WIN WIN WIN THE ORPHAN WAY-PANDE GIRISH N,WIN WIN WIN THE ORPHAN WAY,EAGLE PUBS CHENNAI,,,,2010,,373,,,,,,,,,,,,,,,,,,,,,,,,,,,,,,,,,,,,,,,,,,,,,,,,,,,,,0
2019-06-01,1274,0,0,"LAWRENCE , D.H","WOMEN IN LOVE-LAWRENCE , D.H",WOMEN IN LOVE,PENGUIN BOOKS N.D.,,,,1974,,541,,,,,,,,,,,,,,,,,,,,,,,,,,,,,,,,,,,,,,,,,,,,,,,,,,,,,0
2019-06-01,1279,0,0,CHOPRA DEEPAK,THE SEVEN SPIRITUAL LAWS OF SUCCESS-CHOPRA DEEPAK,THE SEVEN SPIRITUAL LAWS OF SUCCESS,HAY HOUSE INDIA,,,,2010,,96,,,,,,,,,,,,,,,,,,,,,,,,,,,,,,,,,,,,,,,,,,,,,,,,,,,,,0
2019-06-01,1282,0,0,"ROBBINS,HAROLD","THE LOVELY LADY-ROBBINS,HAROLD",THE LOVELY LADY,SIMAN AND SCHUSTER,,,,1976,,448,,,,,,,,,,,,,,,,,,,,,,,,,,,,,,,,,,,,,,,,,,,,,,,,,,,,,0
2019-06-01,1285,0,0,GROGEN JOHN,MARLAY & ME-GROGEN JOHN,MARLAY & ME,HARPER COLLINS INDIA,,,,2007,,291,,,,,,,,,,,,,,,,,,,,,,,,,,,,,,,,,,,,,,,,,,,,,,,,,,,,,0
2019-06-01,1289,0,0,LARSSON STIEG,THE GIRL WHO DRAGON TATTOO-LARSSON STIEG,THE GIRL WHO DRAGON TATTOO,MACLEHOSE PRESS LONDAN,,,,2008,,554,,,,,,,,,,,,,,,,,,,,,,,,,,,,,,,,,,,,,,,,,,,,,,,,,,,,,0
2019-06-01,1294,0,0,MCDERMOTT ANDY,THE MIDAS LEGACY-MCDERMOTT ANDY,THE MIDAS LEGACY,HEADLINE PUBS,,,,2016,,616,,,,,,,,,,,,,,,,,,,,,,,,,,,,,,,,,,,,,,,,,,,,,,,,,,,,,0
2019-06-01,1301,0,0,MCDERMOTT ANDY,THE CUTT  OF OSIRIS-MCDERMOTT ANDY,THE CUTT  OF OSIRIS,HEADLINE PUBS,,,,2010,,533,,,,,,,,,,,,,,,,,,,,,,,,,,,,,,,,,,,,,,,,,,,,,,,,,,,,,0
2019-06-01,1304,0,0,KRANTZ JUDITH,SCRUPTES-KRANTZ JUDITH,SCRUPTES,BANTAM BOOKS,,,,1989,,574,,,,,,,,,,,,,,,,,,,,,,,,,,,,,,,,,,,,,,,,,,,,,,,,,,,,,0
2019-06-01,1313,0,0,URIS LEON,THE HAJ-URIS LEON,THE HAJ,CORGI BOOKS,,,,1984,,671,,,,,,,,,,,,,,,,,,,,,,,,,,,,,,,,,,,,,,,,,,,,,,,,,,,,,0
2019-06-01,1316,0,0,"FORSYTH , FREDERICK","THE KILL LIST-FORSYTH , FREDERICK",THE KILL LIST,CORGI BOOKS,,,,2013,,349,,,,,,,,,,,,,,,,,,,,,,,,,,,,,,,,,,,,,,,,,,,,,,,,,,,,,0
2019-06-01,1323,0,0,STEVENSON D.E,SARAH'S COTTAGE-STEVENSON D.E,SARAH'S COTTAGE,WILLIAM COLLINS,,,,1971,,282,,,,,,,,,,,,,,,,,,,,,,,,,,,,,,,,,,,,,,,,,,,,,,,,,,,,,0
2019-06-01,1330,0,0,FOLLETT KEN,THE HAMMER OF EDEN-FOLLETT KEN,THE HAMMER OF EDEN,MACMILLAN INDIA DELHI,,,,1998,,551,,,,,,,,,,,,,,,,,,,,,,,,,,,,,,,,,,,,,,,,,,,,,,,,,,,,,0
2019-06-01,1336,0,0,FOLLETT KEN,ONLY TIME WILL TELL-FOLLETT KEN,ONLY TIME WILL TELL,MACMILLAN INDIA DELHI,,,,2011,,388,,,,,,,,,,,,,,,,,,,,,,,,,,,,,,,,,,,,,,,,,,,,,,,,,,,,,0
2019-06-01,1342,0,0,FOLLETT KEN,HONOUR AMONG THIEVES-FOLLETT KEN,HONOUR AMONG THIEVES,PAN BOOKS,,,,1993,,478,,,,,,,,,,,,,,,,,,,,,,,,,,,,,,,,,,,,,,,,,,,,,,,,,,,,,0
2019-06-01,1347,0,0,CLANEY TOM,RED STROM RISING-CLANEY TOM,RED STROM RISING,HARPER COLLINS INDIA,,,,1993,,830,,,,,,,,,,,,,,,,,,,,,,,,,,,,,,,,,,,,,,,,,,,,,,,,,,,,,0
2019-06-01,1351,0,0,SHELDEN SIDNEY,THE NAKED FACE-SHELDEN SIDNEY,THE NAKED FACE,HARPER COLLINS INDIA,,,,1970,,235,,,,,,,,,,,,,,,,,,,,,,,,,,,,,,,,,,,,,,,,,,,,,,,,,,,,,0
2019-06-01,1359,0,0,FOLLETT KEN,THE EYE OF NEADLE-FOLLETT KEN,THE EYE OF NEADLE,PENGUIN BOOKS N.D.,,,,,,321,,,,,,,,,,,,,,,,,,,,,,,,,,,,,,,,,,,,,,,,,,,,,,,,,,,,,0
2019-06-01,1365,0,0,AGNIHOTRI V.K.(ED),SKILLS FOR EFFECTIVE ADMINISTATORS-AGNIHOTRI V.K.(ED),SKILLS FOR EFFECTIVE ADMINISTATORS,VIKASH PUB HOUSE LBS MASSORIES,,,,1996,,290,,,,,,,,,,,,,,,,,,,,,,,,,,,,,,,,,,,,,,,,,,,,,,,,,,,,,0
2019-06-01,1370,0,0,HOBSBOWNERIC,REVOLUTIONARIES-HOBSBOWNERIC,REVOLUTIONARIES,ABACUS LONDAN,,,,2007,,499,,,,,,,,,,,,,,,,,,,,,,,,,,,,,,,,,,,,,,,,,,,,,,,,,,,,,0
2019-06-01,1374,0,0,JOHNSON SPENCEV,WHO MOVED MY CHEESE-JOHNSON SPENCEV,WHO MOVED MY CHEESE,VERMILIAN LANDON,,,,1998,,96,,,,,,,,,,,,,,,,,,,,,,,,,,,,,,,,,,,,,,,,,,,,,,,,,,,,,0
2019-06-01,1380,0,0,RAND AYN,THE FOUNDATION HEAD-RAND AYN,THE FOUNDATION HEAD,PENGUIN BOOKS N.D.,,,,1971,,695,,,,,,,,,,,,,,,,,,,,,,,,,,,,,,,,,,,,,,,,,,,,,,,,,,,,,0
2019-06-01,1384,0,0,HARDY THOMAS,TESS OF THE D'ORBERVILLES : A PUNE WOMEN-HARDY THOMAS,TESS OF THE D'ORBERVILLES : A PUNE WOMEN,RUPA & CO.,,,,1987,,446,,,,,,,,,,,,,,,,,,,,,,,,,,,,,,,,,,,,,,,,,,,,,,,,,,,,,0
2019-06-01,1389,0,0,DEVERAEAUX CHARLES,VENUS IN INDIA-DEVERAEAUX CHARLES,VENUS IN INDIA,SPHARE BOOK,,,,1980,,294,,,,,,,,,,,,,,,,,,,,,,,,,,,,,,,,,,,,,,,,,,,,,,,,,,,,,0
2019-06-01,1403,0,0,KALAM A.P.J.,IGNITED MINDS-KALAM A.P.J.,IGNITED MINDS,PENGUIN BOOKS N.D.,,,,2002,,205,,,,,,,,,,,,,,,,,,,,,,,,,,,,,,,,,,,,,,,,,,,,,,,,,,,,,0
2019-06-01,1405,0,0,WODEHOUSE P.G.,MUCH OBLIGED LEEVES-WODEHOUSE P.G.,MUCH OBLIGED LEEVES,ARROW BOOKS,,,,2008,,203,,,,,,,,,,,,,,,,,,,,,,,,,,,,,,,,,,,,,,,,,,,,,,,,,,,,,0
2019-06-01,1408,0,0,DIXON FRANLIN W,HARDY BOYS : CRIMES IN THE CARDS-DIXON FRANLIN W,HARDY BOYS : CRIMES IN THE CARDS,ALADIN NEW YORK,,,,2002,,147,,,,,,,,,,,,,,,,,,,,,,,,,,,,,,,,,,,,,,,,,,,,,,,,,,,,,0
2019-06-01,1413,0,0,KIPLING RUDYARD,CAPTAINS COURAGEOUS-KIPLING RUDYARD,CAPTAINS COURAGEOUS,WORDWORTH,,,,1995,,129,,,,,,,,,,,,,,,,,,,,,,,,,,,,,,,,,,,,,,,,,,,,,,,,,,,,,0
2019-06-01,1417,0,0,KHUSHWANT SINGH,THE PORTRAIT OF A LADY-KHUSHWANT SINGH,THE PORTRAIT OF A LADY,PENGUIN BOOKS N.D.,,,,2009,,469,,,,,,,,,,,,,,,,,,,,,,,,,,,,,,,,,,,,,,,,,,,,,,,,,,,,,0
2019-06-01,1420,0,0,DURGA DAS,INDIA FROM CURZON TO NEHRU & AFTER-DURGA DAS,INDIA FROM CURZON TO NEHRU & AFTER,RUPA & CO.,,,,1981,,499,,,,,,,,,,,,,,,,,,,,,,,,,,,,,,,,,,,,,,,,,,,,,,,,,,,,,0
2019-06-01,1425,0,0,FREEDMAN JANE,FEMINISM : CONCEPT OF SOCIAL SCIENCE-FREEDMAN JANE,FEMINISM : CONCEPT OF SOCIAL SCIENCE,VIVA BOOKS PVT LTD NEW DELHI,,,,2002,,106,,,,,,,,,,,,,,,,,,,,,,,,,,,,,,,,,,,,,,,,,,,,,,,,,,,,,0
2019-06-01,1430,0,0,MACKSAY KENNETH,GUDERIAN PANZER GENERAL-MACKSAY KENNETH,GUDERIAN PANZER GENERAL,MACDONALD LONDAN,,,,1976,,217,,,,,,,,,,,,,,,,,,,,,,,,,,,,,,,,,,,,,,,,,,,,,,,,,,,,,0
2019-06-01,1433,0,0,LOCKE LOUIS G (ED),INTRODUCTION TO LITERATURE-LOCKE LOUIS G (ED),INTRODUCTION TO LITERATURE,HOLT PINEHART & WINSTON INC NEW YORK,,,,1957,,815,,,,,,,,,,,,,,,,,,,,,,,,,,,,,,,,,,,,,,,,,,,,,,,,,,,,,0
2019-06-01,1438,0,0,DEEPTI MAVAL,THE MAD TIBETAN STORIES FROM THEN & NOW-DEEPTI MAVAL,THE MAD TIBETAN STORIES FROM THEN & NOW,MANJUL PUBS HOUSE DELHI,,,,2011,,159,,,,,,,,,,,,,,,,,,,,,,,,,,,,,,,,,,,,,,,,,,,,,,,,,,,,,0
2019-06-01,1443,0,0,FRIDAY NANCY,MY MOTHER /MY SELF-FRIDAY NANCY,MY MOTHER /MY SELF,FONTANE BOOKS,,,,1979,,475,,,,,,,,,,,,,,,,,,,,,,,,,,,,,,,,,,,,,,,,,,,,,,,,,,,,,0
2019-06-01,1446,0,0,MAURIER DAPHNE DU,JULIUS-MAURIER DAPHNE DU,JULIUS,ARROW BOOKS,,,,1994,,309,,,,,,,,,,,,,,,,,,,,,,,,,,,,,,,,,,,,,,,,,,,,,,,,,,,,,0
2019-06-01,1453,0,0,BANKER ASHOK K,PRINCE IF AYODHYA : RAMAYANA-BANKER ASHOK K,PRINCE IF AYODHYA : RAMAYANA,PENGUIN BOOKS N.D.,,,,2005,,517,,,,,,,,,,,,,,,,,,,,,,,,,,,,,,,,,,,,,,,,,,,,,,,,,,,,,0
2019-06-01,1456,0,0,KEY'S DANIEL,FLOWERS FOR ALGERNON-KEY'S DANIEL,FLOWERS FOR ALGERNON,BANTOM BOOKS,,,,1975,,216,,,,,,,,,,,,,,,,,,,,,,,,,,,,,,,,,,,,,,,,,,,,,,,,,,,,,0
2019-06-01,1462,0,0,RUPA & CO.,THE COMPLETE NOVELS OF JANE AUSTIN-RUPA & CO.,THE COMPLETE NOVELS OF JANE AUSTIN,RUPA & CO.,,,,1988,,190,,,,,,,,,,,,,,,,,,,,,,,,,,,,,,,,,,,,,,,,,,,,,,,,,,,,,0
2019-06-01,1467,0,0,DALRYMPLE WILLIAM,WHITE MUGHAL'S-DALRYMPLE WILLIAM,WHITE MUGHAL'S,PENGUIN BOOKS N.D.,,,,2012,,580,,,,,,,,,,,,,,,,,,,,,,,,,,,,,,,,,,,,,,,,,,,,,,,,,,,,,0
2019-06-01,1470,0,0,ANAND BHARAT,THE CONTENT TRAP-ANAND BHARAT,THE CONTENT TRAP,PENGUIN BOOKS N.D.,,,,2016,,423,,,,,,,,,,,,,,,,,,,,,,,,,,,,,,,,,,,,,,,,,,,,,,,,,,,,,0
2019-06-01,1476,0,0,LAMBA ANIL,ROMANCING THE BALACE SHEET-LAMBA ANIL,ROMANCING THE BALACE SHEET,HARPER COLLINS INDIA,,,,2016,,227,,,,,,,,,,,,,,,,,,,,,,,,,,,,,,,,,,,,,,,,,,,,,,,,,,,,,0
2019-06-01,1488,0,0,KAUL T.N.,DIPLOMACY IN PEACE & WAR-KAUL T.N.,DIPLOMACY IN PEACE & WAR,VIKASH PUB HOUSE LBS MASSORIES,,,,1979,,251,,,,,,,,,,,,,,,,,,,,,,,,,,,,,,,,,,,,,,,,,,,,,,,,,,,,,0
2019-06-01,1491,0,0,PRAKASH SINGH,THE NAXATILE MOVEMENT IN INDIA-PRAKASH SINGH,THE NAXATILE MOVEMENT IN INDIA,RUPA & CO.,,,,2007,,318,,,,,,,,,,,,,,,,,,,,,,,,,,,,,,,,,,,,,,,,,,,,,,,,,,,,,0
2019-06-01,1498,0,0,SWAMY JITATMANDO,SWAMY VIVAKAND PROPHET & PATHFINDER-SWAMY JITATMANDO,SWAMY VIVAKAND PROPHET & PATHFINDER,SRI RAMKRISHNA ASHRAM,,,,,,406,,,,,,,,,,,,,,,,,,,,,,,,,,,,,,,,,,,,,,,,,,,,,,,,,,,,,0
2019-06-01,1503,0,0,DESAI KISHWAR,THE SEA OFINNOCENCE-DESAI KISHWAR,THE SEA OFINNOCENCE,SIMAN AND SCHUSTER,,,,2013,,357,,,,,,,,,,,,,,,,,,,,,,,,,,,,,,,,,,,,,,,,,,,,,,,,,,,,,0
2019-06-01,1511,0,0,BASHAM A.L.,A CALTURAL HISTORY OF INDIA-BASHAM A.L.,A CALTURAL HISTORY OF INDIA,OXFORD UNIVERSITY PRESS,,,,2000,,585,,,,,,,,,,,,,,,,,,,,,,,,,,,,,,,,,,,,,,,,,,,,,,,,,,,,,0
2019-06-01,1525,0,0,GOLDSMITH,TRIGGERS-GOLDSMITH,TRIGGERS,PROFILE BOOKS,,,,2015,,252,,,,,,,,,,,,,,,,,,,,,,,,,,,,,,,,,,,,,,,,,,,,,,,,,,,,,0
2019-06-01,1533,0,0,SHAURIE ARUN,MUSSIONRIES IN INDIA-SHAURIE ARUN,MUSSIONRIES IN INDIA,HARPER COLLINS INDIA,,,,1994,,293,,,,,,,,,,,,,,,,,,,,,,,,,,,,,,,,,,,,,,,,,,,,,,,,,,,,,0
2019-06-01,1535,0,0,DATTA DARJOY,YOU WERE MY CRUSH : TILL YOU SAID YOU LOVE ME-DATTA DARJOY,YOU WERE MY CRUSH : TILL YOU SAID YOU LOVE ME,GRAPEVINE INDIA PUBS,,,,2011,,223,,,,,,,,,,,,,,,,,,,,,,,,,,,,,,,,,,,,,,,,,,,,,,,,,,,,,0
2019-06-01,1544,0,0,BHARGAVA SHREE RAJNEESH,NOTES AN A MODNAN-BHARGAVA SHREE RAJNEESH,NOTES AN A MODNAN,RAJNESSH FOUNDATION USA,,,,1985,,104,,,,,,,,,,,,,,,,,,,,,,,,,,,,,,,,,,,,,,,,,,,,,,,,,,,,,0
2019-06-01,1546,0,0,KAK B.L.,Z.A.BHUTTO NOTES FROM DEATH CALL-KAK B.L.,Z.A.BHUTTO NOTES FROM DEATH CALL,RADHA KRISHNA PUBS DELHI,,,,1979,,95,,,,,,,,,,,,,,,,,,,,,,,,,,,,,,,,,,,,,,,,,,,,,,,,,,,,,0
2019-06-01,1549,0,0,AGARWAL SONTEEV,THE CAPTAINSHIP-AGARWAL SONTEEV,THE CAPTAINSHIP,BLOOMSBURY BOOKS,,,,2013,,,,,,,,,,,,,,,,,,,,,,,,,,,,,,,,,,,,,,,,,,,,,,,,,,,,,,,0
2019-06-01,1551,0,0,SEN NARANAYAN SINETRA,INDIA CONNECTED-SEN NARANAYAN SINETRA,INDIA CONNECTED,SAGE PUBS,,,,2016,,292,,,,,,,,,,,,,,,,,,,,,,,,,,,,,,,,,,,,,,,,,,,,,,,,,,,,,0
2019-06-01,1557,0,0,SUBRAMANIAM KAMALS,MAHABHARATA-SUBRAMANIAM KAMALS,MAHABHARATA,BHARTIYA VIDHYA BHAWAN,,,,2001,,870,,,,,,,,,,,,,,,,,,,,,,,,,,,,,,,,,,,,,,,,,,,,,,,,,,,,,0
2019-06-01,1559,0,0,DAVID GREGORY,THE MOUNTAIN SHADOW-DAVID GREGORY,THE MOUNTAIN SHADOW,LITTLE BROWN GREAT BRITAIN,,,,2015,,873,,,,,,,,,,,,,,,,,,,,,,,,,,,,,,,,,,,,,,,,,,,,,,,,,,,,,0
2019-06-01,1565,0,0,BHARTIYA VIDHYA BHAWAN,THE AGE OF IMPERIAL KANNAUJ-BHARTIYA VIDHYA BHAWAN,THE AGE OF IMPERIAL KANNAUJ,BHARTIYA VIDHYA BHAWAN,,,,2009,,585,,,,,,,,,,,,,,,,,,,,,,,,,,,,,,,,,,,,,,,,,,,,,,,,,,,,,0
2019-06-01,1569,0,0,DEO DIGVIJAY SINGH,MY OLYPIC JOURNEY : 50 OF INDIA LEADING SPETHI PERSONS-DEO DIGVIJAY SINGH,MY OLYPIC JOURNEY : 50 OF INDIA LEADING SPETHI PERSONS,PENGUIN BOOKS N.D.,,,,2016,,330,,,,,,,,,,,,,,,,,,,,,,,,,,,,,,,,,,,,,,,,,,,,,,,,,,,,,0
2019-06-01,1575,0,0,BANERJEE ABHIJIT V,POOR ECONOMICS-BANERJEE ABHIJIT V,POOR ECONOMICS,RANDOM HOUSE NEW YORK,,,,2011,,303,,,,,,,,,,,,,,,,,,,,,,,,,,,,,,,,,,,,,,,,,,,,,,,,,,,,,0
2019-06-01,1578,0,0,MEHTA VINOD,LUCKNOW BOY - A MEMORIES-MEHTA VINOD,LUCKNOW BOY - A MEMORIES,PENGUIN BOOKS N.D.,,,,2011,,325,,,,,,,,,,,,,,,,,,,,,,,,,,,,,,,,,,,,,,,,,,,,,,,,,,,,,0
2019-06-01,1582,0,0,DURANT WILL,THE STORY OF PHILOSPHY-DURANT WILL,THE STORY OF PHILOSPHY,SIMAN AND SCHUSTER,,,,2009,,412,,,,,,,,,,,,,,,,,,,,,,,,,,,,,,,,,,,,,,,,,,,,,,,,,,,,,0
2019-06-01,1584,0,0,ARORA DOLLY(ED),SOCIAL SECTOR DEVELOPMENT-ARORA DOLLY(ED),SOCIAL SECTOR DEVELOPMENT,DAANISH BOOK DELHI,,,,2005,,144,,,,,,,,,,,,,,,,,,,,,,,,,,,,,,,,,,,,,,,,,,,,,,,,,,,,,0
2019-06-01,1589,0,0,MARTEL YONN,BEATRICE & VIVAGIL-MARTEL YONN,BEATRICE & VIVAGIL,PENGUIN BOOKS N.D.,,,,2010,,190,,,,,,,,,,,,,,,,,,,,,,,,,,,,,,,,,,,,,,,,,,,,,,,,,,,,,0
2019-06-01,1592,0,0,TALEDO L.A.D.,THE STORY OF THE GUEVARA-TALEDO L.A.D.,THE STORY OF THE GUEVARA,QUERCUS LONDAN,,,,2011,,456,,,,,,,,,,,,,,,,,,,,,,,,,,,,,,,,,,,,,,,,,,,,,,,,,,,,,0
2019-06-01,1595,0,0,PALKHIWALA NANI A,WIT & WISDOM-PALKHIWALA NANI A,WIT & WISDOM,RUPA & CO.,,,,2015,,134,,,,,,,,,,,,,,,,,,,,,,,,,,,,,,,,,,,,,,,,,,,,,,,,,,,,,0
2019-06-01,1597,0,0,KALAM APJ ABDUL,MY JOURNEY-KALAM APJ ABDUL,MY JOURNEY,RUPA & CO.,,,,2013,,147,,,,,,,,,,,,,,,,,,,,,,,,,,,,,,,,,,,,,,,,,,,,,,,,,,,,,0
2019-06-01,1602,0,0,CHAWDHRI L.R.,H.B. OF PALMISTRY-CHAWDHRI L.R.,H.B. OF PALMISTRY,HIND POCKET BOOKS DELHI,,,,1999,,240,,,,,,,,,,,,,,,,,,,,,,,,,,,,,,,,,,,,,,,,,,,,,,,,,,,,,0
2019-06-01,1606,0,0,WORDSWORTH CLASSICS,METAMORPHOSES : OVID-WORDSWORTH CLASSICS,METAMORPHOSES : OVID,WORDWORTH,,,,1998,,520,,,,,,,,,,,,,,,,,,,,,,,,,,,,,,,,,,,,,,,,,,,,,,,,,,,,,0
2019-06-01,1610,0,0,CHOPRA DEEPAK,POWER FREEDOM AND GRACE-CHOPRA DEEPAK,POWER FREEDOM AND GRACE,HAY HOUSE INDIA,,,,2010,,220,,,,,,,,,,,,,,,,,,,,,,,,,,,,,,,,,,,,,,,,,,,,,,,,,,,,,0
2019-06-01,1620,0,0,FITEKINDES T.J.,COMMON MISTAKES IN ENGLISH-FITEKINDES T.J.,COMMON MISTAKES IN ENGLISH,ORIENT PAPERBACK DELHI,,,,2003,,200,,,,,,,,,,,,,,,,,,,,,,,,,,,,,,,,,,,,,,,,,,,,,,,,,,,,,0
2019-06-01,1624,0,0,SMITH LEW,O' LEVEL TEST IN ENGLISH LANGUAGE-SMITH LEW,O' LEVEL TEST IN ENGLISH LANGUAGE,METHREN CO.LONDAN,,,,1965,,204,,,,,,,,,,,,,,,,,,,,,,,,,,,,,,,,,,,,,,,,,,,,,,,,,,,,,0
2019-06-01,1629,0,0,WRIGHT REG,GRAMMAR THROUGH PRACTICE-WRIGHT REG,GRAMMAR THROUGH PRACTICE,ORIENT PAPERBACK DELHI,,,,2001,,333,,,,,,,,,,,,,,,,,,,,,,,,,,,,,,,,,,,,,,,,,,,,,,,,,,,,,0
2019-06-01,1634,0,0,ARCHER JEFFERY,4 PRISONER OF BIRTH-ARCHER JEFFERY,4 PRISONER OF BIRTH,PAN BOOKS,,,,2008,,531,,,,,,,,,,,,,,,,,,,,,,,,,,,,,,,,,,,,,,,,,,,,,,,,,,,,,0
2019-06-01,1640,0,0,PATHANAIKDEVDUTT,MY GITA-PATHANAIKDEVDUTT,MY GITA,RUPA & CO.,,,,2015,,248,,,,,,,,,,,,,,,,,,,,,,,,,,,,,,,,,,,,,,,,,,,,,,,,,,,,,0
2019-06-01,1643,0,0,VIJAY GOEL (PUBS),ADOLF HITLER-VIJAY GOEL (PUBS),ADOLF HITLER,VIJAY GOEL DELHI,,,,2007,,152,,,,,,,,,,,,,,,,,,,,,,,,,,,,,,,,,,,,,,,,,,,,,,,,,,,,,0
2019-06-01,1647,0,0,SAXENA KULDEEP,U.P.URBAN BUILDING ACT 1972-SAXENA KULDEEP,U.P.URBAN BUILDING ACT 1972,SAGAR LAW HOUSE ALLAHABAD,,,,2000,,208,,,,,,,,,,,,,,,,,,,,,,,,,,,,,,,,,,,,,,,,,,,,,,,,,,,,,0
2019-06-01,1661,0,0,RATANLAL & DHIRAJLAL,THE LAW OF TORTS-RATANLAL & DHIRAJLAL,THE LAW OF TORTS,WADHWA & COMPANY,,,,2008,,192,,,,,,,,,,,,,,,,,,,,,,,,,,,,,,,,,,,,,,,,,,,,,,,,,,,,,0
2019-06-01,1667,0,0,VARSHNEY SURINDER KAUR,APKRATYA VIDHI (LAW OF TORTS)-VARSHNEY SURINDER KAUR,APKRATYA VIDHI (LAW OF TORTS),LAW DEPTT. UNIVERSITY OF LUCKNOW,,,,2002,,235,,,,,,,,,,,,,,,,,,,,,,,,,,,,,,,,,,,,,,,,,,,,,,,,,,,,,0
2019-06-01,1673,0,0,ZAIDI MOH HASAN,HUMAN TRAFFICKING LAW ( MANAV TASKARI KANOON)-ZAIDI MOH HASAN,HUMAN TRAFFICKING LAW ( MANAV TASKARI KANOON),"ALIA LAW AGENCY,ALLAHABAD",,,,2014,,431,,,,,,,,,,,,,,,,,,,,,,,,,,,,,,,,,,,,,,,,,,,,,,,,,,,,,0
2019-06-01,1678,0,0,U.P.HINDI SANSTHAN,URDU HINDI SHANDKOSH-U.P.HINDI SANSTHAN,URDU HINDI SHANDKOSH,U.P.HINDI SANSTHAN,,,,1997,,755,,,,,,,,,,,,,,,,,,,,,,,,,,,,,,,,,,,,,,,,,,,,,,,,,,,,,0
2019-06-01,1688,0,0,DWIVEDI HEMANT,KUCH PADAAV KUCJ MANZILE-DWIVEDI HEMANT,KUCH PADAAV KUCJ MANZILE,LOK BHARTI PUBS ALLAHABAD,,,,2014,,248,,,,,,,,,,,,,,,,,,,,,,,,,,,,,,,,,,,,,,,,,,,,,,,,,,,,,0
2019-06-01,1691,0,0,SHUKL SHREEPAAL,RAAG DARBAARI-SHUKL SHREEPAAL,RAAG DARBAARI,RAJKAMAL PRAKASHAN,,,,2009,,334,,,,,,,,,,,,,,,,,,,,,,,,,,,,,,,,,,,,,,,,,,,,,,,,,,,,,0
2019-06-01,1696,0,0,WODEHOUSE P.G.,THE JEEVES OMNIBUS 5-WODEHOUSE P.G.,THE JEEVES OMNIBUS 5,HUTCHINSAN LONDAN,,,,1993,,368,,,,,,,,,,,,,,,,,,,,,,,,,,,,,,,,,,,,,,,,,,,,,,,,,,,,,0
2019-06-01,1699,0,0,TOD JOMES,ANNALS & ANTIQUITES OF RAJASTHAN-TOD JOMES,ANNALS & ANTIQUITES OF RAJASTHAN,RUPA & CO.,,,,2006,,657,,,,,,,,,,,,,,,,,,,,,,,,,,,,,,,,,,,,,,,,,,,,,,,,,,,,,0
2019-06-01,1707,0,0,BONNER ARTHUR,DEMOCRACY IN INDIA : A HOLDER SHALL-BONNER ARTHUR,DEMOCRACY IN INDIA : A HOLDER SHALL,AMERICAN UNIVERSITY PRESS,,,,1994,,282,,,,,,,,,,,,,,,,,,,,,,,,,,,,,,,,,,,,,,,,,,,,,,,,,,,,,0
2019-06-01,1712,0,0,COOLING WENDY,BAD DREAMS STORIES CHOSEN-COOLING WENDY,BAD DREAMS STORIES CHOSEN,DOLPHIN,,,,1997,,74,,,,,,,,,,,,,,,,,,,,,,,,,,,,,,,,,,,,,,,,,,,,,,,,,,,,,0
2019-06-01,1714,0,0,MALHOTRA MEERA,ORIENT BOOK OF QUOTATIONS-MALHOTRA MEERA,ORIENT BOOK OF QUOTATIONS,ORIENT PAPERBACK DELHI,,,,2007,,232,,,,,,,,,,,,,,,,,,,,,,,,,,,,,,,,,,,,,,,,,,,,,,,,,,,,,0
2019-06-01,1718,0,0,MURTHY N.R.NARAYAN,A BETTER INDIA A BETTER WORLD-MURTHY N.R.NARAYAN,A BETTER INDIA A BETTER WORLD,PENGUIN BOOKS N.D.,,,,2009,,290,,,,,,,,,,,,,,,,,,,,,,,,,,,,,,,,,,,,,,,,,,,,,,,,,,,,,0
2019-06-01,1722,0,0,SINERO JAN,YOU ARE A BAD ASS-SINERO JAN,YOU ARE A BAD ASS,RUNNING PRESS,,,,2013,,254,,,,,,,,,,,,,,,,,,,,,,,,,,,,,,,,,,,,,,,,,,,,,,,,,,,,,0
2019-06-01,1732,0,0,SAVA GEORGE,SURGEORIS SYMPHONY-SAVA GEORGE,SURGEORIS SYMPHONY,THE SCIENTIFIC BOOK CLUB,,,,1946,,224,,,,,,,,,,,,,,,,,,,,,,,,,,,,,,,,,,,,,,,,,,,,,,,,,,,,,0
2019-06-01,1734,0,0,CHOPRA FRITZOT,THE TAE OFPHYSICS-CHOPRA FRITZOT,THE TAE OFPHYSICS,HARPER COLLINS INDIA,,,,1991,,412,,,,,,,,,,,,,,,,,,,,,,,,,,,,,,,,,,,,,,,,,,,,,,,,,,,,,0
2019-06-01,1739,0,0,HOLDEN ROBERT,HAPPINESS NOW-HOLDEN ROBERT,HAPPINESS NOW,HAY HOUSE INDIA,,,,2009,,242,,,,,,,,,,,,,,,,,,,,,,,,,,,,,,,,,,,,,,,,,,,,,,,,,,,,,0
2019-06-01,1745,0,0,SHOURIE ARUN,MUSSIONRIES IN INDIA-SHOURIE ARUN,MUSSIONRIES IN INDIA,HARPER COLLINS INDIA,,,,1997,,293,,,,,,,,,,,,,,,,,,,,,,,,,,,,,,,,,,,,,,,,,,,,,,,,,,,,,0
2019-06-01,1748,0,0,SEN AMARTYA,THE COUNTRY OF FIRST BOY-SEN AMARTYA,THE COUNTRY OF FIRST BOY,OXFORD UNIVERSITY PRESS,,,,2015,,276,,,,,,,,,,,,,,,,,,,,,,,,,,,,,,,,,,,,,,,,,,,,,,,,,,,,,0
2019-06-01,1756,0,0,ASIRVATHAM EDDY,POLITICAL THEORY -ASIRVATHAM EDDY,POLITICAL THEORY,S.CHAND AND COMPANY NEW DELHI,,,,2000,,844,,,,,,,,,,,,,,,,,,,,,,,,,,,,,,,,,,,,,,,,,,,,,,,,,,,,,0
2019-06-01,1758,0,0,GUPTA SHYAM RATNA (ED.),NORTH SOUTH DIALOGUE-GUPTA SHYAM RATNA (ED.),NORTH SOUTH DIALOGUE,ALLIED PUBS,,,,,,112,,,,,,,,,,,,,,,,,,,,,,,,,,,,,,,,,,,,,,,,,,,,,,,,,,,,,0
2019-06-01,1764,0,0,KHAN ARIF,INSURANCE : THEORY & PRACTICE-KHAN ARIF,INSURANCE : THEORY & PRACTICE,EUCATIONAL BOOK HOUSE,,,,,,629,,,,,,,,,,,,,,,,,,,,,,,,,,,,,,,,,,,,,,,,,,,,,,,,,,,,,0
2019-06-01,1767,0,0,SHARMA S.R.,ANCIENT INDIAN HISTORY & CULTURE-SHARMA S.R.,ANCIENT INDIAN HISTORY & CULTURE,,,,,178,,,,,,,,,,,,,,,,,,,,,,,,,,,,,,,,,,,,,,,,,,,,,,,,,,,,,,,0
2019-06-01,1770,0,0,GREEVES H.R.G.,THE BRITISH CONSTITUTION-GREEVES H.R.G.,THE BRITISH CONSTITUTION,GEORGE ALLEN & UNWIN LTD,,,,1938,,296,,,,,,,,,,,,,,,,,,,,,,,,,,,,,,,,,,,,,,,,,,,,,,,,,,,,,0
2019-06-01,1776,0,0,JATKAR S.D.,POLITICAL THEORY & INSTITUTIONS-JATKAR S.D.,POLITICAL THEORY & INSTITUTIONS,STERLING PUBS,,,,,,204,,,,,,,,,,,,,,,,,,,,,,,,,,,,,,,,,,,,,,,,,,,,,,,,,,,,,0
2019-06-01,1780,0,0,GARNER J.W.,POLITICAL SCIENCE & GOVERNMENT-GARNER J.W.,POLITICAL SCIENCE & GOVERNMENT,THE WORLD PRESS,,,,1951,,750,,,,,,,,,,,,,,,,,,,,,,,,,,,,,,,,,,,,,,,,,,,,,,,,,,,,,0
2019-06-01,1787,0,0,OGG FREDERIC AUSTIN,ENGLISH GOVT.& POLITICS-OGG FREDERIC AUSTIN,ENGLISH GOVT.& POLITICS,THE MACMILLAN NEW YORK,,,,1947,,372,,,,,,,,,,,,,,,,,,,,,,,,,,,,,,,,,,,,,,,,,,,,,,,,,,,,,0
2019-06-01,1791,0,0,NASH E.B.,LEADERS IN HOMOPATHIC THERACUTICS-NASH E.B.,LEADERS IN HOMOPATHIC THERACUTICS,B.JAIN PUBS NEW DELHI,,,,1992,,516,,,,,,,,,,,,,,,,,,,,,,,,,,,,,,,,,,,,,,,,,,,,,,,,,,,,,0
2019-06-01,1796,0,0,EBENSTEIN WILLIAM,GREAT POLITCAL THINKER : PLATO TO PRESENT-EBENSTEIN WILLIAM,GREAT POLITCAL THINKER : PLATO TO PRESENT,HOLL-RINEHART NEW YORK,,,,1960,,977,,,,,,,,,,,,,,,,,,,,,,,,,,,,,,,,,,,,,,,,,,,,,,,,,,,,,0
2019-06-01,1803,0,0,BARTHOLOMEN,MINI ATLAS-BARTHOLOMEN,MINI ATLAS,JOHN BARTHLOMAN EDINBAGH,,,,1975,,32,,,,,,,,,,,,,,,,,,,,,,,,,,,,,,,,,,,,,,,,,,,,,,,,,,,,,0
2019-06-01,1808,0,0,ORINT LONGMAN,HONOURED GUEST : AN ANTHOLOGY OF VERSES-ORINT LONGMAN,HONOURED GUEST : AN ANTHOLOGY OF VERSES,ORINT LONGMANN DELHI,,,,1975,,160,,,,,,,,,,,,,,,,,,,,,,,,,,,,,,,,,,,,,,,,,,,,,,,,,,,,,0
2019-06-01,1813,0,0,,HISTORY OF POLITICAL THEORY-,HISTORY OF POLITICAL THEORY,,,,,1961,,945,,,,,,,,,,,,,,,,,,,,,,,,,,,,,,,,,,,,,,,,,,,,,,,,,,,,,0
2019-06-01,1816,0,0,,PLATO AND ARISTOTLE-,PLATO AND ARISTOTLE,,,,,,,255,,,,,,,,,,,,,,,,,,,,,,,,,,,,,,,,,,,,,,,,,,,,,,,,,,,,,0
2019-06-01,1821,0,0,CORTER DEROTHY,MISTRESS OF THE AIR-CORTER DEROTHY,MISTRESS OF THE AIR,CHILDREN PRESS LANDON,,,,1959,,156,,,,,,,,,,,,,,,,,,,,,,,,,,,,,,,,,,,,,,,,,,,,,,,,,,,,,0
2019-06-01,1830,0,0,OXFORD UNIVERSITY PRESS,EXERCISES IN SPOKEN ENGLISH-OXFORD UNIVERSITY PRESS,EXERCISES IN SPOKEN ENGLISH,OXFORD UNIVERSITY PRESS,,,,2003,,96,,,,,,,,,,,,,,,,,,,,,,,,,,,,,,,,,,,,,,,,,,,,,,,,,,,,,0
2019-06-01,1835,0,0,SINGH YASHPAL,COLLEGE ESSAYS-SINGH YASHPAL,COLLEGE ESSAYS,PRAKASHAN KENDRA LUCKNOW,,,,1995,,460,,,,,,,,,,,,,,,,,,,,,,,,,,,,,,,,,,,,,,,,,,,,,,,,,,,,,0
2019-06-01,1838,0,0,DICKENS CHARLES,A TALES OF TWO CITIES-DICKENS CHARLES,A TALES OF TWO CITIES,TATA MCGROW HILLS NEW DELHI,,,,1990,,151,,,,,,,,,,,,,,,,,,,,,,,,,,,,,,,,,,,,,,,,,,,,,,,,,,,,,0
2019-06-01,1842,0,0,SAXENA SANJAY,FIRST COURSE IN COMPUTER'S-SAXENA SANJAY,FIRST COURSE IN COMPUTER'S,VIKASH PUBS.HOUSE,,,,2000,,160,,,,,,,,,,,,,,,,,,,,,,,,,,,,,,,,,,,,,,,,,,,,,,,,,,,,,0
2019-06-01,1847,0,0,BRANTE EMILY,WUTTERING HEIGHT-BRANTE EMILY,WUTTERING HEIGHT,VIKASH PUBS.HOUSE,,,,1996,,104,,,,,,,,,,,,,,,,,,,,,,,,,,,,,,,,,,,,,,,,,,,,,,,,,,,,,0
2019-06-01,1860,0,0,NARASIMHA RAO P.V.,THE INSIDER-NARASIMHA RAO P.V.,THE INSIDER,PENGUIN BOOKS,,,,1998,,767,,,,,,,,,,,,,,,,,,,,,,,,,,,,,,,,,,,,,,,,,,,,,,,,,,,,,0
2019-06-01,1863,0,0,MISHRA SURYA NARAYAN,LABOUR & INDUSTIAL LAW-MISHRA SURYA NARAYAN,LABOUR & INDUSTIAL LAW,CENTRAL LAW PUBLICATION ALLAHABAD,,,,2005,,960,,,,,,,,,,,,,,,,,,,,,,,,,,,,,,,,,,,,,,,,,,,,,,,,,,,,,0
2019-06-01,1868,0,0,THAKKER C.K.,CIVIL PROCEDURE-THAKKER C.K.,CIVIL PROCEDURE,EASTERN BOOK COM.,,,,2006,,575,,,,,,,,,,,,,,,,,,,,,,,,,,,,,,,,,,,,,,,,,,,,,,,,,,,,,0
2019-06-01,1871,0,0,SINGH MAHANDRA PRATAP,A MONOGRAPH AN THE PHIOSOPHY OF KANT-SINGH MAHANDRA PRATAP,A MONOGRAPH AN THE PHIOSOPHY OF KANT,NADISH PRAKASHAN,,,,1989,,184,,,,,,,,,,,,,,,,,,,,,,,,,,,,,,,,,,,,,,,,,,,,,,,,,,,,,0
2019-06-01,1876,0,0,CHASE EUGENE P,THE UNITED NATIONS IN ACTION-CHASE EUGENE P,THE UNITED NATIONS IN ACTION,MCGROW HILL NEW YORK,,,,1950,,466,,,,,,,,,,,,,,,,,,,,,,,,,,,,,,,,,,,,,,,,,,,,,,,,,,,,,0
2019-06-01,1882,0,0,STERLING RICHARD W,MACROPOLITICS : INTERNATIONAL RELATION IN GLOBAL SOCIETY-STERLING RICHARD W,MACROPOLITICS : INTERNATIONAL RELATION IN GLOBAL SOCIETY,ALFRED A KOPT NEW YORK,,,,1974,,648,,,,,,,,,,,,,,,,,,,,,,,,,,,,,,,,,,,,,,,,,,,,,,,,,,,,,0
2019-06-01,68,0,0,SWAMI RAMSUKHDAS,SHRI MADBHAGWAT GEETA-SWAMI RAMSUKHDAS,SHRI MADBHAGWAT GEETA,"GEETA PRESS,GORAKHPUR",,,,,,1165,,,,,,,,,,,,,,,,,,,,,,,,,,,,,,,,,,,,,,,,,,,,,,,,,,,,,0
2019-06-01,75,0,0,BHAGWATI PRASAD SINGH(EDITOR),BHARTIYA SANSKRITI MEIN SHRI KRISHNA-BHAGWATI PRASAD SINGH(EDITOR),BHARTIYA SANSKRITI MEIN SHRI KRISHNA,"SATSHASHTRA PRAKASHSN,MATHURA",,,,1987,,192,,,,,,,,,,,,,,,,,,,,,,,,,,,,,,,,,,,,,,,,,,,,,,,,,,,,,0
2019-06-01,98,0,0,KITYANIND JHA,KATHOP NISHAD-KITYANIND JHA,KATHOP NISHAD,"CHAURBAMBA KRISHNA DAS ACADEMY,VARANASI",,,,,,278,,,,,,,,,,,,,,,,,,,,,,,,,,,,,,,,,,,,,,,,,,,,,,,,,,,,,0
2019-06-01,108,0,0,"SHARMA,SHRI RAM","108 UPNISHAD (VRIKSHA KHAND)-SHARMA,SHRI RAM",108 UPNISHAD (VRIKSHA KHAND),"SANSKRITI SANSTHAN,BAREILY",,,,2008,,468,,,,,,,,,,,,,,,,,,,,,,,,,,,,,,,,,,,,,,,,,,,,,,,,,,,,,0
2019-06-01,120,0,0,SWAMI PRABHUPAAD,JANM AUR MRITYU SE PARE-SWAMI PRABHUPAAD,JANM AUR MRITYU SE PARE,"BHAKTI VEDANT BOOK TRUST,MUMBAI",,,,1977,,73,,,,,,,,,,,,,,,,,,,,,,,,,,,,,,,,,,,,,,,,,,,,,,,,,,,,,0
2019-06-01,131,0,0,"SHUKLA,GOPI KRISHNA","SAI GEETANJALI-SHUKLA,GOPI KRISHNA",SAI GEETANJALI,"SHRIMATI SAROJ SHUKLA,KANPUR",,,,2006,,51,,,,,,,,,,,,,,,,,,,,,,,,,,,,,,,,,,,,,,,,,,,,,,,,,,,,,0
2019-06-01,144,0,0,"GAUTAM,CHAMANLAL","HINDU DHARAM KI SHRESHTHAM UPASANA ONKAR-GAUTAM,CHAMANLAL",HINDU DHARAM KI SHRESHTHAM UPASANA ONKAR,"SANSKRITI SANSTHAN,BAREILY",,,,1987,,32,,,,,,,,,,,,,,,,,,,,,,,,,,,,,,,,,,,,,,,,,,,,,,,,,,,,,0
2019-06-01,205,0,0,"RENU,PHADISHWARNATH","MAIL AANCHAL-RENU,PHADISHWARNATH",MAIL AANCHAL,"RAJKAMAL,DELHI",,,,1997,,,,,,,,,,,,,,,,,,,,,,,,,,,,,,,,,,,,,,,,,,,,,,,,,,,,,,,0
2019-06-01,220,0,0,"DWIVEDI,HAJARI PRASAD","PUNARNAWA-DWIVEDI,HAJARI PRASAD",PUNARNAWA,"RAJKAMAL,DELHI",,,,1981,,290,,,,,,,,,,,,,,,,,,,,,,,,,,,,,,,,,,,,,,,,,,,,,,,,,,,,,0
2019-06-01,226,0,0,"SHUKLA,SHREELAL","RAG DARBARI-SHUKLA,SHREELAL",RAG DARBARI,"RAJKAMAL,DELHI",,,,1980,,383,,,,,,,,,,,,,,,,,,,,,,,,,,,,,,,,,,,,,,,,,,,,,,,,,,,,,0
2019-06-01,236,0,0,"BHANDARI,MANU","SWAMI-BHANDARI,MANU",SWAMI,"RADHA KRISHNA PRAKASHAN,NEW DELHI",,,,2013,,144,,,,,,,,,,,,,,,,,,,,,,,,,,,,,,,,,,,,,,,,,,,,,,,,,,,,,0
2019-06-01,243,0,0,"SAVANT,SHIVAJI","YUGANDHAR-SAVANT,SHIVAJI",YUGANDHAR,"BHARITYA GYANPEETH,NEW DELHI",,,,2008,,936,,,,,,,,,,,,,,,,,,,,,,,,,,,,,,,,,,,,,,,,,,,,,,,,,,,,,0
2019-06-01,250,0,0,"KANHAIYALAL,MUNSHI","BHAGWAN PARSHURAM-KANHAIYALAL,MUNSHI",BHAGWAN PARSHURAM,"RAJKAMAL,DELHI",,,,1989,,338,,,,,,,,,,,,,,,,,,,,,,,,,,,,,,,,,,,,,,,,,,,,,,,,,,,,,0
2019-06-01,258,0,0,"MUKHARJEE,VISHWANATH","SHARAT SAMAGRA -1 KHAND-MUKHARJEE,VISHWANATH",SHARAT SAMAGRA -1 KHAND,"HINDI PRACHARAK SANSTHAN,VARANASI",,,,,,638,,,,,,,,,,,,,,,,,,,,,,,,,,,,,,,,,,,,,,,,,,,,,,,,,,,,,0
2019-06-01,268,0,0,"DUBEY,RAMESHWAR DAYAL","LOK KATHA PAHELIYAN-DUBEY,RAMESHWAR DAYAL",LOK KATHA PAHELIYAN,HIND POCKET BOOKS,,,,1997,,130,,,,,,,,,,,,,,,,,,,,,,,,,,,,,,,,,,,,,,,,,,,,,,,,,,,,,0
2019-06-01,277,0,0,"MISHRA,PRATAP NARAYAN","MEWAD KI KATHAYEIN BHAG-2 -MISHRA,PRATAP NARAYAN",MEWAD KI KATHAYEIN BHAG-2,"LOKHIT PRAKASHAN,DELHI",,,,1998,,92,,,,,,,,,,,,,,,,,,,,,,,,,,,,,,,,,,,,,,,,,,,,,,,,,,,,,0
2019-06-01,291,0,0,"GUPTA,RAM KISHOR","GADHYANJALI-GUPTA,RAM KISHOR",GADHYANJALI,"SALINA PUBLSIHERS,NEW DELHI",,,,1992,,94,,,,,,,,,,,,,,,,,,,,,,,,,,,,,,,,,,,,,,,,,,,,,,,,,,,,,0
2019-06-01,300,0,0,"SAHNI,BHEESHMA","BASANTI-SAHNI,BHEESHMA",BASANTI,"RAJKAMAL,DELHI",,,,1982,,166,,,,,,,,,,,,,,,,,,,,,,,,,,,,,,,,,,,,,,,,,,,,,,,,,,,,,0
2019-06-01,306,0,0,PREMCHANDRA,MANSAROVER-4-PREMCHANDRA,MANSAROVER-4,DIMOND POCKET DELHI,,,,2001,,256,,,,,,,,,,,,,,,,,,,,,,,,,,,,,,,,,,,,,,,,,,,,,,,,,,,,,0
2019-06-01,321,0,0,GIRIRAJ SHARAN SAMPADAN,SAMPRADAYIK SAMBHAV KI KAHANIYA-GIRIRAJ SHARAN SAMPADAN,SAMPRADAYIK SAMBHAV KI KAHANIYA,"PRABHAT PRAKASHAN,DELHI",,,,1986,,193,,,,,,,,,,,,,,,,,,,,,,,,,,,,,,,,,,,,,,,,,,,,,,,,,,,,,0
2019-06-01,330,0,0,FADISHWERNATH,MERI PRIY KAHANIYA-FADISHWERNATH,MERI PRIY KAHANIYA,"RAJKAMAL,DELHI",,,,1991,,144,,,,,,,,,,,,,,,,,,,,,,,,,,,,,,,,,,,,,,,,,,,,,,,,,,,,,0
2019-06-01,392,0,0,MUNAUWER RANA,MAA-MUNAUWER RANA,MAA,VAANI PRAKASHAN DELHI,,,,2012,,84,,,,,,,,,,,,,,,,,,,,,,,,,,,,,,,,,,,,,,,,,,,,,,,,,,,,,0
2019-06-01,401,0,0,"CHAUHAN,UMESH SINGH","GANTH MEIN LO BANDH THODI CHANDNI-CHAUHAN,UMESH SINGH",GANTH MEIN LO BANDH THODI CHANDNI,SAHITYA PRAKASHAN DELHI,,,,2001,,115,,,,,,,,,,,,,,,,,,,,,,,,,,,,,,,,,,,,,,,,,,,,,,,,,,,,,0
2019-06-01,420,0,0,"GOPAL,R.S","EHSAAS-GOPAL,R.S",EHSAAS,R.S.GOPAL LUCKNOW,,,,2001,,58,,,,,,,,,,,,,,,,,,,,,,,,,,,,,,,,,,,,,,,,,,,,,,,,,,,,,0
2019-06-01,424,0,0,NEERJA LOKBHARTI,NEERJA-MAHADEVI VERMA-NEERJA LOKBHARTI,NEERJA-MAHADEVI VERMA,LOKBHARTI ALLAHABAD,,,,2010,,94,,,,,,,,,,,,,,,,,,,,,,,,,,,,,,,,,,,,,,,,,,,,,,,,,,,,,0
2019-06-01,449,0,0,"DEVENDRA,TYAGI (SAMPADAK)","KAVYA SURABHI-DEVENDRA,TYAGI (SAMPADAK)",KAVYA SURABHI,FRANK BROTHER DELHI,,,,2001,,114,,,,,,,,,,,,,,,,,,,,,,,,,,,,,,,,,,,,,,,,,,,,,,,,,,,,,0
2019-06-01,461,0,0,"RAAHI,ARVIND","DRISHTIAUR SRIHTI-RAAHI,ARVIND",DRISHTIAUR SRIHTI,DELHI SHIVAM PRAKASHAN,,,,2012,,107,,,,,,,,,,,,,,,,,,,,,,,,,,,,,,,,,,,,,,,,,,,,,,,,,,,,,0
2019-06-01,470,0,0,"GUPT,MATHILISHARAN","PANCHWATI-GUPT,MATHILISHARAN",PANCHWATI,SAHITYA SADAN JHANSHI,,,,,,48,,,,,,,,,,,,,,,,,,,,,,,,,,,,,,,,,,,,,,,,,,,,,,,,,,,,,0
2019-06-01,481,0,0,VEELA RANI,SANGARSH AVOM SWABHIMAAN KE PRATEEK -MAHARANA PRATAP-VEELA RANI,SANGARSH AVOM SWABHIMAAN KE PRATEEK -MAHARANA PRATAP,SAVLIME PUBLICATION JAIPUR,,,,2001,,188,,,,,,,,,,,,,,,,,,,,,,,,,,,,,,,,,,,,,,,,,,,,,,,,,,,,,0
2019-06-01,493,0,0,"MISHRA,NARENDRA","KAALJAYI,MEWAAD-MISHRA,NARENDRA","KAALJAYI,MEWAAD",RAJASTHANI GRANTHGAAR JODHPUR,,,,1996,,81,,,,,,,,,,,,,,,,,,,,,,,,,,,,,,,,,,,,,,,,,,,,,,,,,,,,,0
2019-06-01,561,0,0,FAIYAZ HUSAIN WARSI,WARIS KI DASTAN - DEVA MELA 2001-FAIYAZ HUSAIN WARSI,WARIS KI DASTAN - DEVA MELA 2001,DEWA SHARIF BARABANKI,,,,2001,,36,,,,,,,,,,,,,,,,,,,,,,,,,,,,,,,,,,,,,,,,,,,,,,,,,,,,,0
2019-06-01,570,0,0,"SARASWAT,MADHAVDEV","SARAS HINDI VYAKARAN-SARASWAT,MADHAVDEV",SARAS HINDI VYAKARAN,"SWARGREEN PUBLICATIONS,DELHI",,,,2002,,240,,,,,,,,,,,,,,,,,,,,,,,,,,,,,,,,,,,,,,,,,,,,,,,,,,,,,0
2019-06-01,594,0,0,POLICE TRAINING COLLEGE MURADABAD,ASHAV TATHA ASHAVSHALA KE PRABANDH-POLICE TRAINING COLLEGE MURADABAD,ASHAV TATHA ASHAVSHALA KE PRABANDH,POLICE TRAINNING COLLEGE MURADABAD,,,,,,58,,,,,,,,,,,,,,,,,,,,,,,,,,,,,,,,,,,,,,,,,,,,,,,,,,,,,0
2019-06-01,607,0,0,FADISHWERNATH RENU,THUMRI-FADISHWERNATH RENU,THUMRI,"RAJKAMAL,DELHI",,,,2009,,167,,,,,,,,,,,,,,,,,,,,,,,,,,,,,,,,,,,,,,,,,,,,,,,,,,,,,0
2019-06-01,614,0,0,"SINGH,RAMLAKHAN","DHUDWA KE BAAGO KA ANUVANSHIK PRADUSHAN-SINGH,RAMLAKHAN",DHUDWA KE BAAGO KA ANUVANSHIK PRADUSHAN,RAMLAKHAN SINGH,,,,2002,,160,,,,,,,,,,,,,,,,,,,,,,,,,,,,,,,,,,,,,,,,,,,,,,,,,,,,,0
2019-06-01,624,0,0,U.P.SHASHAN PRAKASHAN VIBHAG,DAND TATHA RAJASVA NYAYALAYA NIYAM SANGRAH-U.P.SHASHAN PRAKASHAN VIBHAG,DAND TATHA RAJASVA NYAYALAYA NIYAM SANGRAH,PRAKSHAN VIBHAG U.P.,,,,1984,,204,,,,,,,,,,,,,,,,,,,,,,,,,,,,,,,,,,,,,,,,,,,,,,,,,,,,,0
2019-06-01,637,0,0,"RAHMAN,KHALIQUR","OUT IF THE MIDDLE-RAHMAN,KHALIQUR",OUT IF THE MIDDLE,VAIBHAV PRAKASHAN RAIPUR,,,,,,110,,,,,,,,,,,,,,,,,,,,,,,,,,,,,,,,,,,,,,,,,,,,,,,,,,,,,0
2019-06-01,710,0,0,ROY ARUNDHATI,THE GOD OF SMALL THINGS-ROY ARUNDHATI,THE GOD OF SMALL THINGS,INDIA LINK NEW DELHI,,,,1997,,340,,,,,,,,,,,,,,,,,,,,,,,,,,,,,,,,,,,,,,,,,,,,,,,,,,,,,0
2019-06-01,726,0,0,MAJUMDAR R.C.,ANCIENT INDIA-MAJUMDAR R.C.,ANCIENT INDIA,MOTILAL BANARASIDAS BANARAS,,,,1952,,574,,,,,,,,,,,,,,,,,,,,,,,,,,,,,,,,,,,,,,,,,,,,,,,,,,,,,0
2019-06-01,737,0,0,BYRNE RHONDA,THE SECRET OF POWER-BYRNE RHONDA,THE SECRET OF POWER,SIMMENS AND SCHUSTER LONDAN,,,,2010,,250,,,,,,,,,,,,,,,,,,,,,,,,,,,,,,,,,,,,,,,,,,,,,,,,,,,,,0
2019-06-01,753,0,0,PARANJAPE SHAMMI,BLOSSOMS IN THE ETERNAL SPRING-PARANJAPE SHAMMI,BLOSSOMS IN THE ETERNAL SPRING,RUPA PUBLICATION NEW DELHI,,,,2004,,263,,,,,,,,,,,,,,,,,,,,,,,,,,,,,,,,,,,,,,,,,,,,,,,,,,,,,0
2019-06-01,766,0,0,ALBAN MITCH,TUESDAY WITH MORRIE-ALBAN MITCH,TUESDAY WITH MORRIE,ANCHOR BK CANADA,,,,2006,,192,,,,,,,,,,,,,,,,,,,,,,,,,,,,,,,,,,,,,,,,,,,,,,,,,,,,,0
2019-06-01,877,0,0,"THAROOR , SHASHI","THE ELEPHANT, THE TIGER AND THE CELLPHONE-THAROOR , SHASHI","THE ELEPHANT, THE TIGER AND THE CELLPHONE",PENGUIN BOOKS N.D.,,,,2007,,387,,,,,,,,,,,,,,,,,,,,,,,,,,,,,,,,,,,,,,,,,,,,,,,,,,,,,0
2019-06-01,893,0,0,KHUSHWANT SINGH,"SEX,SCOTCH AND SCHOLARSHIP-KHUSHWANT SINGH","SEX,SCOTCH AND SCHOLARSHIP",UBSPD N.D,,,,1993,,229,,,,,,,,,,,,,,,,,,,,,,,,,,,,,,,,,,,,,,,,,,,,,,,,,,,,,0
2019-06-01,909,0,0,KHUSHWANT SINGH,DELHI : A NOVEL-KHUSHWANT SINGH,DELHI : A NOVEL,PENGUIN BOOKS N.D.,,,,1990,,391,,,,,,,,,,,,,,,,,,,,,,,,,,,,,,,,,,,,,,,,,,,,,,,,,,,,,0
2019-06-01,918,0,0,SWAMI NIKHILANAD,VIVEKAND : A BIOGRAPHY-SWAMI NIKHILANAD,VIVEKAND : A BIOGRAPHY,ADVIATA ASHARAM CALCUTTA,,,,1964,,350,,,,,,,,,,,,,,,,,,,,,,,,,,,,,,,,,,,,,,,,,,,,,,,,,,,,,0
2019-06-01,1003,0,0,ORWELL GEORGE,1984-ORWELL GEORGE,1984,MAHAVEER PUBS NEW DELHI,,,,2012,,318,,,,,,,,,,,,,,,,,,,,,,,,,,,,,,,,,,,,,,,,,,,,,,,,,,,,,0
2019-06-01,1014,0,0,MALKRAJ ANAND,V.K.KRISHNAMENAN MARATHAN SPEECH ON KASHMIR-MALKRAJ ANAND,V.K.KRISHNAMENAN MARATHAN SPEECH ON KASHMIR,A.H.WHEELARS ALLAHABAD,,,,1992,,230,,,,,,,,,,,,,,,,,,,,,,,,,,,,,,,,,,,,,,,,,,,,,,,,,,,,,0
2019-06-01,1033,0,0,HEMINGWAY ERNEST,A FAREWELL TO ARMS-HEMINGWAY ERNEST,A FAREWELL TO ARMS,PENGUIN BOOKS N.D.,,,,1974,,255,,,,,,,,,,,,,,,,,,,,,,,,,,,,,,,,,,,,,,,,,,,,,,,,,,,,,0
2019-06-01,1049,0,0,LAKSHMIPATHI G,HA HA THEREPY-LAKSHMIPATHI G,HA HA THEREPY,NAMA PUB.COIMBATORE,,,,2000,,289,,,,,,,,,,,,,,,,,,,,,,,,,,,,,,,,,,,,,,,,,,,,,,,,,,,,,0
2019-06-01,1058,0,0,PRASAD BIMAL ED.,INDIA'S FOREIGN POLICY-PRASAD BIMAL ED.,INDIA'S FOREIGN POLICY,VIKAS PUB.HOUSE,,,,1979,,540,,,,,,,,,,,,,,,,,,,,,,,,,,,,,,,,,,,,,,,,,,,,,,,,,,,,,0
2019-06-01,1071,0,0,LANE POOLE STANLEY,MEDIAEVAL INDIA UNDER MOHAMMDAN RULES AD.712 -1764 VOL.II-LANE POOLE STANLEY,MEDIAEVAL INDIA UNDER MOHAMMDAN RULES AD.712 -1764 VOL.II,SUSIL GUPTA INDIA CULCATTA,,,,1951,,324,,,,,,,,,,,,,,,,,,,,,,,,,,,,,,,,,,,,,,,,,,,,,,,,,,,,,0
2019-06-01,1153,0,0,"KRISHNAMURTI,J.","EDUCATION & THE SIGNATURE OF LIFE-KRISHNAMURTI,J.",EDUCATION & THE SIGNATURE OF LIFE,B.I. PUBLICATIONS,,,,1978,,128,,,,,,,,,,,,,,,,,,,,,,,,,,,,,,,,,,,,,,,,,,,,,,,,,,,,,0
2019-06-01,1161,0,0,"ELLENBERG,JORDAN","HOW NOT BE WRONG : HIDDEN MATH IF EVERYDAY LIFE-ELLENBERG,JORDAN",HOW NOT BE WRONG : HIDDEN MATH IF EVERYDAY LIFE,PENGUIN BOOKS N.D.,,,,2014,,468,,,,,,,,,,,,,,,,,,,,,,,,,,,,,,,,,,,,,,,,,,,,,,,,,,,,,0
2019-06-01,1182,0,0,INDIA BIBLE LITERATIRE,THE CONCISE BIBLE-INDIA BIBLE LITERATIRE,THE CONCISE BIBLE,INDIA BIBLE LITARATIVE MATHURA,,,,1991,,260,,,,,,,,,,,,,,,,,,,,,,,,,,,,,,,,,,,,,,,,,,,,,,,,,,,,,0
2019-06-01,1193,0,0,SUBRAMANIYAM KAMALA,RAMAYANA-SUBRAMANIYAM KAMALA,RAMAYANA,BHARTIYA VIDHYA BHAWAN,,,,1998,,596,,,,,,,,,,,,,,,,,,,,,,,,,,,,,,,,,,,,,,,,,,,,,,,,,,,,,0
2019-06-01,1202,0,0,CUSSLER CLIVE,LOST EMPIRE-CUSSLER CLIVE,LOST EMPIRE,MICHAL JOSHPH PENGUIN BOOKS,,,,2010,,402,,,,,,,,,,,,,,,,,,,,,,,,,,,,,,,,,,,,,,,,,,,,,,,,,,,,,0
2019-06-01,1226,0,0,CUSSLER CLIVE,BLACK WIND-CUSSLER CLIVE,BLACK WIND,PENGUIN BOOKS N.D.,,,,2004,,677,,,,,,,,,,,,,,,,,,,,,,,,,,,,,,,,,,,,,,,,,,,,,,,,,,,,,0
2019-06-01,1296,0,0,WORDSWORTH CLASSICS,O HENRY : 100 SELECTED STORIES-WORDSWORTH CLASSICS,O HENRY : 100 SELECTED STORIES,WORDWORTH,,,,1995,,735,,,,,,,,,,,,,,,,,,,,,,,,,,,,,,,,,,,,,,,,,,,,,,,,,,,,,0
2019-06-01,1317,0,0,MCDERMOTT ANDY,THE EMPIRE OF GOLD-MCDERMOTT ANDY,THE EMPIRE OF GOLD,HEADLINE PUBS,,,,2011,,583,,,,,,,,,,,,,,,,,,,,,,,,,,,,,,,,,,,,,,,,,,,,,,,,,,,,,0
2019-06-01,1322,0,0,"FORSYTH , FREDERICK","THE FIST OF GOD-FORSYTH , FREDERICK",THE FIST OF GOD,CORGI BOOKS,,,,1994,,624,,,,,,,,,,,,,,,,,,,,,,,,,,,,,,,,,,,,,,,,,,,,,,,,,,,,,0
2019-06-01,1343,0,0,FOLLETT KEN,EDGE OF ELEVENTY-FOLLETT KEN,EDGE OF ELEVENTY,PENGUIN BOOKS N.D.,,,,2014,,1098,,,,,,,,,,,,,,,,,,,,,,,,,,,,,,,,,,,,,,,,,,,,,,,,,,,,,0
2019-06-01,1350,0,0,ALEXANDER EBER,PROOF OF HEAVEN-ALEXANDER EBER,PROOF OF HEAVEN,SIMAN AND SCHUSTER,,,,2012,,194,,,,,,,,,,,,,,,,,,,,,,,,,,,,,,,,,,,,,,,,,,,,,,,,,,,,,0
2019-06-01,1364,0,0,RUSKIN BOND,GATHERING OF FRIENDS MY FEVORITE STORIES-RUSKIN BOND,GATHERING OF FRIENDS MY FEVORITE STORIES,RUPA & CO.,,,,2015,,244,,,,,,,,,,,,,,,,,,,,,,,,,,,,,,,,,,,,,,,,,,,,,,,,,,,,,0
2019-06-01,1399,0,0,VARSHNEY R.L.,MURDER IN THE CATHEDRAL-VARSHNEY R.L.,MURDER IN THE CATHEDRAL,LAXMINARAYAN PUB AGRA,,,,,,221,,,,,,,,,,,,,,,,,,,,,,,,,,,,,,,,,,,,,,,,,,,,,,,,,,,,,0
2019-06-01,1472,0,0,KHAN ART MOHAMMAD,TEXT & CONTEXT : QURAN & CONTEMPORARY CHALLENGE-KHAN ART MOHAMMAD,TEXT & CONTEXT : QURAN & CONTEMPORARY CHALLENGE,RUPA & CO.,,,,2010,,306,,,,,,,,,,,,,,,,,,,,,,,,,,,,,,,,,,,,,,,,,,,,,,,,,,,,,0
2019-06-01,1484,0,0,HILTER ADOLF,MEIN KAMPF-HILTER ADOLF,MEIN KAMPF,WILCO BOOKS MUMBAI,,,,2011,,624,,,,,,,,,,,,,,,,,,,,,,,,,,,,,,,,,,,,,,,,,,,,,,,,,,,,,0
2019-06-01,1492,0,0,SOKSENA N.S.,COMMUNAL RIOTS IN INDIA-SOKSENA N.S.,COMMUNAL RIOTS IN INDIA,TRISUL PUBS,,,,1990,,221,,,,,,,,,,,,,,,,,,,,,,,,,,,,,,,,,,,,,,,,,,,,,,,,,,,,,0
2019-06-01,1508,0,0,FRIDAY NANCY,MY SECRET GARDEN-FRIDAY NANCY,MY SECRET GARDEN,POCKET BOOKS NEW YORK,,,,1974,,336,,,,,,,,,,,,,,,,,,,,,,,,,,,,,,,,,,,,,,,,,,,,,,,,,,,,,0
2019-06-01,1518,0,0,MCDOWELL G.L.,CRACKING THE CODEING INTERVIEW-MCDOWELL G.L.,CRACKING THE CODEING INTERVIEW,CAREER CUP.LLC POLO AUTO CA,,,,2008,,500,,,,,,,,,,,,,,,,,,,,,,,,,,,,,,,,,,,,,,,,,,,,,,,,,,,,,0
2019-06-01,1543,0,0,JAWAHARLAL NEHRU,INDIA'S FREEDOM-JAWAHARLAL NEHRU,INDIA'S FREEDOM,UNWIN BOOKS LANDON,,,,1965,,95,,,,,,,,,,,,,,,,,,,,,,,,,,,,,,,,,,,,,,,,,,,,,,,,,,,,,0
2019-06-01,1611,0,0,ACHEBE CHINUA,THINGS FALL APART-ACHEBE CHINUA,THINGS FALL APART,PENGUIN BOOKS N.D.,,,,2001,,151,,,,,,,,,,,,,,,,,,,,,,,,,,,,,,,,,,,,,,,,,,,,,,,,,,,,,0
2019-06-01,1627,0,0,DALRYMPLE WILLIAM,RETURN OF A KING : THE BATTLE FOR AFGHANISTAN-DALRYMPLE WILLIAM,RETURN OF A KING : THE BATTLE FOR AFGHANISTAN,BLOOMSBURY BOOKS,,,,2013,,567,,,,,,,,,,,,,,,,,,,,,,,,,,,,,,,,,,,,,,,,,,,,,,,,,,,,,0
2019-06-01,1638,0,0,AGNIHOTRI SHRUTI SMITA,SALT SUGAR & SPICES-AGNIHOTRI SHRUTI SMITA,SALT SUGAR & SPICES,WORDWORTH,,,,2013,,239,,,,,,,,,,,,,,,,,,,,,,,,,,,,,,,,,,,,,,,,,,,,,,,,,,,,,0
2019-06-01,1645,0,0,PARANJAPAY N.V,CRIMINOLOGY AND PENOLOGY-PARANJAPAY N.V,CRIMINOLOGY AND PENOLOGY,"CENTRAL LAW AGENCY,ALLAHABAD",,,,2006,,660,,,,,,,,,,,,,,,,,,,,,,,,,,,,,,,,,,,,,,,,,,,,,,,,,,,,,0
2019-06-01,1657,0,0,SINGH AVTAR,COMPANY LAW-SINGH AVTAR,COMPANY LAW,"EASTERN BOOK COMPANY,LUCKNOW",,,,1991,,592,,,,,,,,,,,,,,,,,,,,,,,,,,,,,,,,,,,,,,,,,,,,,,,,,,,,,0
2019-06-01,1677,0,0,SINGH YOGENDRA PRATAP (SAMP),RAM SAHITYA KOSH KHAND 1-SINGH YOGENDRA PRATAP (SAMP),RAM SAHITYA KOSH KHAND 1,RAJKAMAL PRAKASHAN,,,,2014,,394,,,,,,,,,,,,,,,,,,,,,,,,,,,,,,,,,,,,,,,,,,,,,,,,,,,,,0
2019-06-01,1746,0,0,RIBEIRO JULIA,BULLEL FOR BULLET : MY LIFE AS A POLICE OFFICER-RIBEIRO JULIA,BULLEL FOR BULLET : MY LIFE AS A POLICE OFFICER,PENGUIN BOOKS N.D.,,,,1998,,397,,,,,,,,,,,,,,,,,,,,,,,,,,,,,,,,,,,,,,,,,,,,,,,,,,,,,0
2019-06-01,1768,0,0,KAZMI ZAMEER HASSAN,GEMS OF URDU POETRY-KAZMI ZAMEER HASSAN,GEMS OF URDU POETRY,ALLAHABAD PUBS HOUSE,,,,1989,,119,,,,,,,,,,,,,,,,,,,,,,,,,,,,,,,,,,,,,,,,,,,,,,,,,,,,,0
2019-06-01,1785,0,0,STAUSS LEO,THE POLITICAL PHILOSOPHY OF HOBBIES-STAUSS LEO,THE POLITICAL PHILOSOPHY OF HOBBIES,UNI OF CHICAGO,,,,1936,,172,,,,,,,,,,,,,,,,,,,,,,,,,,,,,,,,,,,,,,,,,,,,,,,,,,,,,0
2019-06-01,1804,0,0,T.T.MAPS & PUBLICATION LTD,T.T.MAP'S ROAD ATLAS OF INDIA-T.T.MAPS & PUBLICATION LTD,T.T.MAP'S ROAD ATLAS OF INDIA,T.T.MAP'S PUBS MADRAS,,,,1991,,64,,,,,,,,,,,,,,,,,,,,,,,,,,,,,,,,,,,,,,,,,,,,,,,,,,,,,0
2019-06-01,1879,0,0,RIENOW ROBERTS,CONTEMPORARY INTERNATIONAL POLITICS-RIENOW ROBERTS,CONTEMPORARY INTERNATIONAL POLITICS,THOMAS CROWELL CO.ALLAHABAD,,,,1961,,431,,,,,,,,,,,,,,,,,,,,,,,,,,,,,,,,,,,,,,,,,,,,,,,,,,,,,0
2019-06-01,7,0,0,SWAMI ADGADANAND,SHRI MADBHAGWATGEETA- YATHARTHAGEETA-SWAMI ADGADANAND,SHRI MADBHAGWATGEETA- YATHARTHAGEETA,SHRI PARAMHANS SWAMI ADGADANAND SHRI ASHRAM TRUST,,,,1994,,388,,,,,,,,,,,,,,,,,,,,,,,,,,,,,,,,,,,,,,,,,,,,,,,,,,,,,0
2019-06-01,25,0,0,"GEETA PRESS,GORAKHPUR","SHRI MADBHAGWATGEETA-GEETA PRESS,GORAKHPUR",SHRI MADBHAGWATGEETA,"GEETA PRESS,GORAKHPUR",,,,,,421,,,,,,,,,,,,,,,,,,,,,,,,,,,,,,,,,,,,,,,,,,,,,,,,,,,,,0
2019-06-01,31,0,0,SHRI RAMCHANDRA MISSION,SAHAJ MARG SAADHNA KE MOOL TATVA-SHRI RAMCHANDRA MISSION,SAHAJ MARG SAADHNA KE MOOL TATVA,"SHRI RAMCHANDRA MISSION,SHAJAHANPUR",,,,,,30,,,,,,,,,,,,,,,,,,,,,,,,,,,,,,,,,,,,,,,,,,,,,,,,,,,,,0
2019-06-01,42,0,0,SHRI RAM SHARMA,HAMARI VASIYAT AUR VIRASAT-SHRI RAM SHARMA,HAMARI VASIYAT AUR VIRASAT,"YUG NIRMAN YOJNA,MATHURA",,,,2008,,168,,,,,,,,,,,,,,,,,,,,,,,,,,,,,,,,,,,,,,,,,,,,,,,,,,,,,0
2019-06-01,48,0,0,YOG ANUSANDHAN SANSTHAN,YOGAMRATAM-YOG ANUSANDHAN SANSTHAN,YOGAMRATAM,"YOG ANUSANDHAN SANSTHAN,LUCKNOW",,,,,,132,,,,,,,,,,,,,,,,,,,,,,,,,,,,,,,,,,,,,,,,,,,,,,,,,,,,,0
2019-06-01,56,0,0,SWAMI PRABHUPAAD,SHRI KRISHNA -SWAMI PRABHUPAAD,SHRI KRISHNA,"MUKTI VEDANT BOOK TRUST,MUMBAI",,,,1982,,876,,,,,,,,,,,,,,,,,,,,,,,,,,,,,,,,,,,,,,,,,,,,,,,,,,,,,0
2019-06-01,63,0,0,"PANDEY,RAJA BALI","HINDU-DHARM KOSH-PANDEY,RAJA BALI",HINDU-DHARM KOSH,"UTTER PRADESH HINDI SANSTHAN,LUCKNOW",,,,1978,,706,,,,,,,,,,,,,,,,,,,,,,,,,,,,,,,,,,,,,,,,,,,,,,,,,,,,,0
2019-06-01,74,0,0,AYODHYA SHODH SANSTHAN,RAM KATHA - DAKSHIN BHARAT-AYODHYA SHODH SANSTHAN,RAM KATHA - DAKSHIN BHARAT,"AYODHYA SHODH SANSTHAN,AYODHYA",,,,2015,,62,,,,,,,,,,,,,,,,,,,,,,,,,,,,,,,,,,,,,,,,,,,,,,,,,,,,,0
2019-06-01,82,0,0,"DINKAR,RAMDHARI SINGH","KURUKSHETRA-DINKAR,RAMDHARI SINGH",KURUKSHETRA,"RAJPAL AND SONS ,NEW DELHI",,,,1996,,118,,,,,,,,,,,,,,,,,,,,,,,,,,,,,,,,,,,,,,,,,,,,,,,,,,,,,0
2019-06-01,89,0,0,AKHANDANAND SARASWATI,BHAGWAN KE CHAR AVTAR-AKHANDANAND SARASWATI,BHAGWAN KE CHAR AVTAR,"SWAMI SHRI AKHANDANAND SARASWATI SEVA SANSTHAN,VARANASI",,,,1991,,175,,,,,,,,,,,,,,,,,,,,,,,,,,,,,,,,,,,,,,,,,,,,,,,,,,,,,0
2019-06-01,106,0,0,"SHARMA,SHRI RAM","SAAMVEDA-SHARMA,SHRI RAM",SAAMVEDA,"SANSKRITI SANSTHAN,BAREILY",,,,2006,,304,,,,,,,,,,,,,,,,,,,,,,,,,,,,,,,,,,,,,,,,,,,,,,,,,,,,,0
2019-06-01,113,0,0,RAM KRISHNA INSTITUTE,MAI MAA HOON-SABKI MAA-RAM KRISHNA INSTITUTE,MAI MAA HOON-SABKI MAA,"RAM KRISHNA INSTITUTE,KOLKATA",,,,2004,,96,,,,,,,,,,,,,,,,,,,,,,,,,,,,,,,,,,,,,,,,,,,,,,,,,,,,,0
2019-06-01,125,0,0,YOGDA SATSANG SOCIETY,JAHAN HAI PRAKASH-YOGDA SATSANG SOCIETY,JAHAN HAI PRAKASH,"YOGDANAND SOCIETY,KOLKATA",,,,2016,,270,,,,,,,,,,,,,,,,,,,,,,,,,,,,,,,,,,,,,,,,,,,,,,,,,,,,,0
2019-06-01,134,0,0,SHIVANAND MATH,BHAKTI YUG-SHIVANAND MATH,BHAKTI YUG,"SHIVANAND MATH,MUNGER",,,,2007,,21,,,,,,,,,,,,,,,,,,,,,,,,,,,,,,,,,,,,,,,,,,,,,,,,,,,,,0
2019-06-01,137,0,0,"SHUKLA,GOPI KRISHNA","SAI DARSHAN-SHUKLA,GOPI KRISHNA",SAI DARSHAN,"SHRIMATI SAROJ SHUKLA,KANPUR",,,,2000,,56,,,,,,,,,,,,,,,,,,,,,,,,,,,,,,,,,,,,,,,,,,,,,,,,,,,,,0
2019-06-01,147,0,0,ADGADANAND JI,SHRI DURGAASHTAMI VRIT EVAM PUJAN VIDHI-ADGADANAND JI,SHRI DURGAASHTAMI VRIT EVAM PUJAN VIDHI,"ADGADANAND ASHRAM TRUST,MUMBAI",,,,,,,,,,,,,,,,,,,,,,,,,,,,,,,,,,,,,,,,,,,,,,,,,,,,,,,,,,,0
2019-06-01,154,0,0,"JOSHI,YOGENDRA","DWADASH JYOTIRLING-JOSHI,YOGENDRA",DWADASH JYOTIRLING,YOGENDRA DOSHI JOONAGARH,,,,,,32,,,,,,,,,,,,,,,,,,,,,,,,,,,,,,,,,,,,,,,,,,,,,,,,,,,,,0
2019-06-01,164,0,0,SWAMI PRABHUPAAD,KRISHNABHAVNAMRIT KI PRAPTI-SWAMI PRABHUPAAD,KRISHNABHAVNAMRIT KI PRAPTI,"BHAKTI VEDANT BOOK TRUST,MUMBAI",,,,1983,,106,,,,,,,,,,,,,,,,,,,,,,,,,,,,,,,,,,,,,,,,,,,,,,,,,,,,,0
2019-06-01,172,0,0,RAMKRISHNA MISSION,MOHAMMAD PAIGAMBAR KI VAANI-RAMKRISHNA MISSION,MOHAMMAD PAIGAMBAR KI VAANI,"RAMKRISHNA MATH,NAGPUR",,,,2004,,62,,,,,,,,,,,,,,,,,,,,,,,,,,,,,,,,,,,,,,,,,,,,,,,,,,,,,0
2019-06-01,180,0,0,PREMCHANDRA,KARAMBHOOMI-PREMCHANDRA,KARAMBHOOMI,HANS PRAKASHAN,,,,1994,,332,,,,,,,,,,,,,,,,,,,,,,,,,,,,,,,,,,,,,,,,,,,,,,,,,,,,,0
2019-06-01,193,0,0,"CHATPADHYAY,SHARAT CHANDRA","BAIKUNTH KA VASIYATNAMA-CHATPADHYAY,SHARAT CHANDRA",BAIKUNTH KA VASIYATNAMA,"DIAMOND POCKET BOOKS,DELHI",,,,,,151,,,,,,,,,,,,,,,,,,,,,,,,,,,,,,,,,,,,,,,,,,,,,,,,,,,,,0
2019-06-01,204,0,0,"RENU,PHADISHWARNATH","PARTI PARIKATHA-RENU,PHADISHWARNATH",PARTI PARIKATHA,"RAJKAMAL,DELHI",,,,2007,,358,,,,,,,,,,,,,,,,,,,,,,,,,,,,,,,,,,,,,,,,,,,,,,,,,,,,,0
2019-06-01,213,0,0,"BHARTI,DHARAMVEER","GUNAHO KA DEVTA-BHARTI,DHARAMVEER",GUNAHO KA DEVTA,"BHARTIYA GYANPEETH,NEW DELHI",,,,2005,,219,,,,,,,,,,,,,,,,,,,,,,,,,,,,,,,,,,,,,,,,,,,,,,,,,,,,,0
2019-06-01,223,0,0,"RAI,VIVEKI","SONA MAATI-RAI,VIVEKI",SONA MAATI,"PRABHAT PRAKASHAN,DELHI",,,,2008,,464,,,,,,,,,,,,,,,,,,,,,,,,,,,,,,,,,,,,,,,,,,,,,,,,,,,,,0
2019-06-01,234,0,0,"CHATURVEDI,CHITRA","MAHABHARTI-CHATURVEDI,CHITRA",MAHABHARTI,"BHARTIYA GYANPEETH,NEW DELHI",,,,2007,,297,,,,,,,,,,,,,,,,,,,,,,,,,,,,,,,,,,,,,,,,,,,,,,,,,,,,,0
2019-06-01,247,0,0,"BANDOPADHYAY,SATAT KUMAR","DHADHICHI-BANDOPADHYAY,SATAT KUMAR",DHADHICHI,"ABHINAV PRAKASHAN,MATHURA",,,,1972,,97,,,,,,,,,,,,,,,,,,,,,,,,,,,,,,,,,,,,,,,,,,,,,,,,,,,,,0
2019-06-01,260,0,0,"MUKHARJEE,VISHWANATH","SHARAT SAMAGRA -3 KHAND-MUKHARJEE,VISHWANATH",SHARAT SAMAGRA -3 KHAND,"HINDI PRACHARAK SANSTHAN,VARANASI",,,,,,659,,,,,,,,,,,,,,,,,,,,,,,,,,,,,,,,,,,,,,,,,,,,,,,,,,,,,0
2019-06-01,273,0,0,"MANTO,SAHADAT HASAN","MEENA BAZAR-MANTO,SAHADAT HASAN",MEENA BAZAR,"RAJKAMAL,DELHI",,,,1994,,123,,,,,,,,,,,,,,,,,,,,,,,,,,,,,,,,,,,,,,,,,,,,,,,,,,,,,0
2019-06-01,279,0,0,SUDARSHAN SINGH,SANSKRITIK KAHANIYAN BHAG-8-SUDARSHAN SINGH,SANSKRITIK KAHANIYAN BHAG-8,"SHRI KRISHNA JANM SEVA SANSTHAN SEVA SANGH,MATHURA",,,,1978,,143,,,,,,,,,,,,,,,,,,,,,,,,,,,,,,,,,,,,,,,,,,,,,,,,,,,,,0
2019-06-01,308,0,0,PREMCHANDRA,MANSAROVER-8-PREMCHANDRA,MANSAROVER-8,DIMOND POCKET DELHI,,,,2001,,260,,,,,,,,,,,,,,,,,,,,,,,,,,,,,,,,,,,,,,,,,,,,,,,,,,,,,0
2019-06-01,320,0,0,SIVANI,CHIRSWAMWARA-SIVANI,CHIRSWAMWARA,"RADHA KRISHNA PRAKASHAN,NEW DELHI",,,,2007,,131,,,,,,,,,,,,,,,,,,,,,,,,,,,,,,,,,,,,,,,,,,,,,,,,,,,,,0
2019-06-01,334,0,0,SHREYA PUBLICATION,RAVINDRA NATH TAIGOR KI SHARWOSHRETH KAHANIYAAN-SHREYA PUBLICATION,RAVINDRA NATH TAIGOR KI SHARWOSHRETH KAHANIYAAN,SHREYA PUBLICATION DELHI,,,,2007,,160,,,,,,,,,,,,,,,,,,,,,,,,,,,,,,,,,,,,,,,,,,,,,,,,,,,,,0
2019-06-01,342,0,0,KANHAIYALAL MANIKLAL,LOOMHARSHINI-KANHAIYALAL MANIKLAL,LOOMHARSHINI,"RAJKAMAL,DELHI",,,,1997,,258,,,,,,,,,,,,,,,,,,,,,,,,,,,,,,,,,,,,,,,,,,,,,,,,,,,,,0
2019-06-01,352,0,0,"GEETA PRESS,","KALYAAN JULY 2007-GEETA PRESS,",KALYAAN JULY 2007,"GEETA PRESS,GORAKHPUR",,,,2000,,52,,,,,,,,,,,,,,,,,,,,,,,,,,,,,,,,,,,,,,,,,,,,,,,,,,,,,0
2019-06-01,357,0,0,SUCHNA PRASHARAN MANTRALAYA BHARAT SARKAR,GYAN SAROVER BHAAG-2-SUCHNA PRASHARAN MANTRALAYA BHARAT SARKAR,GYAN SAROVER BHAAG-2,SUCHNA PRASARAN MANTRALAYA BHARAT SARKAR,,,,1958,,344,,,,,,,,,,,,,,,,,,,,,,,,,,,,,,,,,,,,,,,,,,,,,,,,,,,,,0
2019-06-01,370,0,0,"PATEL MOHANBHAI,S","CHATPATI KAHANIYAAN-PATEL MOHANBHAI,S",CHATPATI KAHANIYAAN,NAVNEET PUBLICATION AHMADABAD,,,,1999,,31,,,,,,,,,,,,,,,,,,,,,,,,,,,,,,,,,,,,,,,,,,,,,,,,,,,,,0
2019-06-01,382,0,0,"THAKUR,RAVINDRANATH","DRASTIDAAN-THAKUR,RAVINDRANATH",DRASTIDAAN,HIND POCKET DELHI,,,,1987,,144,,,,,,,,,,,,,,,,,,,,,,,,,,,,,,,,,,,,,,,,,,,,,,,,,,,,,0
2019-06-01,387,0,0,DUSHYANT KUMAR,SAAYE MEIN DHOOP GAJAL-DUSHYANT KUMAR,SAAYE MEIN DHOOP GAJAL,RADHA KRISHNA PRAKASHAN DELHI,,,,2016,,64,,,,,,,,,,,,,,,,,,,,,,,,,,,,,,,,,,,,,,,,,,,,,,,,,,,,,0
2019-06-01,397,0,0,MANMOHAN,DAKSHIDESHWER GAATHA MAHAKAVYA-MANMOHAN,DAKSHIDESHWER GAATHA MAHAKAVYA,MANMOHAN LUCKNOW,,,,2005,,263,,,,,,,,,,,,,,,,,,,,,,,,,,,,,,,,,,,,,,,,,,,,,,,,,,,,,0
2019-06-01,408,0,0,HIND POCKET BOOKS,MADHUSHALA BACCHAN-HIND POCKET BOOKS,MADHUSHALA BACCHAN,HIND POCKET DELHI,,,,2008,,145,,,,,,,,,,,,,,,,,,,,,,,,,,,,,,,,,,,,,,,,,,,,,,,,,,,,,0
2019-06-01,413,0,0,"PANDEY,RAMJI (SAMPADAK)","MAHADEVI PRATINIDHI KAVITAE-PANDEY,RAMJI (SAMPADAK)",MAHADEVI PRATINIDHI KAVITAE,GYANPEETH PRAKASHAN DELHI,,,,1989,,215,,,,,,,,,,,,,,,,,,,,,,,,,,,,,,,,,,,,,,,,,,,,,,,,,,,,,0
2019-06-01,428,0,0,SHAMSI RASHID SAMPADAK,PHIR WAHI YAAD-SHAMSI RASHID SAMPADAK,PHIR WAHI YAAD,HINDI SAHITYA NIKETAN BIJNOR,,,,1994,,144,,,,,,,,,,,,,,,,,,,,,,,,,,,,,,,,,,,,,,,,,,,,,,,,,,,,,0
2019-06-01,454,0,0,"KOTHIYA,HARIMOHAN SINGH","DHARA KE BOL-KOTHIYA,HARIMOHAN SINGH",DHARA KE BOL,LALIT MOHAN KOTHIYA AGRA,,,,1996,,96,,,,,,,,,,,,,,,,,,,,,,,,,,,,,,,,,,,,,,,,,,,,,,,,,,,,,0
2019-06-01,465,0,0,SUBHAS NIRAV,YANKCHIT-SUBHAS NIRAV,YANKCHIT,SANYUKT PRAKASHAN DELHI,,,,1979,,48,,,,,,,,,,,,,,,,,,,,,,,,,,,,,,,,,,,,,,,,,,,,,,,,,,,,,0
2019-06-01,468,0,0,ANAND KUMAR,ANGRAAJ-ANAND KUMAR,ANGRAAJ,HINDI MANDIR SULTANPUR,,,,1981,,324,,,,,,,,,,,,,,,,,,,,,,,,,,,,,,,,,,,,,,,,,,,,,,,,,,,,,0
2019-06-01,476,0,0,DWEVEDI HAZARIPRASAD (SAMPADAK),BAADBHATT KI ATMAKATHA-DWEVEDI HAZARIPRASAD (SAMPADAK),BAADBHATT KI ATMAKATHA,RAJKAMAL PRAKASHAN DELHI,,,,1979,,294,,,,,,,,,,,,,,,,,,,,,,,,,,,,,,,,,,,,,,,,,,,,,,,,,,,,,0
2019-06-01,487,0,0,"VIKRAM JI,MATHURADAS (SMPADAK)","SANCHIPT KATHA-GANDHI JI-VIKRAM JI,MATHURADAS (SMPADAK)",SANCHIPT KATHA-GANDHI JI,NAVJIWAN PRAKASHAN AHMADABAD,,,,1962,,192,,,,,,,,,,,,,,,,,,,,,,,,,,,,,,,,,,,,,,,,,,,,,,,,,,,,,0
2019-06-01,498,0,0,"UPADHAYAY,RAMNARAYAN","MUSHKURATI FILEE-UPADHAYAY,RAMNARAYAN",MUSHKURATI FILEE,PRATIBHA PRATISTHAN NEW DELHI,,,,,,223,,,,,,,,,,,,,,,,,,,,,,,,,,,,,,,,,,,,,,,,,,,,,,,,,,,,,0
2019-06-01,508,0,0,"GUPT,HARIHAR PRASAD","SUDAMA-GUPT,HARIHAR PRASAD",SUDAMA,BHASHA SAHITYA ALLAHABAD,,,,1987,,98,,,,,,,,,,,,,,,,,,,,,,,,,,,,,,,,,,,,,,,,,,,,,,,,,,,,,0
2019-06-01,517,0,0,,BHARITYE BHAWAN NIRMAN YOJNA-,BHARITYE BHAWAN NIRMAN YOJNA,MITHUN PRAKASHAN KANPUR,,,,1996,,144,,,,,,,,,,,,,,,,,,,,,,,,,,,,,,,,,,,,,,,,,,,,,,,,,,,,,0
2019-06-01,522,0,0,LOK SEVA PUBLICATION,KASHI TREDIKA 2002-LOK SEVA PUBLICATION,KASHI TREDIKA 2002,LOK SEVA PUBLICATION VARANASI,,,,2002,,156,,,,,,,,,,,,,,,,,,,,,,,,,,,,,,,,,,,,,,,,,,,,,,,,,,,,,0
2019-06-01,531,0,0,"ASTHANA,PRATIBHA","BHARITYE ASMITA KE SHIKHAR-ASTHANA,PRATIBHA",BHARITYE ASMITA KE SHIKHAR,PRATIBHA PRAKASHAN AGRA,,,,1998,,184,,,,,,,,,,,,,,,,,,,,,,,,,,,,,,,,,,,,,,,,,,,,,,,,,,,,,0
2019-06-01,539,0,0,"SHARMA,RAMNARAYAN","AROGYA PRAKASH-SHARMA,RAMNARAYAN",AROGYA PRAKASH,"JANVANI PRESS,KOLKATA",,,,1951,,394,,,,,,,,,,,,,,,,,,,,,,,,,,,,,,,,,,,,,,,,,,,,,,,,,,,,,0
2019-06-01,549,0,0,AYODHYA SHODH SANSTHAN,AYODHYA-EK SANSKRITIK VIRASAT-SAKSHI SHODH PATRIKA ANK 36-AYODHYA SHODH SANSTHAN,AYODHYA-EK SANSKRITIK VIRASAT-SAKSHI SHODH PATRIKA ANK 36,VANI PRAKASHAN,,,,,,127,,,,,,,,,,,,,,,,,,,,,,,,,,,,,,,,,,,,,,,,,,,,,,,,,,,,,0
2019-06-01,579,0,0,"SINGH,YASHPAL","UTTER PRADESH-SINGH,YASHPAL",UTTER PRADESH,"SUNEETA PRAKASHAN,LUCKNOW",,,,,,54,,,,,,,,,,,,,,,,,,,,,,,,,,,,,,,,,,,,,,,,,,,,,,,,,,,,,0
2019-06-01,590,0,0,"PATHAK,USHA KANAK","YAAGSENI-PATHAK,USHA KANAK",YAAGSENI,PUSTAK PATH DELHI,,,,2018,,94,,,,,,,,,,,,,,,,,,,,,,,,,,,,,,,,,,,,,,,,,,,,,,,,,,,,,0
2019-06-01,603,0,0,"DUBEY,ASHOK KUMAR","PRENNA-DUBEY,ASHOK KUMAR",PRENNA,NIKHIL PUBLISHERS AGRA,,,,2016,,272,,,,,,,,,,,,,,,,,,,,,,,,,,,,,,,,,,,,,,,,,,,,,,,,,,,,,0
2019-06-01,612,0,0,GEETA PRESS,ISHAWASWOPNISHAD-GEETA PRESS,ISHAWASWOPNISHAD,"GEETA PRESS,GORAKHPUR",,,,,,46,,,,,,,,,,,,,,,,,,,,,,,,,,,,,,,,,,,,,,,,,,,,,,,,,,,,,0
2019-06-01,625,0,0,HARISH KUMAR,KUMBH POLICE AUR POTLIWALA-HARISH KUMAR,KUMBH POLICE AUR POTLIWALA,KISHOR VIDHYA NIKETAN VARANASI,,,,2014,,348,,,,,,,,,,,,,,,,,,,,,,,,,,,,,,,,,,,,,,,,,,,,,,,,,,,,,0
2019-06-01,641,0,0,"LEWIS,M.M.","LANGUAGE IN SOCIETY-LEWIS,M.M.",LANGUAGE IN SOCIETY,THOMAS NELSON AND SONS NEW YORK,,,,1947,,249,,,,,,,,,,,,,,,,,,,,,,,,,,,,,,,,,,,,,,,,,,,,,,,,,,,,,0
2019-06-01,652,0,0,"TAYLOR,PJO","RANI OF JHANSI-TAYLOR,PJO",RANI OF JHANSI,HARPER COLLINS INDIA,,,,,,63,,,,,,,,,,,,,,,,,,,,,,,,,,,,,,,,,,,,,,,,,,,,,,,,,,,,,0
2019-06-01,664,0,0,"THATHARIA,NAND KISHOR","BHARTIY BHAWAN NIRMAN YOJNA-THATHARIA,NAND KISHOR",BHARTIY BHAWAN NIRMAN YOJNA,MITHUN PRAKASHAN KANPUR,,,,1996,,128,,,,,,,,,,,,,,,,,,,,,,,,,,,,,,,,,,,,,,,,,,,,,,,,,,,,,0
2019-06-01,684,0,0,"DASTUR ,R.H.","ARE YOU KILLING YOURSELF MR.EXECLUSIVE-DASTUR ,R.H.",ARE YOU KILLING YOURSELF MR.EXECLUSIVE,IBH PUBLISHING BOMBAY,,,,1982,,286,,,,,,,,,,,,,,,,,,,,,,,,,,,,,,,,,,,,,,,,,,,,,,,,,,,,,0
2019-06-01,695,0,0,GITTELSON BERNORD,INTANQIBLE EVIDENCE-GITTELSON BERNORD,INTANQIBLE EVIDENCE,SIMON AND SCHUSTER NEW YORK,,,,1987,,615,,,,,,,,,,,,,,,,,,,,,,,,,,,,,,,,,,,,,,,,,,,,,,,,,,,,,0
2019-06-01,705,0,0,GUPTA.R.S. ED.,STORIES FROM EAST AND WEST-GUPTA.R.S. ED.,STORIES FROM EAST AND WEST,FRANK BROTHER NEW DELHI,,,,1998,,141,,,,,,,,,,,,,,,,,,,,,,,,,,,,,,,,,,,,,,,,,,,,,,,,,,,,,0
2019-06-01,721,0,0,"THAPER,RAMILA","HISTORY AND BEYOND-THAPER,RAMILA",HISTORY AND BEYOND,OXFORD UNIVERSITY PRESS,,,,1996,,189,,,,,,,,,,,,,,,,,,,,,,,,,,,,,,,,,,,,,,,,,,,,,,,,,,,,,0
2019-06-01,731,0,0,"TAYLOR,MESDOWS","CONFESSION OF A THUG-TAYLOR,MESDOWS",CONFESSION OF A THUG,RUPA PUBLICATION NEW DELHI,,,,2000,,547,,,,,,,,,,,,,,,,,,,,,,,,,,,,,,,,,,,,,,,,,,,,,,,,,,,,,0
2019-06-01,742,0,0,"KIPLING ,RUDYORD","THE JUNGLE BOOS-KIPLING ,RUDYORD",THE JUNGLE BOOS,WORDSWORTH EDITION,,,,1993,,189,,,,,,,,,,,,,,,,,,,,,,,,,,,,,,,,,,,,,,,,,,,,,,,,,,,,,0
2019-06-01,746,0,0,WORDSWORTH EDITION,THE ART OF WAR -SUN TZU-WORDSWORTH EDITION,THE ART OF WAR -SUN TZU,WORDSWORTH EDITION,,,,1998,,243,,,,,,,,,,,,,,,,,,,,,,,,,,,,,,,,,,,,,,,,,,,,,,,,,,,,,0
2019-06-01,758,0,0,"GALSWORTHY,JOHN","IN CHANCARY-GALSWORTHY,JOHN",IN CHANCARY,PENGUIN BOOKS N.D.,,,,1967,,320,,,,,,,,,,,,,,,,,,,,,,,,,,,,,,,,,,,,,,,,,,,,,,,,,,,,,0
2019-06-01,767,0,0,"BANKAV,ASHOK K.","SLAYER OF KAMSA-BANKAV,ASHOK K.",SLAYER OF KAMSA,HARPER COLLINS INDIA,,,,2010,,330,,,,,,,,,,,,,,,,,,,,,,,,,,,,,,,,,,,,,,,,,,,,,,,,,,,,,0
2019-06-01,771,0,0,KRISHNA B,INDIA'S IRON MAN PATEL-KRISHNA B,INDIA'S IRON MAN PATEL,HARPER COLLINS INDIA,,,,1995,,567,,,,,,,,,,,,,,,,,,,,,,,,,,,,,,,,,,,,,,,,,,,,,,,,,,,,,0
2019-06-01,783,0,0,"BLYTON,ENID","THE MAGIC CLOCK AND OTHER STORIES-BLYTON,ENID",THE MAGIC CLOCK AND OTHER STORIES,AWADH PUB.LONDAN,,,,1993,,191,,,,,,,,,,,,,,,,,,,,,,,,,,,,,,,,,,,,,,,,,,,,,,,,,,,,,0
2019-06-01,796,0,0,"BLYTON,ENID","FIVE AN FINNESTON FARM-BLYTON,ENID",FIVE AN FINNESTON FARM,HODDAR R. STOUGHTAN G.BRITAIN,,,,1995,,140,,,,,,,,,,,,,,,,,,,,,,,,,,,,,,,,,,,,,,,,,,,,,,,,,,,,,0
2019-06-01,803,0,0,"BLYTON,ENID","SECRET SEVEN WIN THROUGH-BLYTON,ENID",SECRET SEVEN WIN THROUGH,AWARD PUBLICATION LTD LONDAN,,,,1995,,127,,,,,,,,,,,,,,,,,,,,,,,,,,,,,,,,,,,,,,,,,,,,,,,,,,,,,0
2019-06-01,814,0,0,"BLYTON,ENID","TENTH BED TIME BOOK-BLYTON,ENID",TENTH BED TIME BOOK,ARMADA WARPER COLLINS,,,,1989,,109,,,,,,,,,,,,,,,,,,,,,,,,,,,,,,,,,,,,,,,,,,,,,,,,,,,,,0
2019-06-01,821,0,0,"BLYTON,ENID","FARAWAY TREE STORIES-BLYTON,ENID",FARAWAY TREE STORIES,MOMMOTH LONDAN,,,,1994,,553,,,,,,,,,,,,,,,,,,,,,,,,,,,,,,,,,,,,,,,,,,,,,,,,,,,,,0
2019-06-01,831,0,0,"LOURIE,JOHN","SNEAKING IN-LOURIE,JOHN",SNEAKING IN,BANTAM BOOK NEW YORK,,,,1998,,226,,,,,,,,,,,,,,,,,,,,,,,,,,,,,,,,,,,,,,,,,,,,,,,,,,,,,0
2019-06-01,837,0,0,"KEENE,CAROLYN","NANCY DREW : 61 SWEAT REVENGE-KEENE,CAROLYN",NANCY DREW : 61 SWEAT REVENGE,POCKET BOOKS NEW YORK,,,,1991,,149,,,,,,,,,,,,,,,,,,,,,,,,,,,,,,,,,,,,,,,,,,,,,,,,,,,,,0
2019-06-01,848,0,0,"DIXON,FRANKLIN W","THE HARDY BOYS: COLLECTOR' EDITION-DIXON,FRANKLIN W",THE HARDY BOYS: COLLECTOR' EDITION,ALADIN PAPERBACK NEW YORK,,,,2002,,,,,,,,,,,,,,,,,,,,,,,,,,,,,,,,,,,,,,,,,,,,,,,,,,,,,,,0
2019-06-01,861,0,0,MARK TWAIN,THE ADVENTURES OF TOM SAWYER-MARK TWAIN,THE ADVENTURES OF TOM SAWYER,STUDENT STORE DELHI,,,,1995,,94,,,,,,,,,,,,,,,,,,,,,,,,,,,,,,,,,,,,,,,,,,,,,,,,,,,,,0
2019-06-01,868,0,0,CHILDREN CLASSICS,ALICE IN WONDERLAND-CHILDREN CLASSICS,ALICE IN WONDERLAND,SIDGWRICK AND JACKSON,,,,,,,,,,,,,,,,,,,,,,,,,,,,,,,,,,,,,,,,,,,,,,,,,,,,,,,,,,,0
2019-06-01,878,0,0,DALRYMPLE W.AND ANITA ANAND,KOHINOOR : STORY OF WORLD MOST INFAMENTS DIAMOND-DALRYMPLE W.AND ANITA ANAND,KOHINOOR : STORY OF WORLD MOST INFAMENTS DIAMOND,LUGGERMAUT BOOK NEW DELHI,,,,2016,,239,,,,,,,,,,,,,,,,,,,,,,,,,,,,,,,,,,,,,,,,,,,,,,,,,,,,,0
2019-06-01,891,0,0,SATISH KUMAR,STUDIES IN MODERN WORLD-SATISH KUMAR,STUDIES IN MODERN WORLD,BOOK HINE NEW DELHI,,,,1983,,319,,,,,,,,,,,,,,,,,,,,,,,,,,,,,,,,,,,,,,,,,,,,,,,,,,,,,0
2019-06-01,905,0,0,VIKRAM CHANDRA,SECRED GAMES-VIKRAM CHANDRA,SECRED GAMES,PENGUIN BOOKS N.D.,,,,2006,,947,,,,,,,,,,,,,,,,,,,,,,,,,,,,,,,,,,,,,,,,,,,,,,,,,,,,,0
2019-06-01,914,0,0,GOVINDAN MARSHALL,BABA JI AND THE 18 SIDDHA KRIYA YOGA TRADITION-GOVINDAN MARSHALL,BABA JI AND THE 18 SIDDHA KRIYA YOGA TRADITION,BABA JI SIDDHA KRIYA TRUST BANGLORE,,,,1991,,192,,,,,,,,,,,,,,,,,,,,,,,,,,,,,,,,,,,,,,,,,,,,,,,,,,,,,0
2019-06-01,926,0,0,KNAPPORT JAN,INDIAN MYTHOLOGY-KNAPPORT JAN,INDIAN MYTHOLOGY,HARPER COLLINS INDIA,,,,1992,,288,,,,,,,,,,,,,,,,,,,,,,,,,,,,,,,,,,,,,,,,,,,,,,,,,,,,,0
2019-06-01,934,0,0,PATHAK D.C,INTELLIGENCE : CORPORATE SUCCESS AND VIGILENCE-PATHAK D.C,INTELLIGENCE : CORPORATE SUCCESS AND VIGILENCE,MANAS PUBISHING HOUSE DELHI,,,,,,216,,,,,,,,,,,,,,,,,,,,,,,,,,,,,,,,,,,,,,,,,,,,,,,,,,,,,0
2019-06-01,945,0,0,WORDHOUSE P.G,THANK YOU LEEVES-WORDHOUSE P.G,THANK YOU LEEVES,IDNIA BOOK HOUSE BOMBAY,,,,1979,,192,,,,,,,,,,,,,,,,,,,,,,,,,,,,,,,,,,,,,,,,,,,,,,,,,,,,,0
2019-06-01,963,0,0,PAUL E JAIWANT,RANI OF JHANSI LAKSHMI BAI-PAUL E JAIWANT,RANI OF JHANSI LAKSHMI BAI,ROLI BOOKS NEW DELHI,,,,1997,,172,,,,,,,,,,,,,,,,,,,,,,,,,,,,,,,,,,,,,,,,,,,,,,,,,,,,,0
2019-06-01,973,0,0,NATWAR SINGH,ONE LIFE IS NOT ENOUGH : AN AUTOBIOGRAPHY-NATWAR SINGH,ONE LIFE IS NOT ENOUGH : AN AUTOBIOGRAPHY,RUPA AND COMPANY,,,,2014,,410,,,,,,,,,,,,,,,,,,,,,,,,,,,,,,,,,,,,,,,,,,,,,,,,,,,,,0
2019-06-01,985,0,0,PUROHIT ANIL S.,SPICY SIDE OF SPEECHES FUN WITH ENGLISH-PUROHIT ANIL S.,SPICY SIDE OF SPEECHES FUN WITH ENGLISH,PUSTAK MAHAL DELHI,,,,2005,,118,,,,,,,,,,,,,,,,,,,,,,,,,,,,,,,,,,,,,,,,,,,,,,,,,,,,,0
2019-06-01,995,0,0,CHANDRAMAULI ANUJA,KAMADEVA : THE GOD OF DESIRE-CHANDRAMAULI ANUJA,KAMADEVA : THE GOD OF DESIRE,RUPA AND COMPANY,,,,2014,,328,,,,,,,,,,,,,,,,,,,,,,,,,,,,,,,,,,,,,,,,,,,,,,,,,,,,,0
2019-06-01,1017,0,0,GUPTA D.C.,INDIAN GOVERNMENT AND POLITICS-GUPTA D.C.,INDIAN GOVERNMENT AND POLITICS,VIKAS PUB.HOUSE,,,,1978,,758,,,,,,,,,,,,,,,,,,,,,,,,,,,,,,,,,,,,,,,,,,,,,,,,,,,,,0
2019-06-01,1030,0,0,TASLIMA NASRIN,LAJJA : SAME-TASLIMA NASRIN,LAJJA : SAME,PENGUIN BOOKS N.D.,,,,1994,,216,,,,,,,,,,,,,,,,,,,,,,,,,,,,,,,,,,,,,,,,,,,,,,,,,,,,,0
2019-06-01,1059,0,0,MULLAINATHAN SENDHIL,SCARCITY : WHY HAVING TOO LITTLE MEANS SO MUCH-MULLAINATHAN SENDHIL,SCARCITY : WHY HAVING TOO LITTLE MEANS SO MUCH,ALLEN LANE PENGUIN BOOKS,,,,2013,,288,,,,,,,,,,,,,,,,,,,,,,,,,,,,,,,,,,,,,,,,,,,,,,,,,,,,,0
2019-06-01,1076,0,0,"JAIN,R.L.","LEGAL LANGUAGE/WRITING -JAIN,R.L.",LEGAL LANGUAGE/WRITING,"CENTRAL LAW AGENCY,ALLAHABAD",,,,2001,,226,,,,,,,,,,,,,,,,,,,,,,,,,,,,,,,,,,,,,,,,,,,,,,,,,,,,,0
2019-06-01,1083,0,0,EASTERN BOOK COMPANY,CRIMINAL MANUAL-EASTERN BOOK COMPANY,CRIMINAL MANUAL,"EASTERN BOOK COMPANY,LUCKNOW",,,,1994,,205,,,,,,,,,,,,,,,,,,,,,,,,,,,,,,,,,,,,,,,,,,,,,,,,,,,,,0
2019-06-01,1089,0,0,"PARANJAPE,N.V.","JURISPRUDENCE AND LEGAL THEORY-PARANJAPE,N.V.",JURISPRUDENCE AND LEGAL THEORY,"CENTRAL LAW AGENCY,ALLAHABAD",,,,2004,,390,,,,,,,,,,,,,,,,,,,,,,,,,,,,,,,,,,,,,,,,,,,,,,,,,,,,,0
2019-06-01,1112,0,0,BIPIN CHANDRA,NATIONALISM AND COLONIALISM IN MODERN INDIA-BIPIN CHANDRA,NATIONALISM AND COLONIALISM IN MODERN INDIA,ORIENT LONGMANN INDIA,,,,1979,,395,,,,,,,,,,,,,,,,,,,,,,,,,,,,,,,,,,,,,,,,,,,,,,,,,,,,,0
2019-06-01,1123,0,0,"ZIMMER,HEINRCH","PHILOSOPHIES OF INDIA-ZIMMER,HEINRCH",PHILOSOPHIES OF INDIA,MOTILAL BANARASIDAS NEW DELHI,,,,2011,,687,,,,,,,,,,,,,,,,,,,,,,,,,,,,,,,,,,,,,,,,,,,,,,,,,,,,,0
2019-06-01,1137,0,0,MANOJ PUBLICATION,GREAT STORIES OF RABINDRANATH TAGORE-MANOJ PUBLICATION,GREAT STORIES OF RABINDRANATH TAGORE,MANOJ PUBLICATION DELHI,,,,2014,,200,,,,,,,,,,,,,,,,,,,,,,,,,,,,,,,,,,,,,,,,,,,,,,,,,,,,,0
2019-06-01,1151,0,0,"GIDWANI,BHAGWAN.S","THE SWORD OF TIPU SULTAN-GIDWANI,BHAGWAN.S",THE SWORD OF TIPU SULTAN,ALLIED PUBS BOMBAY,,,,1990,,372,,,,,,,,,,,,,,,,,,,,,,,,,,,,,,,,,,,,,,,,,,,,,,,,,,,,,0
2019-06-01,1169,0,0,"MARKANDAYA , KAMALA","A SIMPLE OF DESIRE-MARKANDAYA , KAMALA",A SIMPLE OF DESIRE,PUTNON LONDAN,,,,1960,,224,,,,,,,,,,,,,,,,,,,,,,,,,,,,,,,,,,,,,,,,,,,,,,,,,,,,,0
2019-06-01,1180,0,0,MAURIER DAPHNE DU,JAMAICA INN-MAURIER DAPHNE DU,JAMAICA INN,DOUBLEDOY CO.USA,,,,1963,,281,,,,,,,,,,,,,,,,,,,,,,,,,,,,,,,,,,,,,,,,,,,,,,,,,,,,,0
2019-06-01,1190,0,0,"HOSSEINI , KHALID","A THOUSAND SPLENDID SUNS-HOSSEINI , KHALID",A THOUSAND SPLENDID SUNS,BLOOMSBURY BOOKS,,,,2007,,389,,,,,,,,,,,,,,,,,,,,,,,,,,,,,,,,,,,,,,,,,,,,,,,,,,,,,0
2019-06-01,1204,0,0,CUSSLER CLIVE,PLAGUE SHIP-CUSSLER CLIVE,PLAGUE SHIP,MICHAL JOSHPH PENGUIN BOOKS,,,,2008,,519,,,,,,,,,,,,,,,,,,,,,,,,,,,,,,,,,,,,,,,,,,,,,,,,,,,,,0
2019-06-01,1212,0,0,CUSSLER CLIVE,CORSAIR-CUSSLER CLIVE,CORSAIR,MICHAL JOSHPH PENGUIN BOOKS,,,,2009,,437,,,,,,,,,,,,,,,,,,,,,,,,,,,,,,,,,,,,,,,,,,,,,,,,,,,,,0
2019-06-01,1218,0,0,CUSSLER CLIVE,THE EMPEROR'S REVENGE-CUSSLER CLIVE,THE EMPEROR'S REVENGE,MICHAL JOSHPH PENGUIN BOOKS,,,,2016,,471,,,,,,,,,,,,,,,,,,,,,,,,,,,,,,,,,,,,,,,,,,,,,,,,,,,,,0
2019-06-01,1227,0,0,CUSSLER CLIVE,INCA GOLD-CUSSLER CLIVE,INCA GOLD,HARPER COLLINS INDIA,,,,1994,,618,,,,,,,,,,,,,,,,,,,,,,,,,,,,,,,,,,,,,,,,,,,,,,,,,,,,,0
2019-06-01,1236,0,0,CUSSLER CLIVE,MEDUSA-CUSSLER CLIVE,MEDUSA,PENGUIN BOOKS N.D.,,,,2010,,518,,,,,,,,,,,,,,,,,,,,,,,,,,,,,,,,,,,,,,,,,,,,,,,,,,,,,0
2019-06-01,1242,0,0,AQATHA CHRISTIE,A CARIBBEAN MYSTERY-AQATHA CHRISTIE,A CARIBBEAN MYSTERY,HARPER COLLINS INDIA,,,,1966,,224,,,,,,,,,,,,,,,,,,,,,,,,,,,,,,,,,,,,,,,,,,,,,,,,,,,,,0
2019-06-01,1252,0,0,CHEKHOR ANTON,FINE PLAYS-CHEKHOR ANTON,FINE PLAYS,OXFORD UNIVERSITY PRESS,,,,1980,,394,,,,,,,,,,,,,,,,,,,,,,,,,,,,,,,,,,,,,,,,,,,,,,,,,,,,,0
2019-06-01,1260,0,0,HAWKINS R.E,JIM CORBETT'S INDIA-HAWKINS R.E,JIM CORBETT'S INDIA,OXFORD UNIVERSITY PRESS,,,,1992,,250,,,,,,,,,,,,,,,,,,,,,,,,,,,,,,,,,,,,,,,,,,,,,,,,,,,,,0
2019-06-01,1273,0,0,PODDER TANUSHREE,BOOTS BELTS BERETS-PODDER TANUSHREE,BOOTS BELTS BERETS,INDIA INK,,,,2008,,223,,,,,,,,,,,,,,,,,,,,,,,,,,,,,,,,,,,,,,,,,,,,,,,,,,,,,0
2019-06-01,1284,0,0,DICKENS CHARLES,GREAT EXPECTATION-DICKENS CHARLES,GREAT EXPECTATION,OXFORD UNIVERSITY PRESS,,,,1998,,505,,,,,,,,,,,,,,,,,,,,,,,,,,,,,,,,,,,,,,,,,,,,,,,,,,,,,0
2019-06-01,1290,0,0,PENGUIN BOOKS,FYODOR DOSTOYESVSKY : THE BROTHERS KARAMAZOR-PENGUIN BOOKS,FYODOR DOSTOYESVSKY : THE BROTHERS KARAMAZOR,PENGUIN BOOKS N.D.,,,,2003,,1013,,,,,,,,,,,,,,,,,,,,,,,,,,,,,,,,,,,,,,,,,,,,,,,,,,,,,0
2019-06-01,1305,0,0,BUCK PEARL S,THE GOOD EARTH-BUCK PEARL S,THE GOOD EARTH,POCKET BOOKS NEW YORK,,,,2005,,357,,,,,,,,,,,,,,,,,,,,,,,,,,,,,,,,,,,,,,,,,,,,,,,,,,,,,0
2019-06-01,1318,0,0,DICKENS CHARLES,THE PERSONAL HISTORY OF DAVID COPPERFIELD-DICKENS CHARLES,THE PERSONAL HISTORY OF DAVID COPPERFIELD,PENGUIN BOOKS N.D.,,,,1969,,957,,,,,,,,,,,,,,,,,,,,,,,,,,,,,,,,,,,,,,,,,,,,,,,,,,,,,0
2019-06-01,1328,0,0,FOLLETT KEN,NIGHT OVER WATER-FOLLETT KEN,NIGHT OVER WATER,MACMILLAN INDIA DELHI,,,,1991,,642,,,,,,,,,,,,,,,,,,,,,,,,,,,,,,,,,,,,,,,,,,,,,,,,,,,,,0
2019-06-01,1344,0,0,FOLLETT KEN,A COLVNN OF FINE-FOLLETT KEN,A COLVNN OF FINE,PAN BOOKS,,,,2017,,751,,,,,,,,,,,,,,,,,,,,,,,,,,,,,,,,,,,,,,,,,,,,,,,,,,,,,0
2019-06-01,1353,0,0,SHELDEN SIDNEY,NOTHING LASTS FOREVER-SHELDEN SIDNEY,NOTHING LASTS FOREVER,HARPER COLLINS INDIA,,,,1994,,292,,,,,,,,,,,,,,,,,,,,,,,,,,,,,,,,,,,,,,,,,,,,,,,,,,,,,0
2019-06-01,1376,0,0,KRIKPATRICK E.M.,CHAMBERS IDIOMS-KRIKPATRICK E.M.,CHAMBERS IDIOMS,APPLIED THAMOUS NEW DELHI,,,,2000,,432,,,,,,,,,,,,,,,,,,,,,,,,,,,,,,,,,,,,,,,,,,,,,,,,,,,,,0
2019-06-01,1391,0,0,COLLINS JACKIE,HOLLYWOOD HUSBAND-COLLINS JACKIE,HOLLYWOOD HUSBAND,RUPA & CO.,,,,1988,,588,,,,,,,,,,,,,,,,,,,,,,,,,,,,,,,,,,,,,,,,,,,,,,,,,,,,,0
2019-06-01,1398,0,0,FORSCHER WILLIAM R,MEN AT WAR: A SOLDIER EYE VIEW OF THE MOST IMPORTANT BATTLE IN THE HISTORY-FORSCHER WILLIAM R,MEN AT WAR: A SOLDIER EYE VIEW OF THE MOST IMPORTANT BATTLE IN THE HISTORY,BERKLEY BOOKS NEW YORK,,,,2009,,328,,,,,,,,,,,,,,,,,,,,,,,,,,,,,,,,,,,,,,,,,,,,,,,,,,,,,0
2019-06-01,1416,0,0,KHUSHWANT SINGH,THE CAMPANY OF WOMEN-KHUSHWANT SINGH,THE CAMPANY OF WOMEN,PENGUIN BOOKS N.D.,,,,1999,,232,,,,,,,,,,,,,,,,,,,,,,,,,,,,,,,,,,,,,,,,,,,,,,,,,,,,,0
2019-06-01,1423,0,0,DAVIDER ESJ,TEA & ME: A MEMORIES OF PLANNING LIFE-DAVIDER ESJ,TEA & ME: A MEMORIES OF PLANNING LIFE,EAST WEST BOOK CHENNAI,,,,2008,,214,,,,,,,,,,,,,,,,,,,,,,,,,,,,,,,,,,,,,,,,,,,,,,,,,,,,,0
2019-06-01,1445,0,0,MACLEAN ALISTAIR,SEAWITH-MACLEAN ALISTAIR,SEAWITH,FAWCETT CRIST NEW YORK,,,,1977,,286,,,,,,,,,,,,,,,,,,,,,,,,,,,,,,,,,,,,,,,,,,,,,,,,,,,,,0
2019-06-01,1459,0,0,GULIA URVASHI,MY WAY IN THE HIGHWAY-GULIA URVASHI,MY WAY IN THE HIGHWAY,PENGUIN BOOKS N.D.,,,,2012,,269,,,,,,,,,,,,,,,,,,,,,,,,,,,,,,,,,,,,,,,,,,,,,,,,,,,,,0
2019-06-01,1465,0,0,DALVI J.P.,HIMALAYAN BLUNDER : THE CURTAIN RAISER TO THE SINCE - INDIAN WAR OF 1962-DALVI J.P.,HIMALAYAN BLUNDER : THE CURTAIN RAISER TO THE SINCE - INDIAN WAR OF 1962,NATRAJ PUBLICATION DEHRADUN,,,,2010,,506,,,,,,,,,,,,,,,,,,,,,,,,,,,,,,,,,,,,,,,,,,,,,,,,,,,,,0
2019-06-01,1489,0,0,JAWAHARLAL NEHRU,DISCOVERY OF INDIA-JAWAHARLAL NEHRU,DISCOVERY OF INDIA,SIQNET PRESS CALCULLTA,,,,1991,,582,,,,,,,,,,,,,,,,,,,,,,,,,,,,,,,,,,,,,,,,,,,,,,,,,,,,,0
2019-06-01,1505,0,0,NAHAL CHAMAN,AZADI-NAHAL CHAMAN,AZADI,PENGUIN BOOKS N.D.,,,,2001,,327,,,,,,,,,,,,,,,,,,,,,,,,,,,,,,,,,,,,,,,,,,,,,,,,,,,,,0
2019-06-01,1513,0,0,CLARK DUNCAN,ALIBABA-CLARK DUNCAN,ALIBABA,HARPER COLLINS INDIA,,,,2016,,287,,,,,,,,,,,,,,,,,,,,,,,,,,,,,,,,,,,,,,,,,,,,,,,,,,,,,0
2019-06-01,1522,0,0,CHELLANEY BRAHMA,WATER : ASIAS NEW BOTTLEGROUND-CHELLANEY BRAHMA,WATER : ASIAS NEW BOTTLEGROUND,HARPER COLLINS INDIA,,,,2011,,386,,,,,,,,,,,,,,,,,,,,,,,,,,,,,,,,,,,,,,,,,,,,,,,,,,,,,0
2019-06-01,1552,0,0,WERNER DAVID,WHERE THESE IN NO DOCTOR-WERNER DAVID,WHERE THESE IN NO DOCTOR,HESPERCAM FOUNDALIAON USA,,,,1978,,456,,,,,,,,,,,,,,,,,,,,,,,,,,,,,,,,,,,,,,,,,,,,,,,,,,,,,0
2019-06-01,1564,0,0,SUBRAMANIAM T.S.R.,JOURNEY THROUGH BABUDOM & NETALAND GOVT.OF INDIA-SUBRAMANIAM T.S.R.,JOURNEY THROUGH BABUDOM & NETALAND GOVT.OF INDIA,RUPA & CO.,,,,2004,,359,,,,,,,,,,,,,,,,,,,,,,,,,,,,,,,,,,,,,,,,,,,,,,,,,,,,,0
2019-06-01,1577,0,0,POTHEN NAYANTARA,GLITTERING DECODES : NEW DELHI LOVE & WAR-POTHEN NAYANTARA,GLITTERING DECODES : NEW DELHI LOVE & WAR,PENGUIN BOOKS N.D.,,,,2012,,268,,,,,,,,,,,,,,,,,,,,,,,,,,,,,,,,,,,,,,,,,,,,,,,,,,,,,0
2019-06-01,1591,0,0,BELSKY SCOTT,MAKING IDEAS HAPPEN-BELSKY SCOTT,MAKING IDEAS HAPPEN,PENGUIN BOOKS N.D.,,,,2010,,240,,,,,,,,,,,,,,,,,,,,,,,,,,,,,,,,,,,,,,,,,,,,,,,,,,,,,0
2019-06-01,1604,0,0,JOSEPH MANU,SERIOUS MAN-JOSEPH MANU,SERIOUS MAN,HARPER COLLINS INDIA,,,,2010,,326,,,,,,,,,,,,,,,,,,,,,,,,,,,,,,,,,,,,,,,,,,,,,,,,,,,,,0
2019-06-01,1615,0,0,RAM MALIK,MIRZA GALIB-RAM MALIK,MIRZA GALIB,NATIONAL BOOK TRUST N.D,,,,1968,,93,,,,,,,,,,,,,,,,,,,,,,,,,,,,,,,,,,,,,,,,,,,,,,,,,,,,,0
2019-06-01,1631,0,0,KHANNA BROTHER PUBS,PANORMA IAS GENERAL ENGLISH-KHANNA BROTHER PUBS,PANORMA IAS GENERAL ENGLISH,KHANNA BROTHER PUBS.CHANDIGARH,,,,1975,,304,,,,,,,,,,,,,,,,,,,,,,,,,,,,,,,,,,,,,,,,,,,,,,,,,,,,,0
2019-06-01,1650,0,0,GUPTA RAJESH,ART OF WRITING JUDGEMENT-GUPTA RAJESH,ART OF WRITING JUDGEMENT,DELHI LAW HOUSE,,,,2012,,388,,,,,,,,,,,,,,,,,,,,,,,,,,,,,,,,,,,,,,,,,,,,,,,,,,,,,0
2019-06-01,1662,0,0,AHMAD AQUIL,LAW OF SPECIFIC RELIEF-AHMAD AQUIL,LAW OF SPECIFIC RELIEF,"CENTRAL LAW AGENCY,ALLAHABAD",,,,2004,,138,,,,,,,,,,,,,,,,,,,,,,,,,,,,,,,,,,,,,,,,,,,,,,,,,,,,,0
2019-06-01,1668,0,0,SINHA BADRINARAYAN,AAPRADHIKI-SINHA BADRINARAYAN,AAPRADHIKI,BIHAR HINDI GRANTH ACADEMY,,,,1974,,433,,,,,,,,,,,,,,,,,,,,,,,,,,,,,,,,,,,,,,,,,,,,,,,,,,,,,0
2019-06-01,1679,0,0,NARIMAN FALI S,BEFORE MEMORY FADES - AN AUTOBIOGRAPHY-NARIMAN FALI S,BEFORE MEMORY FADES - AN AUTOBIOGRAPHY,HAY HOUSE INDIA,,,,2010,,459,,,,,,,,,,,,,,,,,,,,,,,,,,,,,,,,,,,,,,,,,,,,,,,,,,,,,0
2019-06-01,1686,0,0,DWIVEDI HEMANT,SOOTCASE MEIN ZINDAGI-DWIVEDI HEMANT,SOOTCASE MEIN ZINDAGI,LOK BHARTI PUBS ALLAHABAD,,,,2010,,297,,,,,,,,,,,,,,,,,,,,,,,,,,,,,,,,,,,,,,,,,,,,,,,,,,,,,0
2019-06-01,1697,0,0,SRI RAMKRISHNA MATH,THE GOSPEL OF SRI RAMKRISHNA-SRI RAMKRISHNA MATH,THE GOSPEL OF SRI RAMKRISHNA,SRI RAMKRISHNA MATH MADRAS,,,,1996,,1062,,,,,,,,,,,,,,,,,,,,,,,,,,,,,,,,,,,,,,,,,,,,,,,,,,,,,0
2019-06-01,1708,0,0,BHIDE NIVEDITA RAGHUNATH,EKNATH JI-BHIDE NIVEDITA RAGHUNATH,EKNATH JI,VIVAKANAND KENDRA PRAKASHAN,,,,2003,,237,,,,,,,,,,,,,,,,,,,,,,,,,,,,,,,,,,,,,,,,,,,,,,,,,,,,,0
2019-06-01,1719,0,0,BHIMANI RITA,THE CORPORATE PEACOCK NEW PLUMES FOR PUBLIC RELATION-BHIMANI RITA,THE CORPORATE PEACOCK NEW PLUMES FOR PUBLIC RELATION,RUPA & CO.,,,,1996,,345,,,,,,,,,,,,,,,,,,,,,,,,,,,,,,,,,,,,,,,,,,,,,,,,,,,,,0
2019-06-01,1730,0,0,GANDHI M.K.,AN AUTOBIOGRAPHY OR STORY MY EXPERIMENT WITH TRUTH-GANDHI M.K.,AN AUTOBIOGRAPHY OR STORY MY EXPERIMENT WITH TRUTH,NAVJEEVAN PUB HOUSE AHMEDABAD,,,,2003,,125,,,,,,,,,,,,,,,,,,,,,,,,,,,,,,,,,,,,,,,,,,,,,,,,,,,,,0
2019-06-01,1750,0,0,PARANJAPAY N.V,ARBITRATION & ALTERNATIVE DISPUTE RESOLUTION-PARANJAPAY N.V,ARBITRATION & ALTERNATIVE DISPUTE RESOLUTION,"CENTRAL LAW AGENCY,ALLAHABAD",,,,2006,,386,,,,,,,,,,,,,,,,,,,,,,,,,,,,,,,,,,,,,,,,,,,,,,,,,,,,,0
2019-06-01,1761,0,0,BAGGA RAKESH,CRIMINAL MAJOR ACTS-BAGGA RAKESH,CRIMINAL MAJOR ACTS,THE LAW BOOK CO.,,,,1991,,529,,,,,,,,,,,,,,,,,,,,,,,,,,,,,,,,,,,,,,,,,,,,,,,,,,,,,0
2019-06-01,1771,0,0,NASENKO YURI,JAWAHARLAL NEHRU & INDIA'S FOREIGN POLICY-NASENKO YURI,JAWAHARLAL NEHRU & INDIA'S FOREIGN POLICY,STERLING PUBS,,,,1977,,351,,,,,,,,,,,,,,,,,,,,,,,,,,,,,,,,,,,,,,,,,,,,,,,,,,,,,0
2019-06-01,1794,0,0,SINGH K,HISTORY OF SOCIAL THOUGHT-SINGH K,HISTORY OF SOCIAL THOUGHT,PRAKASHAN KENDRA LUCKNOW,,,,1991,,429,,,,,,,,,,,,,,,,,,,,,,,,,,,,,,,,,,,,,,,,,,,,,,,,,,,,,0
2019-06-01,1805,0,0,LYTEL ALLAN,ABC'S OF COMPUTER'S-LYTEL ALLAN,ABC'S OF COMPUTER'S,D.B.TARAPOREVALA & SONS BAMBAY,,,,1966,,144,,,,,,,,,,,,,,,,,,,,,,,,,,,,,,,,,,,,,,,,,,,,,,,,,,,,,0
2019-06-01,1817,0,0,BODHI BHIKKHU,THE NOBLE EIGHT FOLD PATH-BODHI BHIKKHU,THE NOBLE EIGHT FOLD PATH,THE WHEEL PUBS BHUDDHIST PUB.SOCIETY,,,,1984,,138,,,,,,,,,,,,,,,,,,,,,,,,,,,,,,,,,,,,,,,,,,,,,,,,,,,,,0
2019-06-01,1828,0,0,ALEXANDER L.G,SIXTH STEPS TO PRECIS-ALEXANDER L.G,SIXTH STEPS TO PRECIS,ORINT LONGMANN DELHI,,,,1972,,135,,,,,,,,,,,,,,,,,,,,,,,,,,,,,,,,,,,,,,,,,,,,,,,,,,,,,0
2019-06-01,1834,0,0,VARSHNEY R.L.,THOMAS GRAY SELECTED POEMS-VARSHNEY R.L.,THOMAS GRAY SELECTED POEMS,SAHITYA BHANDAR MEERUT,,,,1995,,270,,,,,,,,,,,,,,,,,,,,,,,,,,,,,,,,,,,,,,,,,,,,,,,,,,,,,0
2019-06-01,1843,0,0,LITTLE BROWN AND COMPANY,THE ADVENTURES OF TITIN : TWO BROKEN EAR-LITTLE BROWN AND COMPANY,THE ADVENTURES OF TITIN : TWO BROKEN EAR,LITTLE BROWN AND COMPANY,,,,1990,,192,,,,,,,,,,,,,,,,,,,,,,,,,,,,,,,,,,,,,,,,,,,,,,,,,,,,,0
2019-06-01,2,0,0,"DIXIT,RAJESH","BHARTIYA PHALIT JYOTISH -DIXIT,RAJESH",BHARTIYA PHALIT JYOTISH,"HINDI SEVA SADAN,MATHURA",,,,1990,,440,,,,,,,,,,,,,,,,,,,,,,,,,,,,,,,,,,,,,,,,,,,,,,,,,,,,,0
2019-06-01,50,0,0,"RAJGPAPLACHARI,P.","MANAV VIKAS ME SADGURU KI BHPPMIKA -RAJGPAPLACHARI,P.",MANAV VIKAS ME SADGURU KI BHPPMIKA,"SPIRITUAL HIERARCHY TRUST,KOLKATA",,,,2014,,185,,,,,,,,,,,,,,,,,,,,,,,,,,,,,,,,,,,,,,,,,,,,,,,,,,,,,0
2019-06-01,129,0,0,INDRABHUSHAN GOSWAMI(EDITOR),SHRI HANUMAN CHALISA BHASYA-INDRABHUSHAN GOSWAMI(EDITOR),SHRI HANUMAN CHALISA BHASYA,"MANAS MANDIR,VRINDAWAN",,,,1988,,100,,,,,,,,,,,,,,,,,,,,,,,,,,,,,,,,,,,,,,,,,,,,,,,,,,,,,0
2019-06-01,212,0,0,"BHARTI,DHARAMVEER","GUNAHO KA DEVTA-BHARTI,DHARAMVEER",GUNAHO KA DEVTA,"BHARTIYA GYANPEETH,NEW DELHI",,,,2005,,219,,,,,,,,,,,,,,,,,,,,,,,,,,,,,,,,,,,,,,,,,,,,,,,,,,,,,0
2019-06-01,271,0,0,"RAI,VIBHUTI NARAYAN","KAHANI MAHA VISHESHANK-RAI,VIBHUTI NARAYAN",KAHANI MAHA VISHESHANK,"ANAMIKA PRAKASHAN,ALLAHABAD",,,,1991,,464,,,,,,,,,,,,,,,,,,,,,,,,,,,,,,,,,,,,,,,,,,,,,,,,,,,,,0
2019-06-01,316,0,0,SIVANI,VISHKANYA-SIVANI,VISHKANYA,HIND POCKET BOOKS,,,,1998,,140,,,,,,,,,,,,,,,,,,,,,,,,,,,,,,,,,,,,,,,,,,,,,,,,,,,,,0
2019-06-01,341,0,0,JAI SHANKER PRASAD,INDRAJAAL-JAI SHANKER PRASAD,INDRAJAAL,BHARITYA GRANTH NIKETAN,,,,1992,,104,,,,,,,,,,,,,,,,,,,,,,,,,,,,,,,,,,,,,,,,,,,,,,,,,,,,,0
2019-06-01,398,0,0,"RAGHUVANSHI,SATENDRA KUMAR","KITNI DOOR AUR CHALNE PER-RAGHUVANSHI,SATENDRA KUMAR",KITNI DOOR AUR CHALNE PER,ANAMIKA PRAKASHAN ALLAHABAD,,,,2016,,134,,,,,,,,,,,,,,,,,,,,,,,,,,,,,,,,,,,,,,,,,,,,,,,,,,,,,0
2019-06-01,511,0,0,"BHARTI,DHARMVEER","PASHYANTI-BHARTI,DHARMVEER",PASHYANTI,BHARTIYE GYAN PEETH DELHI,,,,1972,,195,,,,,,,,,,,,,,,,,,,,,,,,,,,,,,,,,,,,,,,,,,,,,,,,,,,,,0
2019-06-01,543,0,0,"BHATNAGAR,VIRENDRA","TELEVISION-BHATNAGAR,VIRENDRA",TELEVISION,SHIKSHA BHARTI DELHI,,,,1978,,66,,,,,,,,,,,,,,,,,,,,,,,,,,,,,,,,,,,,,,,,,,,,,,,,,,,,,0
2019-06-01,595,0,0,"RAI,O.P.SINGH(SAMPADAK)","U.P.AVKASH NIYAM SANGRAH-RAI,O.P.SINGH(SAMPADAK)",U.P.AVKASH NIYAM SANGRAH,PUSTAK SADAN PRAKASHAN ALLAHABAD,,,,1996,,147,,,,,,,,,,,,,,,,,,,,,,,,,,,,,,,,,,,,,,,,,,,,,,,,,,,,,0
2019-06-01,661,0,0,"SPANCEV,D.H.","ENGLISH FOR PROFICIENCY-SPANCEV,D.H.",ENGLISH FOR PROFICIENCY,OXFORD UNIVERSITY PRESS,,,,1969,,184,,,,,,,,,,,,,,,,,,,,,,,,,,,,,,,,,,,,,,,,,,,,,,,,,,,,,0
2019-06-01,706,0,0,"SIDDH,KAUSHAL K","FAMILY PLANINNG :THE RELIGION FACTOR-SIDDH,KAUSHAL K",FAMILY PLANINNG :THE RELIGION FACTOR,ABHINAV PUB.NEW DELHI,,,,1974,,278,,,,,,,,,,,,,,,,,,,,,,,,,,,,,,,,,,,,,,,,,,,,,,,,,,,,,0
2019-06-01,744,0,0,BYRNE RHONDA,THE SECRET (RAHASYA)-BYRNE RHONDA,THE SECRET (RAHASYA),MANJUL PUBLICATION BHOPAL,,,,2006,,198,,,,,,,,,,,,,,,,,,,,,,,,,,,,,,,,,,,,,,,,,,,,,,,,,,,,,0
2019-06-01,790,0,0,"BLYTON,ENID","THE RING O BELLS MYSTRY AND REEBADUB MYSTRY-BLYTON,ENID",THE RING O BELLS MYSTRY AND REEBADUB MYSTRY,WILLIAM COLLINS ARMADA,,,,1967,,186,,,,,,,,,,,,,,,,,,,,,,,,,,,,,,,,,,,,,,,,,,,,,,,,,,,,,0
2019-06-01,839,0,0,"KEENE,CAROLYN","NANCY DREW : 109 LOVE NOLES-KEENE,CAROLYN",NANCY DREW : 109 LOVE NOLES,POCKET BOOKS NEW YORK,,,,1995,,152,,,,,,,,,,,,,,,,,,,,,,,,,,,,,,,,,,,,,,,,,,,,,,,,,,,,,0
2019-06-01,1001,0,0,"BROWN , AMY L.","CHAMBERS FIRST LEARNERS DICTIONARY-BROWN , AMY L.",CHAMBERS FIRST LEARNERS DICTIONARY,THE STUDENT STORE DELHI,,,,1992,,,,,,,,,,,,,,,,,,,,,,,,,,,,,,,,,,,,,,,,,,,,,,,,,,,,,,,0
2019-06-01,1040,0,0,SHAKESPEARE WILLIAM,ROMEO AND JULIET-SHAKESPEARE WILLIAM,ROMEO AND JULIET,MCMILLAN LANDON,,,,1960,,131,,,,,,,,,,,,,,,,,,,,,,,,,,,,,,,,,,,,,,,,,,,,,,,,,,,,,0
2019-06-01,1085,0,0,"SHARMA,BRIJ KISHORE","INTRODUCTION TO CONSTITUTION OF INDIA-SHARMA,BRIJ KISHORE",INTRODUCTION TO CONSTITUTION OF INDIA,PRENTICE HALL INC,,,,2002,,365,,,,,,,,,,,,,,,,,,,,,,,,,,,,,,,,,,,,,,,,,,,,,,,,,,,,,0
2019-06-01,1132,0,0,"TOLKIEN,J.R.R.","THE LORDS OF THE RINGS-TOLKIEN,J.R.R.",THE LORDS OF THE RINGS,HARPER COLLINS INDIA,,,,1995,,1137,,,,,,,,,,,,,,,,,,,,,,,,,,,,,,,,,,,,,,,,,,,,,,,,,,,,,0
2019-06-01,1150,0,0,"DUMAS,ALEXANDRE","THE THREE MUSKETEERS-DUMAS,ALEXANDRE",THE THREE MUSKETEERS,WORDSWORTH EDITION,,,,1993,,,,,,,,,,,,,,,,,,,,,,,,,,,,,,,,,,,,,,,,,,,,,,,,,,,,,,,0
2019-06-01,1199,0,0,CUSSLER CLIVE,TREASURE OF KHAN-CUSSLER CLIVE,TREASURE OF KHAN,PENGUIN BOOKS N.D.,,,,2006,,685,,,,,,,,,,,,,,,,,,,,,,,,,,,,,,,,,,,,,,,,,,,,,,,,,,,,,0
2019-06-01,1264,0,0,DON BROWN,THE LOST SYMBOL-DON BROWN,THE LOST SYMBOL,BANTAM BOOKS LONDAN,,,,2009,,,,,,,,,,,,,,,,,,,,,,,,,,,,,,,,,,,,,,,,,,,,,,,,,,,,,,,0
2019-06-01,1291,0,0,HARDY THOMAS,TEES OF THE D'URBERVILLES 4 PUNE WOMEN-HARDY THOMAS,TEES OF THE D'URBERVILLES 4 PUNE WOMEN,WORDWORTH,,,,1993,,356,,,,,,,,,,,,,,,,,,,,,,,,,,,,,,,,,,,,,,,,,,,,,,,,,,,,,0
2019-06-01,1327,0,0,FOLLETT KEN,JACKDOWS-FOLLETT KEN,JACKDOWS,MACMILLAN INDIA DELHI,,,,2002,,595,,,,,,,,,,,,,,,,,,,,,,,,,,,,,,,,,,,,,,,,,,,,,,,,,,,,,0
2019-06-01,1341,0,0,FOLLETT KEN,A PRISONERS OF BIRTH-FOLLETT KEN,A PRISONERS OF BIRTH,PAN BOOKS,,,,2008,,530,,,,,,,,,,,,,,,,,,,,,,,,,,,,,,,,,,,,,,,,,,,,,,,,,,,,,0
2019-06-01,1388,0,0,"ROBBINS,HAROLD","THE PERABE-ROBBINS,HAROLD",THE PERABE,IBH PUBS CO.BOMBAY,,,,1974,,348,,,,,,,,,,,,,,,,,,,,,,,,,,,,,,,,,,,,,,,,,,,,,,,,,,,,,0
2019-06-01,1400,0,0,POLIWAL ABHINAVA SHILPI,VOICE-POLIWAL ABHINAVA SHILPI,VOICE,FROG BOOKS BAMBAY,,,,2011,,170,,,,,,,,,,,,,,,,,,,,,,,,,,,,,,,,,,,,,,,,,,,,,,,,,,,,,0
2019-06-01,1440,0,0,WALKER LUCY,THE DISTANT HILLS-WALKER LUCY,THE DISTANT HILLS,FONTANE BOOKS,,,,1968,,187,,,,,,,,,,,,,,,,,,,,,,,,,,,,,,,,,,,,,,,,,,,,,,,,,,,,,0
2019-06-01,1460,0,0,SHAH NEETA,BOLLYWOOD STRIPTEASE-SHAH NEETA,BOLLYWOOD STRIPTEASE,RUPA & CO.,,,,2012,,196,,,,,,,,,,,,,,,,,,,,,,,,,,,,,,,,,,,,,,,,,,,,,,,,,,,,,0
2019-06-01,1499,0,0,ARTRAC PUBLICATION,LEADERSHIP-ARTRAC PUBLICATION,LEADERSHIP,ARMY TRAINNING COMMANDO SCHEME,,,,2007,,246,,,,,,,,,,,,,,,,,,,,,,,,,,,,,,,,,,,,,,,,,,,,,,,,,,,,,0
2019-06-01,1538,0,0,STERN JESSICA,ISIS : THE STATE OF TERROR-STERN JESSICA,ISIS : THE STATE OF TERROR,HARPER COLLINS INDIA,,,,2015,,385,,,,,,,,,,,,,,,,,,,,,,,,,,,,,,,,,,,,,,,,,,,,,,,,,,,,,0
2019-06-01,1563,0,0,SEN AMARTYA,THE IDEA OF JUSTICE-SEN AMARTYA,THE IDEA OF JUSTICE,PENGUIN BOOKS N.D.,,,,2008,,668,,,,,,,,,,,,,,,,,,,,,,,,,,,,,,,,,,,,,,,,,,,,,,,,,,,,,0
2019-06-01,1598,0,0,COELHO PANTO,MANUSRIPT FOUND IN ACCRA-COELHO PANTO,MANUSRIPT FOUND IN ACCRA,HARPER COLLINS INDIA,,,,2013,,192,,,,,,,,,,,,,,,,,,,,,,,,,,,,,,,,,,,,,,,,,,,,,,,,,,,,,0
2019-06-01,1665,0,0,PAWAR ISWARDAS,MY STRUGGLE IN LIFE-PAWAR ISWARDAS,MY STRUGGLE IN LIFE,ISHWARDAS PAWAR CHANDIGARH,,,,1993,,230,,,,,,,,,,,,,,,,,,,,,,,,,,,,,,,,,,,,,,,,,,,,,,,,,,,,,0
2019-06-01,101,0,0,"SHARMA,SHRI RAM","RIGVEDA I-SHARMA,SHRI RAM",RIGVEDA I,"SANSKRITI SANSTHAN,BAREILY",,,,2008,,480,,,,,,,,,,,,,,,,,,,,,,,,,,,,,,,,,,,,,,,,,,,,,,,,,,,,,0
2019-06-01,186,0,0,"NAGAR,AMRIT LAL","SAAT GHOOGHAT WALA CHEHRA-NAGAR,AMRIT LAL",SAAT GHOOGHAT WALA CHEHRA,"RAJPAL AND SONS ,NEW DELHI",,,,2011,,164,,,,,,,,,,,,,,,,,,,,,,,,,,,,,,,,,,,,,,,,,,,,,,,,,,,,,0
2019-06-01,259,0,0,"MUKHARJEE,VISHWANATH","SHARAT SAMAGRA -2 KHAND-MUKHARJEE,VISHWANATH",SHARAT SAMAGRA -2 KHAND,"HINDI PRACHARAK SANSTHAN,VARANASI",,,,,,671,,,,,,,,,,,,,,,,,,,,,,,,,,,,,,,,,,,,,,,,,,,,,,,,,,,,,0
2019-06-01,363,0,0,"DIXIT,RAJESH","PURU AUR SINKANDER-DIXIT,RAJESH",PURU AUR SINKANDER,"HINDI SEVA SADAN,MATHURA",,,,1990,,30,,,,,,,,,,,,,,,,,,,,,,,,,,,,,,,,,,,,,,,,,,,,,,,,,,,,,0
2019-06-01,411,0,0,"SAXENA,SAVITRI","KUCH MAN BITI KUCH JAG BITI-SAXENA,SAVITRI",KUCH MAN BITI KUCH JAG BITI,SANWAAD PRAKASHAN BARELLY,,,,2009,,56,,,,,,,,,,,,,,,,,,,,,,,,,,,,,,,,,,,,,,,,,,,,,,,,,,,,,0
2019-06-01,523,0,0,"MISHRA , YATINDRA (SAMPADAK)","SHAHERNAMA-FAIZABAD-MISHRA , YATINDRA (SAMPADAK)",SHAHERNAMA-FAIZABAD,VAANI PRAKASHAN DELHI,,,,2017,,638,,,,,,,,,,,,,,,,,,,,,,,,,,,,,,,,,,,,,,,,,,,,,,,,,,,,,0
2019-06-01,611,0,0,DIWEDI SHANTNU BIHARI,BHAKTRAJ DHROOV-DIWEDI SHANTNU BIHARI,BHAKTRAJ DHROOV,"GEETA PRESS,GORAKHPUR",,,,,,44,,,,,,,,,,,,,,,,,,,,,,,,,,,,,,,,,,,,,,,,,,,,,,,,,,,,,0
2019-06-01,699,0,0,HAMLYN,1000 GREAT LIVES-HAMLYN,1000 GREAT LIVES,HAMLYN LONDAN,,,,1976,,320,,,,,,,,,,,,,,,,,,,,,,,,,,,,,,,,,,,,,,,,,,,,,,,,,,,,,0
2019-06-01,800,0,0,"BLYTON,ENID","LOOK OUT SECRECT SEVEN-BLYTON,ENID",LOOK OUT SECRECT SEVEN,HODDAR R. STOUGHTAN G.BRITAIN,,,,1992,,104,,,,,,,,,,,,,,,,,,,,,,,,,,,,,,,,,,,,,,,,,,,,,,,,,,,,,0
2019-06-01,879,0,0,"MISHRA,AMARESH","LUCKNOW : FINE OF GRACE-MISHRA,AMARESH",LUCKNOW : FINE OF GRACE,HARPER COLLINS INDIA,,,,1988,,369,,,,,,,,,,,,,,,,,,,,,,,,,,,,,,,,,,,,,,,,,,,,,,,,,,,,,0
2019-06-01,958,0,0,BOYNE JOHN,THE BOY IN THE STRIPED PYJAMAS-BOYNE JOHN,THE BOY IN THE STRIPED PYJAMAS,RANDOM HOUSE LANDON,,,,2008,,215,,,,,,,,,,,,,,,,,,,,,,,,,,,,,,,,,,,,,,,,,,,,,,,,,,,,,0
2019-06-01,1041,0,0,KOKATE MANDER,OH SHIT NOT AGAIN-KOKATE MANDER,OH SHIT NOT AGAIN,EXPRESSION PUBS PUNE INDIA,,,,,,262,,,,,,,,,,,,,,,,,,,,,,,,,,,,,,,,,,,,,,,,,,,,,,,,,,,,,0
2019-06-01,1078,0,0,"KUMAR,N.","BANKING LAW & PRACTICE-KUMAR,N.",BANKING LAW & PRACTICE,"ANMOL PUBS,NEW DELHI",,,,2002,,286,,,,,,,,,,,,,,,,,,,,,,,,,,,,,,,,,,,,,,,,,,,,,,,,,,,,,0
2019-06-01,1157,0,0,"KRISHNAMURTI,J.","BEYOND VOILENCE-KRISHNAMURTI,J.",BEYOND VOILENCE,BI PUBS BOMBAY,,,,1979,,175,,,,,,,,,,,,,,,,,,,,,,,,,,,,,,,,,,,,,,,,,,,,,,,,,,,,,0
2019-06-01,1504,0,0,SRIVASTAVA ASEEM,CHURNING THE EARTH-SRIVASTAVA ASEEM,CHURNING THE EARTH,PENGUIN BOOKS N.D.,,,,2014,,518,,,,,,,,,,,,,,,,,,,,,,,,,,,,,,,,,,,,,,,,,,,,,,,,,,,,,0
2019-06-01,1614,0,0,KRISHAN PRAKASH,A BUREAUCRAT'S DAIRY-KRISHAN PRAKASH,A BUREAUCRAT'S DAIRY,VIKASH PUB HOUSE LBS MASSORIES,,,,1977,,234,,,,,,,,,,,,,,,,,,,,,,,,,,,,,,,,,,,,,,,,,,,,,,,,,,,,,0
2019-06-01,1763,0,0,BOSSIDY LARRY,EXECUTION : THE DISCIPLINE OF GETTING THING DONE-BOSSIDY LARRY,EXECUTION : THE DISCIPLINE OF GETTING THING DONE,RANDOM HOUSE,,,,2011,,276,,,,,,,,,,,,,,,,,,,,,,,,,,,,,,,,,,,,,,,,,,,,,,,,,,,,,0
2019-06-01,1825,0,0,SRICHAITANYA SARAWASTI MATH,THE DEVINE SENITOR-SRICHAITANYA SARAWASTI MATH,THE DEVINE SENITOR,SRICHAITANYA SARAWASTI MATH,,,,1990,,108,,,,,,,,,,,,,,,,,,,,,,,,,,,,,,,,,,,,,,,,,,,,,,,,,,,,,0
2019-06-01,23,0,0,"SWAMI,PRABHUPAAD","SHIR MADBHAGWAT GEETA-YATHAROOP-SWAMI,PRABHUPAAD",SHIR MADBHAGWAT GEETA-YATHAROOP,"MUKTI VEDANT BOOK TRUST,MUMBAI",,,,1990,,576,,,,,,,,,,,,,,,,,,,,,,,,,,,,,,,,,,,,,,,,,,,,,,,,,,,,,0
2019-06-01,54,0,0,"BHARDWAJ,BHAGWAN SARAN","RAM CHARIT MANAS AUR ADHUNIK JEEVAN KI SAMASYAEIN-BHARDWAJ,BHAGWAN SARAN",RAM CHARIT MANAS AUR ADHUNIK JEEVAN KI SAMASYAEIN,"LOKWADI SANSTHAN,DELHI",,,,2004,,192,,,,,,,,,,,,,,,,,,,,,,,,,,,,,,,,,,,,,,,,,,,,,,,,,,,,,0
2019-06-01,99,0,0,"SHARMA,SHRI RAM","ATARV VEDA I-SHARMA,SHRI RAM",ATARV VEDA I,"SANSKRITI SANSTHAN,BAREILY",,,,2009,,542,,,,,,,,,,,,,,,,,,,,,,,,,,,,,,,,,,,,,,,,,,,,,,,,,,,,,0
2019-06-01,133,0,0,SWAMI PRABHUPAAD,KRISHNA KI OAR-SWAMI PRABHUPAAD,KRISHNA KI OAR,"BHAKTI VEDANT BOOK TRUST,MUMBAI",,,,,,73,,,,,,,,,,,,,,,,,,,,,,,,,,,,,,,,,,,,,,,,,,,,,,,,,,,,,0
2019-06-01,194,0,0,"CHATOPADHYAY,SHARAT CHANDRA","CHARITRAHEEN-CHATOPADHYAY,SHARAT CHANDRA",CHARITRAHEEN,"SUBODH PUBLICATION,DELHI",,,,,,448,,,,,,,,,,,,,,,,,,,,,,,,,,,,,,,,,,,,,,,,,,,,,,,,,,,,,0
2019-06-01,240,0,0,"AGARWAL,PRAMOD KUMAR","SAHIB GANJ KI BAHU-AGARWAL,PRAMOD KUMAR",SAHIB GANJ KI BAHU,"SARASWATI PRAKASHAN,ALLAHABAD",,,,1989,,176,,,,,,,,,,,,,,,,,,,,,,,,,,,,,,,,,,,,,,,,,,,,,,,,,,,,,0
2019-06-01,284,0,0,PARASNATH,EK LOTA CHANI-PARASNATH,EK LOTA CHANI,"GEETA PRESS,GORAKHPUR",,,,,,156,,,,,,,,,,,,,,,,,,,,,,,,,,,,,,,,,,,,,,,,,,,,,,,,,,,,,0
2019-06-01,326,0,0,VERMA VRINDALAL,RANI LASKSHMIBAI-VERMA VRINDALAL,RANI LASKSHMIBAI,NATIONAL BOOK TRUST,,,,1997,,88,,,,,,,,,,,,,,,,,,,,,,,,,,,,,,,,,,,,,,,,,,,,,,,,,,,,,0
2019-06-01,350,0,0,RAVINDRA NATH THAKUR,UJHDA GHAR / DO BADAN-RAVINDRA NATH THAKUR,UJHDA GHAR / DO BADAN,HIND POCKET DELHI,,,,1986,,139,,,,,,,,,,,,,,,,,,,,,,,,,,,,,,,,,,,,,,,,,,,,,,,,,,,,,0
2019-06-01,377,0,0,ROHAN BOOK COMPANY,RANASANGA-ROHAN BOOK COMPANY,RANASANGA,ROHAN BOOK COMPANY DELHI,,,,,,24,,,,,,,,,,,,,,,,,,,,,,,,,,,,,,,,,,,,,,,,,,,,,,,,,,,,,0
2019-06-01,407,0,0,OM NISHCHAL(SAMPADAK),DWARIKA PRASAD MASHEWARI RACHNAWALI-OM NISHCHAL(SAMPADAK),DWARIKA PRASAD MASHEWARI RACHNAWALI,JWALA PRASAD VIDHYA SAGAR ALLAHABAD,,,,1993,,484,,,,,,,,,,,,,,,,,,,,,,,,,,,,,,,,,,,,,,,,,,,,,,,,,,,,,0
2019-06-01,452,0,0,"GAUTAM,VEDPRAKASH SAMPADAK","KAVYA KALP-GAUTAM,VEDPRAKASH SAMPADAK",KAVYA KALP,INTER UNIVERSITY PRESS DELHI,,,,1998,,76,,,,,,,,,,,,,,,,,,,,,,,,,,,,,,,,,,,,,,,,,,,,,,,,,,,,,0
2019-06-01,495,0,0,RAMKRISHNA MISSION INSTITUTE,SWAMI VIVEKNAND AUR UNKA SANDESH-RAMKRISHNA MISSION INSTITUTE,SWAMI VIVEKNAND AUR UNKA SANDESH,RAMKRISHNA MISSION INSTITUTE KOLKATA,,,,2008,,68,,,,,,,,,,,,,,,,,,,,,,,,,,,,,,,,,,,,,,,,,,,,,,,,,,,,,0
2019-06-01,513,0,0,"MUKHERJEE,VISHWANATH","YAH BANARUS HAI-MUKHERJEE,VISHWANATH",YAH BANARUS HAI,VISHWAVIDHYALA PRAKASHAN VARANASI,,,,1983,,192,,,,,,,,,,,,,,,,,,,,,,,,,,,,,,,,,,,,,,,,,,,,,,,,,,,,,0
2019-06-01,538,0,0,"SUKUL,KUBERNATH","VARANSAI VAIBHAV-SUKUL,KUBERNATH",VARANSAI VAIBHAV,"BIHAR RASHTRABHASHA PARISHAD,PATNA",,,,2000,,408,,,,,,,,,,,,,,,,,,,,,,,,,,,,,,,,,,,,,,,,,,,,,,,,,,,,,0
2019-06-01,577,0,0,GEETA PRESS,GURU AUR MAATA PITA KE BHAKT BALAK-GEETA PRESS,GURU AUR MAATA PITA KE BHAKT BALAK,"GEETA PRESS,GORAKHPUR",,,,,,80,,,,,,,,,,,,,,,,,,,,,,,,,,,,,,,,,,,,,,,,,,,,,,,,,,,,,0
2019-06-01,605,0,0,FADISHWERNATH RENU,PRATINIDHI KAHANIYAAN-FADISHWERNATH RENU,PRATINIDHI KAHANIYAAN,KITABGHAR PRAKASHAN DELHI,,,,2016,,152,,,,,,,,,,,,,,,,,,,,,,,,,,,,,,,,,,,,,,,,,,,,,,,,,,,,,0
2019-06-01,638,0,0,"SETH,VIKRAM","AN EQUAL MUSIC-SETH,VIKRAM",AN EQUAL MUSIC,VIKING PENGUING N.D,,,,1999,,381,,,,,,,,,,,,,,,,,,,,,,,,,,,,,,,,,,,,,,,,,,,,,,,,,,,,,0
2019-06-01,665,0,0,ELLIOTT C.N.,CIVIL SOCIETY AND DEMOCRACY-ELLIOTT C.N.,CIVIL SOCIETY AND DEMOCRACY,OXFORD UNIVERSITY PRESS,,,,2003,,580,,,,,,,,,,,,,,,,,,,,,,,,,,,,,,,,,,,,,,,,,,,,,,,,,,,,,0
2019-06-01,698,0,0,"SETH,VIKRAM","A SUITABLE BOY-SETH,VIKRAM",A SUITABLE BOY,VIKING PENGUING N.D,,,,1994,,1349,,,,,,,,,,,,,,,,,,,,,,,,,,,,,,,,,,,,,,,,,,,,,,,,,,,,,0
2019-06-01,727,0,0,"HAYES,CARLTON J.H.","CONTEMPORARY EUROPE SINCE 1870-HAYES,CARLTON J.H.",CONTEMPORARY EUROPE SINCE 1870,SURJEET PUBLICATION DELHI,,,,1977,,785,,,,,,,,,,,,,,,,,,,,,,,,,,,,,,,,,,,,,,,,,,,,,,,,,,,,,0
2019-06-01,777,0,0,TAVLEEN SINGH,LOLLIPOP STECAL : WHY INDIA WELL SERVIVE ITS POLITICIANS-TAVLEEN SINGH,LOLLIPOP STECAL : WHY INDIA WELL SERVIVE ITS POLITICIANS,VIKING PENGUING N.D,,,,1999,,320,,,,,,,,,,,,,,,,,,,,,,,,,,,,,,,,,,,,,,,,,,,,,,,,,,,,,0
2019-06-01,815,0,0,HITCHOCK ALFRED,THREE MYSTRY OF THE WHISPERING MUMMY-HITCHOCK ALFRED,THREE MYSTRY OF THE WHISPERING MUMMY,WILLIAM COLLINS ARMADA,,,,1974,,159,,,,,,,,,,,,,,,,,,,,,,,,,,,,,,,,,,,,,,,,,,,,,,,,,,,,,0
2019-06-01,846,0,0,"DIXON,FRANKLIN W","THE HARDY BOYS: 171 TEST CASE-DIXON,FRANKLIN W",THE HARDY BOYS: 171 TEST CASE,ALADIN PAPERBACK NEW YORK,,,,2002,,150,,,,,,,,,,,,,,,,,,,,,,,,,,,,,,,,,,,,,,,,,,,,,,,,,,,,,0
2019-06-01,883,0,0,TZU SUN,THE ART OF WAR -SUN TZU-TZU SUN,THE ART OF WAR -SUN TZU,RUPA AND COMPANY,,,,1999,,172,,,,,,,,,,,,,,,,,,,,,,,,,,,,,,,,,,,,,,,,,,,,,,,,,,,,,0
2019-06-01,920,0,0,HARPER COLLINS,AGATHA CHRISTIE : AN AUTOBIOGRAPHY-HARPER COLLINS,AGATHA CHRISTIE : AN AUTOBIOGRAPHY,HARPER COLLINS INDIA,,,,1993,,560,,,,,,,,,,,,,,,,,,,,,,,,,,,,,,,,,,,,,,,,,,,,,,,,,,,,,0
2019-06-01,966,0,0,NATIONAL BOOK TRUST,QUAKES AND FLAMES - RUSKIN BOND-NATIONAL BOOK TRUST,QUAKES AND FLAMES - RUSKIN BOND,NATIONAL BOOK TRUST N.D,,,,,,52,,,,,,,,,,,,,,,,,,,,,,,,,,,,,,,,,,,,,,,,,,,,,,,,,,,,,0
2019-06-01,992,0,0,GIBBAN EDWARD,THE HISTORY OF THE DECLINE AND FALL OF THE ROMAN EMPIRE-GIBBAN EDWARD,THE HISTORY OF THE DECLINE AND FALL OF THE ROMAN EMPIRE,WORDWORTH,,,,1987,,1056,,,,,,,,,,,,,,,,,,,,,,,,,,,,,,,,,,,,,,,,,,,,,,,,,,,,,0
2019-06-01,1038,0,0,SWIFT JONATHAN,GULLIVER'S TRAVELS-SWIFT JONATHAN,GULLIVER'S TRAVELS,BLOOMSBURY BOOKS,,,,1993,,190,,,,,,,,,,,,,,,,,,,,,,,,,,,,,,,,,,,,,,,,,,,,,,,,,,,,,0
2019-06-01,1105,0,0,GOVT. OF U.P.,H. B. FOR CRIMINAL & REVENUE COURTS-GOVT. OF U.P.,H. B. FOR CRIMINAL & REVENUE COURTS,GOVT. OF U.P.,,,,1954,,141,,,,,,,,,,,,,,,,,,,,,,,,,,,,,,,,,,,,,,,,,,,,,,,,,,,,,0
2019-06-01,1131,0,0,"SMITH,WILBER","MONSOON-SMITH,WILBER",MONSOON,PAN BOOKS,,,,1999,,949,,,,,,,,,,,,,,,,,,,,,,,,,,,,,,,,,,,,,,,,,,,,,,,,,,,,,0
2019-06-01,1164,0,0,KHUSHWANT SINGH,NOT A NICE MEN TO KNOW-KHUSHWANT SINGH,NOT A NICE MEN TO KNOW,PENGUIN BOOKS N.D.,,,,1993,,459,,,,,,,,,,,,,,,,,,,,,,,,,,,,,,,,,,,,,,,,,,,,,,,,,,,,,0
2019-06-01,1198,0,0,CUSSLER CLIVE,THE CHASE-CUSSLER CLIVE,THE CHASE,PENGUIN BOOKS N.D.,,,,2007,,404,,,,,,,,,,,,,,,,,,,,,,,,,,,,,,,,,,,,,,,,,,,,,,,,,,,,,0
2019-06-01,1243,0,0,"WOOLF , VIRGINIA","MRS DALLOWAY-WOOLF , VIRGINIA",MRS DALLOWAY,PENGUIN BOOKS N.D.,,,,1967,,215,,,,,,,,,,,,,,,,,,,,,,,,,,,,,,,,,,,,,,,,,,,,,,,,,,,,,0
2019-06-01,1278,0,0,IRVING WALLACE,THE FAN CLUB-IRVING WALLACE,THE FAN CLUB,CORGI BOOKS,,,,1984,,638,,,,,,,,,,,,,,,,,,,,,,,,,,,,,,,,,,,,,,,,,,,,,,,,,,,,,0
2019-06-01,1312,0,0,HARDY THOMAS,FOR FROM THE MEDDING CROWD-HARDY THOMAS,FOR FROM THE MEDDING CROWD,MCMILLAN LANDON,,,,1976,,447,,,,,,,,,,,,,,,,,,,,,,,,,,,,,,,,,,,,,,,,,,,,,,,,,,,,,0
2019-06-01,1355,0,0,SMITH WILBUR,THOSE IN PERIL-SMITH WILBUR,THOSE IN PERIL,PAN BOOKS,,,,2011,,385,,,,,,,,,,,,,,,,,,,,,,,,,,,,,,,,,,,,,,,,,,,,,,,,,,,,,0
2019-06-01,1395,0,0,TAGORE RABINDRANATH,HUNGRY STONES AND OTHER STORIES-TAGORE RABINDRANATH,HUNGRY STONES AND OTHER STORIES,MACMILLAN INDIA DELHI,,,,1992,,156,,,,,,,,,,,,,,,,,,,,,,,,,,,,,,,,,,,,,,,,,,,,,,,,,,,,,0
2019-06-01,1428,0,0,HAY LOUISE L.,YOU CAN HEAL YOUR LIFE-HAY LOUISE L.,YOU CAN HEAL YOUR LIFE,HAY HOUSE INDIA,,,,2011,,250,,,,,,,,,,,,,,,,,,,,,,,,,,,,,,,,,,,,,,,,,,,,,,,,,,,,,0
2019-06-01,1454,0,0,COLLINS JACKIE,HOLLYWOOD KIDS-COLLINS JACKIE,HOLLYWOOD KIDS,PAN BOOKS,,,,1994,,583,,,,,,,,,,,,,,,,,,,,,,,,,,,,,,,,,,,,,,,,,,,,,,,,,,,,,0
2019-06-01,1490,0,0,ABDUL KALAM A.P.J.,INDIA 2020 : A VISION FOR THE NEW MILLENNIUM-ABDUL KALAM A.P.J.,INDIA 2020 : A VISION FOR THE NEW MILLENNIUM,PENGUIN BOOKS N.D.,,,,1998,,312,,,,,,,,,,,,,,,,,,,,,,,,,,,,,,,,,,,,,,,,,,,,,,,,,,,,,0
2019-06-01,1534,0,0,DAS SOMA,SUMTHING OF A MOCK TALE AT JNU WHERE KURTA FELL IN LOVE WITH JEANS-DAS SOMA,SUMTHING OF A MOCK TALE AT JNU WHERE KURTA FELL IN LOVE WITH JEANS,SRITHI PUB NEW DELHI,,,,2007,,206,,,,,,,,,,,,,,,,,,,,,,,,,,,,,,,,,,,,,,,,,,,,,,,,,,,,,0
2019-06-01,1555,0,0,MENAN RAMESH,THE MAHABHARAT : A MODERN VENDERING VOL.I-MENAN RAMESH,THE MAHABHARAT : A MODERN VENDERING VOL.I,RUPA & CO.,,,,2004,,821,,,,,,,,,,,,,,,,,,,,,,,,,,,,,,,,,,,,,,,,,,,,,,,,,,,,,0
2019-06-01,1585,0,0,KHUSHWANT SINGH,PORTRAIT OF A SERIAL KILLER-KHUSHWANT SINGH,PORTRAIT OF A SERIAL KILLER,ALEPH BOOK NEW DELHI,,,,2015,,213,,,,,,,,,,,,,,,,,,,,,,,,,,,,,,,,,,,,,,,,,,,,,,,,,,,,,0
2019-06-01,1626,0,0,DALRYMPLE WILLIAM,RETURN OF A KING : THE BATTLE FOR AFGHANISTAN-DALRYMPLE WILLIAM,RETURN OF A KING : THE BATTLE FOR AFGHANISTAN,BLOOMSBURY BOOKS,,,,2013,,567,,,,,,,,,,,,,,,,,,,,,,,,,,,,,,,,,,,,,,,,,,,,,,,,,,,,,0
2019-06-01,1674,0,0,MISHR KAMLAPATI (SAMP),BAAL HINDI SHABD KOSH RATNAKAR (HINDI TO HINDI DICTIONARY)-MISHR KAMLAPATI (SAMP),BAAL HINDI SHABD KOSH RATNAKAR (HINDI TO HINDI DICTIONARY),VIDHYA BHAWAN LUCKNOW,,,,1956,,762,,,,,,,,,,,,,,,,,,,,,,,,,,,,,,,,,,,,,,,,,,,,,,,,,,,,,0
2019-06-01,1713,0,0,PALKHIVALA N.A.,INDIA'S PRICELESS HERITAGE-PALKHIVALA N.A.,INDIA'S PRICELESS HERITAGE,BHARTIYA VIDHYA BHAWAN,,,,2003,,48,,,,,,,,,,,,,,,,,,,,,,,,,,,,,,,,,,,,,,,,,,,,,,,,,,,,,0
2019-06-01,1743,0,0,ACEMOGLI DARON,WHY NATION FAIL-ACEMOGLI DARON,WHY NATION FAIL,PROFILE BOOKS,,,,2012,,529,,,,,,,,,,,,,,,,,,,,,,,,,,,,,,,,,,,,,,,,,,,,,,,,,,,,,0
2019-06-01,1775,0,0,JOHARI J.C.,CONTEMPORARY POLITICAL THEORY-JOHARI J.C.,CONTEMPORARY POLITICAL THEORY,STERLING PUBS,,,,1980,,445,,,,,,,,,,,,,,,,,,,,,,,,,,,,,,,,,,,,,,,,,,,,,,,,,,,,,0
2019-06-01,1812,0,0,GUPTA BHARAL BHUSHAN,ARAB - ISRAELI RELATION-GUPTA BHARAL BHUSHAN,ARAB - ISRAELI RELATION,ASHEESH PUBS HOUSE NEW DELHI,,,,1978,,135,,,,,,,,,,,,,,,,,,,,,,,,,,,,,,,,,,,,,,,,,,,,,,,,,,,,,0
2019-06-01,1845,0,0,DICKENS CHARLES,GREAT EXPECTATION-DICKENS CHARLES,GREAT EXPECTATION,VIKASH PUBS.HOUSE,,,,1996,,118,,,,,,,,,,,,,,,,,,,,,,,,,,,,,,,,,,,,,,,,,,,,,,,,,,,,,0
2019-06-01,1874,0,0,CHATURSHRENI VED VATI,INDO.US RELATION-CHATURSHRENI VED VATI,INDO.US RELATION,NATIONAL PUBS HOUSE NEW DELHI,,,,1980,,388,,,,,,,,,,,,,,,,,,,,,,,,,,,,,,,,,,,,,,,,,,,,,,,,,,,,,0
2019-06-01,84,0,0,KANTESHWARANAND,MANAS SINDHU SAR KAIKEY RAHASYA-KANTESHWARANAND,MANAS SINDHU SAR KAIKEY RAHASYA,"VIMLA MAA PRAKASHAN,PRAYAG",,,,1990,,152,,,,,,,,,,,,,,,,,,,,,,,,,,,,,,,,,,,,,,,,,,,,,,,,,,,,,0
2019-06-01,211,0,0,"BHARTI,DHARAMVEER","GUNAHO KA DEVTA-BHARTI,DHARAMVEER",GUNAHO KA DEVTA,"BHARTIYA GYANPEETH,NEW DELHI",,,,2005,,219,,,,,,,,,,,,,,,,,,,,,,,,,,,,,,,,,,,,,,,,,,,,,,,,,,,,,0
2019-06-01,261,0,0,"MUKHARJEE,VISHWANATH","SHARAT SAMAGRA -4 KHAND-MUKHARJEE,VISHWANATH",SHARAT SAMAGRA -4 KHAND,"HINDI PRACHARAK SANSTHAN,VARANASI",,,,,,680,,,,,,,,,,,,,,,,,,,,,,,,,,,,,,,,,,,,,,,,,,,,,,,,,,,,,0
2019-06-01,327,0,0,VERMA BHAGWATICHARAN,SAMPURNA KAHANIYAAN-VERMA BHAGWATICHARAN,SAMPURNA KAHANIYAAN,"RAJKAMAL,DELHI",,,,2006,,368,,,,,,,,,,,,,,,,,,,,,,,,,,,,,,,,,,,,,,,,,,,,,,,,,,,,,0
2019-06-01,431,0,0,TRIPATHI ANANDKUMAR SAMPADAK,KAVYA SANKLAN-PANDIT RAMNARESH TRIPATHI-TRIPATHI ANANDKUMAR SAMPADAK,KAVYA SANKLAN-PANDIT RAMNARESH TRIPATHI,HINDI MANDIR SULTANPUR,,,,1989,,352,,,,,,,,,,,,,,,,,,,,,,,,,,,,,,,,,,,,,,,,,,,,,,,,,,,,,0
2019-06-01,490,0,0,"MODI,PURSHOTTAMDAS","ANTRANG SMARANO MEIN JAISHANKER PRASAD-MODI,PURSHOTTAMDAS",ANTRANG SMARANO MEIN JAISHANKER PRASAD,VISHWAVIDHYALA PRAKASHAN VARANASI,,,,2001,,164,,,,,,,,,,,,,,,,,,,,,,,,,,,,,,,,,,,,,,,,,,,,,,,,,,,,,0
2019-06-01,589,0,0,"SINGH,RAJENDRA PRATAP(SAMPADAK)","PREMCHAND KI SERVOSHRETH KAHANIYA-SINGH,RAJENDRA PRATAP(SAMPADAK)",PREMCHAND KI SERVOSHRETH KAHANIYA,PUSTAK PATH DELHI,,,,2018,,122,,,,,,,,,,,,,,,,,,,,,,,,,,,,,,,,,,,,,,,,,,,,,,,,,,,,,0
2019-06-01,628,0,0,U.P.RAJASVA PARISHAD,U.P.RAJASVA SAHITA 2006 SANSHODHIT -2015-U.P.RAJASVA PARISHAD,U.P.RAJASVA SAHITA 2006 SANSHODHIT -2015,U.P.RAJASVA PARISHAD,,,,2015,,191,,,,,,,,,,,,,,,,,,,,,,,,,,,,,,,,,,,,,,,,,,,,,,,,,,,,,0
2019-06-01,772,0,0,RUPA AND COMPANY,A PRINCESS REMEMBERS : THE MOVEMENT OF THE MAHARANI OF JHANSI-RUPA AND COMPANY,A PRINCESS REMEMBERS : THE MOVEMENT OF THE MAHARANI OF JHANSI,RUPA PUBLICATION NEW DELHI,,,,1995,,407,,,,,,,,,,,,,,,,,,,,,,,,,,,,,,,,,,,,,,,,,,,,,,,,,,,,,0
2019-06-01,1052,0,0,MEHROTRA RAHUL ED.,PLANNING FOR CONSERVATION : LOOKING AT AREA-MEHROTRA RAHUL ED.,PLANNING FOR CONSERVATION : LOOKING AT AREA,WORLD MONUMENT FUND,,,,,,464,,,,,,,,,,,,,,,,,,,,,,,,,,,,,,,,,,,,,,,,,,,,,,,,,,,,,0
2019-06-01,1189,0,0,RAMA BROTHER,COLORNOTES : GREAT EXPECTION NOTES-RAMA BROTHER,COLORNOTES : GREAT EXPECTION NOTES,RAMA BROTHERSDELHI,,,,1997,,144,,,,,,,,,,,,,,,,,,,,,,,,,,,,,,,,,,,,,,,,,,,,,,,,,,,,,0
2019-06-01,1360,0,0,AGATHA CHRISTIE,MURDER OF THE ORIENT EXPRESS-AGATHA CHRISTIE,MURDER OF THE ORIENT EXPRESS,HARPER COLLINS INDIA,,,,2007,,346,,,,,,,,,,,,,,,,,,,,,,,,,,,,,,,,,,,,,,,,,,,,,,,,,,,,,0
2019-06-01,1613,0,0,HUGO'S LANGUAGE INTSTITUES,FRENCH GRAMMAR SIMPLIFIED-HUGO'S LANGUAGE INTSTITUES,FRENCH GRAMMAR SIMPLIFIED,HUGO LANGUAGE INST.LANDON,,,,,,124+32+24,,,,,,,,,,,,,,,,,,,,,,,,,,,,,,,,,,,,,,,,,,,,,,,,,,,,,0
2019-06-01,45,0,0,"BHARADWAJ,BHAGWAN SHARAN","KARMYOG HAI KARMO DWARA PRABHU KI POOJA-BHARADWAJ,BHAGWAN SHARAN",KARMYOG HAI KARMO DWARA PRABHU KI POOJA,"LOKHIT PRAKASHAN,DELHI",,,,2005,,134,,,,,,,,,,,,,,,,,,,,,,,,,,,,,,,,,,,,,,,,,,,,,,,,,,,,,0
2019-06-01,94,0,0,VILAS CHANDRA,SHRI BANKE BIHARI JI KE CHAMATKAR-VILAS CHANDRA,SHRI BANKE BIHARI JI KE CHAMATKAR,"SHRI BANKE BIHARI SEVA PRAKALP,VRINDAVAN",,,,2009,,220,,,,,,,,,,,,,,,,,,,,,,,,,,,,,,,,,,,,,,,,,,,,,,,,,,,,,0
2019-06-01,145,0,0,SAIKALP ADHAYTM SANSTHAN,DAINIK UPASNA -SAIKALP ADHAYTM SANSTHAN,DAINIK UPASNA,"SAI KALP SANSTHAN,BAREILY",,,,2004,,,,,,,,,,,,,,,,,,,,,,,,,,,,,,,,,,,,,,,,,,,,,,,,,,,,,,,0
2019-06-01,266,0,0,"MISHRA,TRINATH","KUMBH GATHA-MISHRA,TRINATH",KUMBH GATHA,"ANAMIKA PRAKASHAN,ALLAHABAD",,,,1989,,124,,,,,,,,,,,,,,,,,,,,,,,,,,,,,,,,,,,,,,,,,,,,,,,,,,,,,0
2019-06-01,337,0,0,SAUNREKSHA CHANDRA KIRAN,JAWAAN MITTI-SAUNREKSHA CHANDRA KIRAN,JAWAAN MITTI,PRATIBHA PRATISTHAAN NAI DELHI,,,,1990,,264,,,,,,,,,,,,,,,,,,,,,,,,,,,,,,,,,,,,,,,,,,,,,,,,,,,,,0
2019-06-01,395,0,0,"ABBASI,NOOR NABI(SAMPADAK)","DIWAN-E-GALIB-ABBASI,NOOR NABI(SAMPADAK)",DIWAN-E-GALIB,GALIB INSTITUTE DELHI,,,,2004,,256,,,,,,,,,,,,,,,,,,,,,,,,,,,,,,,,,,,,,,,,,,,,,,,,,,,,,0
2019-06-01,432,0,0,RATHOR AVDESH KUMAR SINGH,KHUSHBOO PER LAKSHMAN REKHAE-GEET SANGRAH-RATHOR AVDESH KUMAR SINGH,KHUSHBOO PER LAKSHMAN REKHAE-GEET SANGRAH,SUNIJ PRAKASHAN ALIGARH,,,,1999,,112,,,,,,,,,,,,,,,,,,,,,,,,,,,,,,,,,,,,,,,,,,,,,,,,,,,,,0
2019-06-01,486,0,0,"SINGH,GOVIND(SAMPADAK)","CHANDRASHEKHER AZAAD-SINGH,GOVIND(SAMPADAK)",CHANDRASHEKHER AZAAD,SADHNA POCKET BOOKS DELHI,,,,1997,,152,,,,,,,,,,,,,,,,,,,,,,,,,,,,,,,,,,,,,,,,,,,,,,,,,,,,,0
2019-06-01,534,0,0,"AGARWAL,WASUDEV SHRAN","SAARNATH-AGARWAL,WASUDEV SHRAN",SAARNATH,BHARTIYE PURATATVA SARVEKSHAN DELHI,,,,1992,,24,,,,,,,,,,,,,,,,,,,,,,,,,,,,,,,,,,,,,,,,,,,,,,,,,,,,,0
2019-06-01,599,0,0,SRIVASTAVA SHIVANAND,MOTOR GAADI ADHINIYAM 1988-SRIVASTAVA SHIVANAND,MOTOR GAADI ADHINIYAM 1988,HIND PUBLISHING HOUSE ALLAHABAD,,,,1994,,173,,,,,,,,,,,,,,,,,,,,,,,,,,,,,,,,,,,,,,,,,,,,,,,,,,,,,0
2019-06-01,700,0,0,RAMKRISHNA MISSION INSTITUTE,THE CULTURAL HERITAGE OF INDIA-RAMKRISHNA MISSION INSTITUTE,THE CULTURAL HERITAGE OF INDIA,RAMKRISHNA MATH MISSION CALCUTTA,,,,1975,,652,,,,,,,,,,,,,,,,,,,,,,,,,,,,,,,,,,,,,,,,,,,,,,,,,,,,,0
2019-06-01,786,0,0,"BLYTON,ENID","TALES OF PINK WHISTLE-BLYTON,ENID",TALES OF PINK WHISTLE,NEWNES BOOKS GREAT BRETAIN,,,,1990,,551,,,,,,,,,,,,,,,,,,,,,,,,,,,,,,,,,,,,,,,,,,,,,,,,,,,,,0
2019-06-01,915,0,0,MATA AMRITANANDAMAYI MISSION TRUST,MATA AMRITANANDAMAYI - A BIOGRAPHY-MATA AMRITANANDAMAYI MISSION TRUST,MATA AMRITANANDAMAYI - A BIOGRAPHY,MATA AMRITANANDAMAYI TRUST,,,,2008,,248,,,,,,,,,,,,,,,,,,,,,,,,,,,,,,,,,,,,,,,,,,,,,,,,,,,,,0
2019-06-01,1002,0,0,WORDSWORTH CLASSICS,TALES OF THE ARABIAN NIGHTS-WORDSWORTH CLASSICS,TALES OF THE ARABIAN NIGHTS,WORDSWORTH EDITION,,,,1995,,424,,,,,,,,,,,,,,,,,,,,,,,,,,,,,,,,,,,,,,,,,,,,,,,,,,,,,0
2019-06-01,1080,0,0,AVTAR SINGH,PRINCIPLES AND MERCHANTILE LAW-AVTAR SINGH,PRINCIPLES AND MERCHANTILE LAW,"EASTERN BOOK COMPANY,LUCKNOW",,,,2000,,956,,,,,,,,,,,,,,,,,,,,,,,,,,,,,,,,,,,,,,,,,,,,,,,,,,,,,0
2019-06-01,1147,0,0,MACLEAN ALISTAIR,FEAR IS THE KEY-MACLEAN ALISTAIR,FEAR IS THE KEY,HARPER COLLINS INDIA,,,,2005,,372,,,,,,,,,,,,,,,,,,,,,,,,,,,,,,,,,,,,,,,,,,,,,,,,,,,,,0
2019-06-01,1231,0,0,CUSSLER CLIVE,SPARTAN GOLD-CUSSLER CLIVE,SPARTAN GOLD,PENGUIN BOOKS N.D.,,,,2009,,503,,,,,,,,,,,,,,,,,,,,,,,,,,,,,,,,,,,,,,,,,,,,,,,,,,,,,0
2019-06-01,1292,0,0,BHARUCHA RIZBEH,THE FAKIR : THE JOURNEY CANTEEN-BHARUCHA RIZBEH,THE FAKIR : THE JOURNEY CANTEEN,FULL CIRCLE PUB.DELHI,,,,2010,,207,,,,,,,,,,,,,,,,,,,,,,,,,,,,,,,,,,,,,,,,,,,,,,,,,,,,,0
2019-06-01,1419,0,0,VIKASH BOOK,COMPLETE LETTER WRITING-VIKASH BOOK,COMPLETE LETTER WRITING,VIKAS PUB.HOUSE,,,,1988,,236,,,,,,,,,,,,,,,,,,,,,,,,,,,,,,,,,,,,,,,,,,,,,,,,,,,,,0
2019-06-01,1493,0,0,PACHPORE VIRAG,JESUS CHRISTIANITY & VIVEKANADNA-PACHPORE VIRAG,JESUS CHRISTIANITY & VIVEKANADNA,VIVEKANAND KENDRA PRAKASHAN CHENNAI,,,,,,192,,,,,,,,,,,,,,,,,,,,,,,,,,,,,,,,,,,,,,,,,,,,,,,,,,,,,0
2019-06-01,1573,0,0,RAPLAN ROBERT D,THE REVENGE A GEOGRAPHY-RAPLAN ROBERT D,THE REVENGE A GEOGRAPHY,RANDOM HOUSE NEW YORK,,,,2012,,403,,,,,,,,,,,,,,,,,,,,,,,,,,,,,,,,,,,,,,,,,,,,,,,,,,,,,0
2019-06-01,1672,0,0,ZAIDI MOH HASAN,GUIDELINES OF THE SUPREME COURT & HIGH COURT IN CRIMINAL LAW -ZAIDI MOH HASAN,GUIDELINES OF THE SUPREME COURT & HIGH COURT IN CRIMINAL LAW,"ALIA LAW AGENCY,ALLAHABAD",,,,2015,,276,,,,,,,,,,,,,,,,,,,,,,,,,,,,,,,,,,,,,,,,,,,,,,,,,,,,,0
2019-06-01,1744,0,0,PEOPLE PUBLISHING COMPANY,ETIQUETTE RULES & USEGES OF BEST SOCIETY-PEOPLE PUBLISHING COMPANY,ETIQUETTE RULES & USEGES OF BEST SOCIETY,PEOPLE PUBS CO.MELBOURNE,,,,1986,,400,,,,,,,,,,,,,,,,,,,,,,,,,,,,,,,,,,,,,,,,,,,,,,,,,,,,,0
2019-06-01,1840,0,0,ADINNARAYANA L.,SPOKEN ENGLISH-ADINNARAYANA L.,SPOKEN ENGLISH,NEELKAMAL PUBS HYDERABAD,,,,2003,,320,,,,,,,,,,,,,,,,,,,,,,,,,,,,,,,,,,,,,,,,,,,,,,,,,,,,,0
2019-06-01,119,0,0,MOOTESHNAND,SHRI RAMKRISHNA VACHNAMRIT-MOOTESHNAND,SHRI RAMKRISHNA VACHNAMRIT,"RAMKRISHNA MATH,NAGPUR",,,,1990,,187,,,,,,,,,,,,,,,,,,,,,,,,,,,,,,,,,,,,,,,,,,,,,,,,,,,,,0
2019-06-01,410,0,0,"ANSARI,SHAKIR","NAWA-E GUL-ANSARI,SHAKIR",NAWA-E GUL,SHAKIR ANSARI SIKANDRABAD,,,,1996,,72,,,,,,,,,,,,,,,,,,,,,,,,,,,,,,,,,,,,,,,,,,,,,,,,,,,,,0
2019-06-01,675,0,0,"CHEETHAN,ERIKA (ED)","THE PROPHECES OF NOSTRADAMUS-CHEETHAN,ERIKA (ED)",THE PROPHECES OF NOSTRADAMUS,CORGI BOOKS,,,,1987,,477,,,,,,,,,,,,,,,,,,,,,,,,,,,,,,,,,,,,,,,,,,,,,,,,,,,,,0
2019-06-01,1056,0,0,HASNAIN NADEEM,THE OTHER LUCKNOW-HASNAIN NADEEM,THE OTHER LUCKNOW,VANI PRAKASHAN NEW DELHI,,,,2016,,344,,,,,,,,,,,,,,,,,,,,,,,,,,,,,,,,,,,,,,,,,,,,,,,,,,,,,0
2019-06-01,1300,0,0,MAURIER DAPHNE DU,REBECCA-MAURIER DAPHNE DU,REBECCA,ARROW BOOKS,,,,1992,,397,,,,,,,,,,,,,,,,,,,,,,,,,,,,,,,,,,,,,,,,,,,,,,,,,,,,,0
2019-06-01,1517,0,0,DEVASAHAYAM M.G.,J.P.IN JAIL : AN UNCENSORD ACCOUNT-DEVASAHAYAM M.G.,J.P.IN JAIL : AN UNCENSORD ACCOUNT,LOTUS COLLECTION NEW DELHI,,,,2006,,315,,,,,,,,,,,,,,,,,,,,,,,,,,,,,,,,,,,,,,,,,,,,,,,,,,,,,0
2019-06-01,1872,0,0,JOSHI NORIN CHANDRA (ED.),DEMOCRACY & HUMAN VALUES -JOSHI NORIN CHANDRA (ED.),DEMOCRACY & HUMAN VALUES,STERLING PUBS NEW DELHI,,,,1979,,243,,,,,,,,,,,,,,,,,,,,,,,,,,,,,,,,,,,,,,,,,,,,,,,,,,,,,0
2019-06-01,298,0,0,"CHATUR,SEN","VAISHALI KI NAGARVADHU-CHATUR,SEN",VAISHALI KI NAGARVADHU,"RAJPAL AND SONS ,NEW DELHI",,,,2009,,448,,,,,,,,,,,,,,,,,,,,,,,,,,,,,,,,,,,,,,,,,,,,,,,,,,,,,0
2019-06-01,759,0,0,KULKARNI,TWELTH NIGHT - SHAKESPEARS-KULKARNI,TWELTH NIGHT - SHAKESPEARS,PENGUIN BOOKS N.D.,,,,,,357,,,,,,,,,,,,,,,,,,,,,,,,,,,,,,,,,,,,,,,,,,,,,,,,,,,,,0
2019-06-01,1170,0,0,"PANDAY , SNEHLATA","SLIM NOW & STAY SLIM-PANDAY , SNEHLATA",SLIM NOW & STAY SLIM,VITAL BOOKS BANGLORE,,,,1997,,261,,,,,,,,,,,,,,,,,,,,,,,,,,,,,,,,,,,,,,,,,,,,,,,,,,,,,0
2019-06-01,1331,0,0,FOLLETT KEN,NIGHT OVER WATER-FOLLETT KEN,NIGHT OVER WATER,MACMILLAN INDIA DELHI,,,,1992,,642,,,,,,,,,,,,,,,,,,,,,,,,,,,,,,,,,,,,,,,,,,,,,,,,,,,,,0
2019-06-01,1619,0,0,BLY ROBERT W,TIME MANAGEMENT MAKE EVERY SECOND COUNT-BLY ROBERT W,TIME MANAGEMENT MAKE EVERY SECOND COUNT,JACO PUB BOMBAY,,,,,,168,,,,,,,,,,,,,,,,,,,,,,,,,,,,,,,,,,,,,,,,,,,,,,,,,,,,,0
2019-06-01,13,0,0,"SINGH,BHAGWATI PRASAD","MANISHI KI LOKYATRA-SINGH,BHAGWATI PRASAD",MANISHI KI LOKYATRA,"VISHVVIDYALAYA PRAKASHAN,VARANASI",,,,2010,,467,,,,,,,,,,,,,,,,,,,,,,,,,,,,,,,,,,,,,,,,,,,,,,,,,,,,,0
2019-06-01,69,0,0,SWAMI HARIHAR JI MAHARAJ,SHRI MADBHAGWAT GEETA-SWAMI HARIHAR JI MAHARAJ,SHRI MADBHAGWAT GEETA,"GEETA AHSRAM,DELHI",,,,,,727,,,,,,,,,,,,,,,,,,,,,,,,,,,,,,,,,,,,,,,,,,,,,,,,,,,,,0
2019-06-01,12,0,0,"PANDEY,RAVI PRAKASH","ALOKIK YATHARTH-SHRI BABA NEEM KARORI MAHARAJ-PANDEY,RAVI PRAKASH",ALOKIK YATHARTH-SHRI BABA NEEM KARORI MAHARAJ,"SHRI KAINCHI HANUMAN MANDIR,NAINITAL",,,,2004,,412,,,,,,,,,,,,,,,,,,,,,,,,,,,,,,,,,,,,,,,,,,,,,,,,,,,,,0
2019-06-01,544,0,0,"VEDDAN,SUDHIR","BHARAT KI VIDESHNITI:BADALTE SANDARBH-VEDDAN,SUDHIR",BHARAT KI VIDESHNITI:BADALTE SANDARBH,,,,,,,,,,,,,,,,,,,,,,,,,,,,,,,,,,,,,,,,,,,,,,,,,,,,,,,,,,,,0
2019-06-01,598,0,0,POLICE PRABANDH,POLICE PRABANDH KUMBH MELA 2013-POLICE PRABANDH,POLICE PRABANDH KUMBH MELA 2013,KUMBH MELA 2013,,,,2013,,290,,,,,,,,,,,,,,,,,,,,,,,,,,,,,,,,,,,,,,,,,,,,,,,,,,,,,0
2019-06-01,678,0,0,"KESKIE,IAN","CURIOUS: THE DESIRE TO KNOUW AND WHY YOUR FUTURE DEPEND ON IT-KESKIE,IAN",CURIOUS: THE DESIRE TO KNOUW AND WHY YOUR FUTURE DEPEND ON IT,"QUERAIS,LONDAN",,,,2015,,310,,,,,,,,,,,,,,,,,,,,,,,,,,,,,,,,,,,,,,,,,,,,,,,,,,,,,0
2019-06-01,719,0,0,BANI PRASAD,THEORY OF GOVERNMENT IN ANCIENT INDIA-BANI PRASAD,THEORY OF GOVERNMENT IN ANCIENT INDIA,CAPITAL BOOK ALLAHABAD,,,,,,399,,,,,,,,,,,,,,,,,,,,,,,,,,,,,,,,,,,,,,,,,,,,,,,,,,,,,0
2019-06-01,784,0,0,"BLYTON,ENID","THE SMUGGLARIES CANES AND OTHER STORIES-BLYTON,ENID",THE SMUGGLARIES CANES AND OTHER STORIES,AWADH PUB.LONDAN,,,,1993,,476,,,,,,,,,,,,,,,,,,,,,,,,,,,,,,,,,,,,,,,,,,,,,,,,,,,,,0
2019-06-01,819,0,0,"BLYTON,ENID","TALES OF BETSY-MAY-BLYTON,ENID",TALES OF BETSY-MAY,MOMMOTH LONDAN,,,,1991,,136,,,,,,,,,,,,,,,,,,,,,,,,,,,,,,,,,,,,,,,,,,,,,,,,,,,,,0
2019-06-01,842,0,0,"DIXON,FRANKLIN W","THE HARDY BOYS: 79 DANGER UNLIMITED-DIXON,FRANKLIN W",THE HARDY BOYS: 79 DANGER UNLIMITED,DIAMOND BOOKS LONDAN,,,,1993,,155,,,,,,,,,,,,,,,,,,,,,,,,,,,,,,,,,,,,,,,,,,,,,,,,,,,,,0
2019-06-01,903,0,0,"FOLLETT ,KEN","EYE OF THE NEADLE-FOLLETT ,KEN",EYE OF THE NEADLE,PAN BOOKS,,,,1998,,464,,,,,,,,,,,,,,,,,,,,,,,,,,,,,,,,,,,,,,,,,,,,,,,,,,,,,0
2019-06-01,938,0,0,DEVAKANJARI D,MADURAI : THROUGH THE AGE-DEVAKANJARI D,MADURAI : THROUGH THE AGE,ARULMIGU MEENAKSHI,,,,2002,,333,,,,,,,,,,,,,,,,,,,,,,,,,,,,,,,,,,,,,,,,,,,,,,,,,,,,,0
2019-06-01,988,0,0,BIPIN CHANDRA,INDIA'S STRUGGLE FOR INDIPENCE 1857-1947-BIPIN CHANDRA,INDIA'S STRUGGLE FOR INDIPENCE 1857-1947,PENGUIN BOOKS N.D.,,,,1989,,599,,,,,,,,,,,,,,,,,,,,,,,,,,,,,,,,,,,,,,,,,,,,,,,,,,,,,0
2019-06-01,1062,0,0,JOWETT B,THE REPUBLIC OF PLATO-JOWETT B,THE REPUBLIC OF PLATO,OXFORD CLARENDOM PRESS,,,,,,379,,,,,,,,,,,,,,,,,,,,,,,,,,,,,,,,,,,,,,,,,,,,,,,,,,,,,0
2019-06-01,1082,0,0,"SARIN,M.L.","THE NARCOTIC DRUGS AND PSYCHOTROPIC SUBSTANCE ACT 1985-SARIN,M.L.",THE NARCOTIC DRUGS AND PSYCHOTROPIC SUBSTANCE ACT 1985,"VINOD PUBS HOUSE,DELHI",,,,1990,,1084,,,,,,,,,,,,,,,,,,,,,,,,,,,,,,,,,,,,,,,,,,,,,,,,,,,,,0
2019-06-01,1135,0,0,"CIPOLLA,CARLO M.(ED)","THE FANTANE ECONOMIC HISTORY OF EUROPE-CIPOLLA,CARLO M.(ED)",THE FANTANE ECONOMIC HISTORY OF EUROPE,WILLIAM COLLINS ARMADA,,,,1978,,624,,,,,,,,,,,,,,,,,,,,,,,,,,,,,,,,,,,,,,,,,,,,,,,,,,,,,0
2019-06-01,1340,0,0,FOLLETT KEN,SHALL WE TELL THE PRESIDENT-FOLLETT KEN,SHALL WE TELL THE PRESIDENT,PAN BOOKS,,,,2003,,331,,,,,,,,,,,,,,,,,,,,,,,,,,,,,,,,,,,,,,,,,,,,,,,,,,,,,0
2019-06-01,1458,0,0,AINSLIE JANE,CHAI FOR BEGINNERS : A NOVEL-AINSLIE JANE,CHAI FOR BEGINNERS : A NOVEL,RUPA & CO.,,,,2011,,194,,,,,,,,,,,,,,,,,,,,,,,,,,,,,,,,,,,,,,,,,,,,,,,,,,,,,0
2019-06-01,1497,0,0,SINGH SRIJAN PAL,WHAT CAN I GIVE : LIFE LESSON FROM THE MY TEACHER APJ ABDUL KALAM-SINGH SRIJAN PAL,WHAT CAN I GIVE : LIFE LESSON FROM THE MY TEACHER APJ ABDUL KALAM,PENGUIN BOOKS N.D.,,,,2016,,266,,,,,,,,,,,,,,,,,,,,,,,,,,,,,,,,,,,,,,,,,,,,,,,,,,,,,0
2019-06-01,1583,0,0,PANCHMATIA NIRAR,NO SUGAR PLEASE : I AM DIABELIC-PANCHMATIA NIRAR,NO SUGAR PLEASE : I AM DIABELIC,TIMES GROUP BOOKS,,,,2012,,192,,,,,,,,,,,,,,,,,,,,,,,,,,,,,,,,,,,,,,,,,,,,,,,,,,,,,0
2019-06-01,1622,0,0,ARORA V.N.,IMPROVE YOUR WRITNG-ARORA V.N.,IMPROVE YOUR WRITNG,OXFORD UNIVERSITY PRESS,,,,2008,,227,,,,,,,,,,,,,,,,,,,,,,,,,,,,,,,,,,,,,,,,,,,,,,,,,,,,,0
2019-06-01,1656,0,0,SIROHI J.P.S,PROFESSIONAL ETHICS ACCOUNTANCY FOR LAWYERS & BENCH BAR RELATION-SIROHI J.P.S,PROFESSIONAL ETHICS ACCOUNTANCY FOR LAWYERS & BENCH BAR RELATION,ALLAHABAD LAW AGENCY,,,,2004,,462+40,,,,,,,,,,,,,,,,,,,,,,,,,,,,,,,,,,,,,,,,,,,,,,,,,,,,,0
2019-06-01,1700,0,0,GUPTA DIPANKER,THE CAGED PHOENIX CAN INDIA FLY-GUPTA DIPANKER,THE CAGED PHOENIX CAN INDIA FLY,PENGUIN BOOKS N.D.,,,,2009,,322,,,,,,,,,,,,,,,,,,,,,,,,,,,,,,,,,,,,,,,,,,,,,,,,,,,,,0
2019-06-01,1752,0,0,PADMANABHAN S,THE WRITING AN THE WALL : INDIA CHECK MALES AMERICA -2017-PADMANABHAN S,THE WRITING AN THE WALL : INDIA CHECK MALES AMERICA -2017,MANAS PUBISHING HOUSE DELHI,,,,2004,,300,,,,,,,,,,,,,,,,,,,,,,,,,,,,,,,,,,,,,,,,,,,,,,,,,,,,,0
2019-06-01,1792,0,0,ARORA PREM,POLITICAL SCIENCE COMPERATIVE POTICS & INDIAN POLITCAL SYSTEM-ARORA PREM,POLITICAL SCIENCE COMPERATIVE POTICS & INDIAN POLITCAL SYSTEM,BOOK HIRE NEW DELHI,,,,1981,,344,,,,,,,,,,,,,,,,,,,,,,,,,,,,,,,,,,,,,,,,,,,,,,,,,,,,,0
2019-06-01,1870,0,0,WILLRICH MASON,ENERGY AND WORLD POLITICS-WILLRICH MASON,ENERGY AND WORLD POLITICS,THE FREE PRESS NEW YORK,,,,1978,,234,,,,,,,,,,,,,,,,,,,,,,,,,,,,,,,,,,,,,,,,,,,,,,,,,,,,,0
2019-06-01,714,0,0,"RASTOGI,K.P","MODERN SHORT STORIES-RASTOGI,K.P",MODERN SHORT STORIES,BHARAT BHARTI PRAKASHA MEERUT,,,,1972,,96,,,,,,,,,,,,,,,,,,,,,,,,,,,,,,,,,,,,,,,,,,,,,,,,,,,,,0
2019-06-01,1024,0,0,SESHAN T.N.,THE DEGENERATION IF INDIA-SESHAN T.N.,THE DEGENERATION IF INDIA,VIKING PENGUING N.D,,,,1995,,275,,,,,,,,,,,,,,,,,,,,,,,,,,,,,,,,,,,,,,,,,,,,,,,,,,,,,0
2019-06-01,1174,0,0,GANGULY ANAND,GROUP DISCUSSION FOR ADMISSION AND DOBS-GANGULY ANAND,GROUP DISCUSSION FOR ADMISSION AND DOBS,PUSTAK MAHAL DELHI,,,,,,193,,,,,,,,,,,,,,,,,,,,,,,,,,,,,,,,,,,,,,,,,,,,,,,,,,,,,0
2019-06-01,1468,0,0,KHILNANI SUNIL,INCARNATIONS INDIA IN 50 LINES-KHILNANI SUNIL,INCARNATIONS INDIA IN 50 LINES,PENGUIN BOOKS N.D.,,,,2016,,636,,,,,,,,,,,,,,,,,,,,,,,,,,,,,,,,,,,,,,,,,,,,,,,,,,,,,0
2019-06-01,1751,0,0,KHUSHWANT SINGH,NOT A NICE MEN TO KNOW-KHUSHWANT SINGH,NOT A NICE MEN TO KNOW,PENGUIN BOOKS N.D.,,,,1993,,459,,,,,,,,,,,,,,,,,,,,,,,,,,,,,,,,,,,,,,,,,,,,,,,,,,,,,0
2019-06-01,4,0,0,BHRAGU RISHI,BHRAGU SAHINTA-MAHASHASHTRA-BHRAGU RISHI,BHRAGU SAHINTA-MAHASHASHTRA,"LAXMI PRAKASHAN,DELHI",,,,,,238,,,,,,,,,,,,,,,,,,,,,,,,,,,,,,,,,,,,,,,,,,,,,,,,,,,,,0
2019-06-01,27,0,0,"SWAMI,PRABHUPAAD","SHIR MADBHAGWAT GEETA-YATHAROOP-SWAMI,PRABHUPAAD",SHIR MADBHAGWAT GEETA-YATHAROOP,"MUKTI VEDANT BOOK TRUST,MUMBAI",,,,1990,,576,,,,,,,,,,,,,,,,,,,,,,,,,,,,,,,,,,,,,,,,,,,,,,,,,,,,,0
2019-06-01,546,0,0,"KAPOOR,MASTRAM","VINASH LEELAYIEN VISVAPRASIDH-KAPOOR,MASTRAM",VINASH LEELAYIEN VISVAPRASIDH,"FAMILY BOOK,NEW DELHI",,,,1990,,136,,,,,,,,,,,,,,,,,,,,,,,,,,,,,,,,,,,,,,,,,,,,,,,,,,,,,0
2019-06-01,645,0,0,"BAKSHI,N","ENGLISH GRAMMMAR PRACTICE-BAKSHI,N",ENGLISH GRAMMMAR PRACTICE,ORIENT LONGMANN HYDERABAD,,,,2005,,238,,,,,,,,,,,,,,,,,,,,,,,,,,,,,,,,,,,,,,,,,,,,,,,,,,,,,0
2019-06-01,749,0,0,"ALBOM,MITCH","THE FINE PEOPLE YOU MEET IN HEAVEN-ALBOM,MITCH",THE FINE PEOPLE YOU MEET IN HEAVEN,TIME WARNER LONDAN,,,,2003,,231,,,,,,,,,,,,,,,,,,,,,,,,,,,,,,,,,,,,,,,,,,,,,,,,,,,,,0
2019-06-01,824,0,0,"BLYTON,ENID","THE CIRCUS ADVENTURE-BLYTON,ENID",THE CIRCUS ADVENTURE,COLLINS HARPER PUB.,,,,1997,,144,,,,,,,,,,,,,,,,,,,,,,,,,,,,,,,,,,,,,,,,,,,,,,,,,,,,,0
2019-06-01,956,0,0,AMISH,THE IMMORTALS OF MERUHA-AMISH,THE IMMORTALS OF MERUHA,WESTLAND LTD.CHENNAI,,,,2011,,411,,,,,,,,,,,,,,,,,,,,,,,,,,,,,,,,,,,,,,,,,,,,,,,,,,,,,0
2019-06-01,1065,0,0,YOUNG ORAM R,SYSTEMS OF POLITICAL SCIENCS-YOUNG ORAM R,SYSTEMS OF POLITICAL SCIENCS,PRENTICE HALL INC,,,,1968,,113,,,,,,,,,,,,,,,,,,,,,,,,,,,,,,,,,,,,,,,,,,,,,,,,,,,,,0
2019-06-01,1133,0,0,"KAHNEMEN,DANIEL","THINKING FAST AND SLOW-KAHNEMEN,DANIEL",THINKING FAST AND SLOW,PENGUIN BOOKS N.D.,,,,2012,,499,,,,,,,,,,,,,,,,,,,,,,,,,,,,,,,,,,,,,,,,,,,,,,,,,,,,,0
2019-06-01,1266,0,0,LELYVELD JOSHPH,GREAT SOUL : MAHATAMA GANDHI & HIS STRUGGLE WITH INDIA-LELYVELD JOSHPH,GREAT SOUL : MAHATAMA GANDHI & HIS STRUGGLE WITH INDIA,HARPER COLLINS INDIA,,,,2011,,425,,,,,,,,,,,,,,,,,,,,,,,,,,,,,,,,,,,,,,,,,,,,,,,,,,,,,0
2019-06-01,1411,0,0,DAHL RONALD,THE COLLECTED SHORT STORIES-DAHL RONALD,THE COLLECTED SHORT STORIES,PENGUIN BOOKS N.D.,,,,1992,,762,,,,,,,,,,,,,,,,,,,,,,,,,,,,,,,,,,,,,,,,,,,,,,,,,,,,,0
2019-06-01,1526,0,0,RUSSEL BERTLAND,HISTORY OF WESTERN PHILOSPHY-RUSSEL BERTLAND,HISTORY OF WESTERN PHILOSPHY,GEORGE ALLEN UNWIN LTD.,,,,2009,,778,,,,,,,,,,,,,,,,,,,,,,,,,,,,,,,,,,,,,,,,,,,,,,,,,,,,,0
2019-06-01,1609,0,0,BONO EDWARD DE,LATERAL THINKING :A TEXT BOOK OF CREATIVITY-BONO EDWARD DE,LATERAL THINKING :A TEXT BOOK OF CREATIVITY,PENGUIN BOOKS N.D.,,,,1990,,260,,,,,,,,,,,,,,,,,,,,,,,,,,,,,,,,,,,,,,,,,,,,,,,,,,,,,0
2019-06-01,1735,0,0,DIWAKER RAJUTA,DON�T LOSE YOUR MIND LOSE YOUR WEIGHT-DIWAKER RAJUTA,DON�T LOSE YOUR MIND LOSE YOUR WEIGHT,RANDOM HOUSE NEW YORK,,,,2009,,279,,,,,,,,,,,,,,,,,,,,,,,,,,,,,,,,,,,,,,,,,,,,,,,,,,,,,0
2019-06-01,1810,0,0,TRIPATHI R.P.,RISE AND FALL OF MUGHAL EMPIRE-TRIPATHI R.P.,RISE AND FALL OF MUGHAL EMPIRE,CENTRAL BOOK DEPOT ALLAHABAD,,,,1968,,528,,,,,,,,,,,,,,,,,,,,,,,,,,,,,,,,,,,,,,,,,,,,,,,,,,,,,0
2019-06-01,1869,0,0,KAPOOR N.D.,ELEMENT OF MERCANTILE LAW-KAPOOR N.D.,ELEMENT OF MERCANTILE LAW,SULTAN CHAND & SONS NEW DELHI,,,,1994,,336,,,,,,,,,,,,,,,,,,,,,,,,,,,,,,,,,,,,,,,,,,,,,,,,,,,,,0
2019-06-01,626,0,0,U.P.POLICE MUKHALAYA,U.P.POLICE KE LIYE PRIVATE FUND KE RAKHRAKHAO HETU NIRDESH PUSTIKA-U.P.POLICE MUKHALAYA,U.P.POLICE KE LIYE PRIVATE FUND KE RAKHRAKHAO HETU NIRDESH PUSTIKA,U.P.POLICE MUKHALAYA ALLAHABAD,,,,2011,,113,,,,,,,,,,,,,,,,,,,,,,,,,,,,,,,,,,,,,,,,,,,,,,,,,,,,,0
2019-06-01,1075,0,0,MAJUMDAR RC,MAIN CURRENT OF INDIAN HISTORY-MAJUMDAR RC,MAIN CURRENT OF INDIAN HISTORY,S.CHAND AND COMPANY NEW DELHI,,,,1987,,335,,,,,,,,,,,,,,,,,,,,,,,,,,,,,,,,,,,,,,,,,,,,,,,,,,,,,0
2019-06-01,1637,0,0,STUTZ PHIL,THE TOOLS : 5 LIFE CHANGING TECHNIQUES TO UNLOCK YOUR POTAINTIAL-STUTZ PHIL,THE TOOLS : 5 LIFE CHANGING TECHNIQUES TO UNLOCK YOUR POTAINTIAL,VERMILIAN LANDON,,,,2012,,271,,,,,,,,,,,,,,,,,,,,,,,,,,,,,,,,,,,,,,,,,,,,,,,,,,,,,0
2019-06-01,58,0,0,"SWAMI,UTTAM","DHARMACHARAN:PARMANAND KA RAHASYA-SWAMI,UTTAM",DHARMACHARAN:PARMANAND KA RAHASYA,"DHARM EVAM YOG SADHANA SANSTHAN,AGRA",,,,1965,,144,,,,,,,,,,,,,,,,,,,,,,,,,,,,,,,,,,,,,,,,,,,,,,,,,,,,,0
2019-06-01,1529,0,0,SAIGHAL VINOD,DEALING WITH GLOBAL TERRORISM-SAIGHAL VINOD,DEALING WITH GLOBAL TERRORISM,STERLING PUBS NEW DELHI,,,,2003,,398,,,,,,,,,,,,,,,,,,,,,,,,,,,,,,,,,,,,,,,,,,,,,,,,,,,,,0
2019-06-01,87,0,0,SWAMI RAMDEV,YOG SADHANA EVAM YOG CHIKITSA RAHASYA-SWAMI RAMDEV,YOG SADHANA EVAM YOG CHIKITSA RAHASYA,"DIVYA PRAKASHAN,HARIDWAR",,,,2002,,180,,,,,,,,,,,,,,,,,,,,,,,,,,,,,,,,,,,,,,,,,,,,,,,,,,,,,0
2019-06-01,692,0,0,"CHOPRA,DEEPAK","AGELESS BODY TIMELESS MIND-CHOPRA,DEEPAK",AGELESS BODY TIMELESS MIND,RUPA PUBLICATION NEW DELHI,,,,1993,,340,,,,,,,,,,,,,,,,,,,,,,,,,,,,,,,,,,,,,,,,,,,,,,,,,,,,,0
2019-06-01,756,0,0,CHARLES DICKENS,GREAT-EXPECTATIONS-CHARLS DICKENS-CHARLES DICKENS,GREAT-EXPECTATIONS-CHARLS DICKENS,OXFORD UNIVERSITY PRESS,,,,1998,,494,,,,,,,,,,,,,,,,,,,,,,,,,,,,,,,,,,,,,,,,,,,,,,,,,,,,,0
2019-06-01,894,0,0,"SAKSENA,N.S.","TERRORISM HISTORY AND FACTS INDIA-SAKSENA,N.S.",TERRORISM HISTORY AND FACTS INDIA,ABHINAV PUB.NEW DELHI,,,,1985,,323,,,,,,,,,,,,,,,,,,,,,,,,,,,,,,,,,,,,,,,,,,,,,,,,,,,,,0
2019-06-01,1113,0,0,"SESHGIRI,N.","THE BOMB! FALLOUT INDIA'S NUCLEAR EXPLOSION-SESHGIRI,N.",THE BOMB! FALLOUT INDIA'S NUCLEAR EXPLOSION,VIKAS PUB.HOUSE,,,,1975,,147,,,,,,,,,,,,,,,,,,,,,,,,,,,,,,,,,,,,,,,,,,,,,,,,,,,,,0
2019-06-01,1514,0,0,LAMBA ANIL,REMANCING THE BALANCE SHEET-LAMBA ANIL,REMANCING THE BALANCE SHEET,HARPER COLLINS INDIA,,,,2016,,238,,,,,,,,,,,,,,,,,,,,,,,,,,,,,,,,,,,,,,,,,,,,,,,,,,,,,0
2019-06-01,1727,0,0,SINGH ROCKY,HIGHWAY AN MY PLATE : INDIAN GUIDE TO ROAD SIDE EATING-SINGH ROCKY,HIGHWAY AN MY PLATE : INDIAN GUIDE TO ROAD SIDE EATING,RANDOM HOUSE NEW YORK,,,,2012,,324,,,,,,,,,,,,,,,,,,,,,,,,,,,,,,,,,,,,,,,,,,,,,,,,,,,,,0
2019-06-01,1853,0,0,ELIOT GEORGE,THE MILL AN THE FLOSS-ELIOT GEORGE,THE MILL AN THE FLOSS,MADHUBAN EDUCATIONAL BOOK,,,,1996,,128,,,,,,,,,,,,,,,,,,,,,,,,,,,,,,,,,,,,,,,,,,,,,,,,,,,,,0
2019-06-01,197,0,0,"CHATOPADHYAY,SHARAT CHANDRA","AKHRI SAWAL-CHATOPADHYAY,SHARAT CHANDRA",AKHRI SAWAL,"RADHA KRISHNA PRAKASHAN,NEW DELHI",,,,2013,,244,,,,,,,,,,,,,,,,,,,,,,,,,,,,,,,,,,,,,,,,,,,,,,,,,,,,,0
2019-06-01,36,0,0,"PANDEY,CHANRA BHUSHAN","GAYATRI KA CHAITANYA SATTA ME LEELA VILAS-PANDEY,CHANRA BHUSHAN",GAYATRI KA CHAITANYA SATTA ME LEELA VILAS,"GAYATRI SHAKTI PEETH,BAREILY",,,,2006,,210,,,,,,,,,,,,,,,,,,,,,,,,,,,,,,,,,,,,,,,,,,,,,,,,,,,,,0
2019-06-01,76,0,0,AYODHYA SHODH SANSTHAN,RAGHUNATH GAATHA KHAND I-AYODHYA SHODH SANSTHAN,RAGHUNATH GAATHA KHAND I,"AYODHYA SHODH SANSTHAN,AYODHYA",,,,1911,,224,,,,,,,,,,,,,,,,,,,,,,,,,,,,,,,,,,,,,,,,,,,,,,,,,,,,,0
2019-06-01,124,0,0,SHRI RAM KRISHNA MISSION,VEDANT - SWAMI VIVEKANAND-SHRI RAM KRISHNA MISSION,VEDANT - SWAMI VIVEKANAND,"SHRI RAMKRISHAN ASHRAM,NAGPUR",,,,1965,,134,,,,,,,,,,,,,,,,,,,,,,,,,,,,,,,,,,,,,,,,,,,,,,,,,,,,,0
2019-06-01,153,0,0,"SHARMA,SHRI RAM","GEHNA KARMVOGATI-SHARMA,SHRI RAM",GEHNA KARMVOGATI,"YUG NIRMAN YOJNA,MATHURA",,,,2007,,40,,,,,,,,,,,,,,,,,,,,,,,,,,,,,,,,,,,,,,,,,,,,,,,,,,,,,0
2019-06-01,166,0,0,VIVEKANAND KENDRA,DAINIK JEEVAN MEIN GEETA-VIVEKANAND KENDRA,DAINIK JEEVAN MEIN GEETA,VIVEKANAND KENDRA JODHPUR,,,,,,64,,,,,,,,,,,,,,,,,,,,,,,,,,,,,,,,,,,,,,,,,,,,,,,,,,,,,0
2019-06-01,216,0,0,VIMAL MITRA,LAJJA HARAN-VIMAL MITRA,LAJJA HARAN,"RAJPAL AND SONS ,NEW DELHI",,,,1978,,271,,,,,,,,,,,,,,,,,,,,,,,,,,,,,,,,,,,,,,,,,,,,,,,,,,,,,0
2019-06-01,265,0,0,"GEETA PRESS,GORAKHPUR","PAURANIK KAHANIYAN-GEETA PRESS,GORAKHPUR",PAURANIK KAHANIYAN,"GEETA PRESS,GORAKHPUR",,,,,,128,,,,,,,,,,,,,,,,,,,,,,,,,,,,,,,,,,,,,,,,,,,,,,,,,,,,,0
2019-06-01,317,0,0,SIVANI,CHIRSWAMWARA-SIVANI,CHIRSWAMWARA,HIND POCKET BOOKS,,,,2000,,141,,,,,,,,,,,,,,,,,,,,,,,,,,,,,,,,,,,,,,,,,,,,,,,,,,,,,0
2019-06-01,365,0,0,"DIXIT,RAJESH","AMER RAHENGE YE BALIDANI-DIXIT,RAJESH",AMER RAHENGE YE BALIDANI,BHASHA BHAWAN MATHURA,,,,1991,,30,,,,,,,,,,,,,,,,,,,,,,,,,,,,,,,,,,,,,,,,,,,,,,,,,,,,,0
2019-06-01,396,0,0,"SHUKLA,KRIPASHANKER(SAMPADAK)","PURVANCHAL KI MAATI KAVYA SANKLAN-SHUKLA,KRIPASHANKER(SAMPADAK)",PURVANCHAL KI MAATI KAVYA SANKLAN,VARANSEY SANSKRIT SANSTHAN VARANASI,,,,2004,,198,,,,,,,,,,,,,,,,,,,,,,,,,,,,,,,,,,,,,,,,,,,,,,,,,,,,,0
2019-06-01,460,0,0,LOK BHARTI PRAKASHAN,SHANDHYA GEET-MAHADEVI VERMA-LOK BHARTI PRAKASHAN,SHANDHYA GEET-MAHADEVI VERMA,LOK BHARTI PRAKASHAN ALLAHABAD,,,,1995,,83,,,,,,,,,,,,,,,,,,,,,,,,,,,,,,,,,,,,,,,,,,,,,,,,,,,,,0
2019-06-01,501,0,0,"SINGH,RANVIJAY","SARKAR BANANE KE ACHOOK NUSKHE-SINGH,RANVIJAY",SARKAR BANANE KE ACHOOK NUSKHE,N.D.T.FOUNDATION ALLAHABAD,,,,2004,,86,,,,,,,,,,,,,,,,,,,,,,,,,,,,,,,,,,,,,,,,,,,,,,,,,,,,,0
2019-06-01,550,0,0,AYODHYA SHODH SANSTHAN,BHARTIYA BHASHAO MEIN RAM KATHA-SAKSHI SHODH PATRIKA-AYODHYA SHODH SANSTHAN,BHARTIYA BHASHAO MEIN RAM KATHA-SAKSHI SHODH PATRIKA,"AYODHYA SHODH SANSTHAN,FAIZABAD",,,,2009,,220,,,,,,,,,,,,,,,,,,,,,,,,,,,,,,,,,,,,,,,,,,,,,,,,,,,,,0
2019-06-01,596,0,0,U.P.SHAHSHAN PRASHASHAN ANUBHAG,GRAH VIBHAG KI NIYAMAWALIYO KA SANKLAN-U.P.SHAHSHAN PRASHASHAN ANUBHAG,GRAH VIBHAG KI NIYAMAWALIYO KA SANKLAN,PRAKASHAN ANUBHAG U.P.SHASHAN,,,,1997,,319,,,,,,,,,,,,,,,,,,,,,,,,,,,,,,,,,,,,,,,,,,,,,,,,,,,,,0
2019-06-01,630,0,0,U.P.SHASHAN,RAJKIYE SEVA SAMBANDHI ADESHO KA SANKALAN DWITIYE KHAND-1984-U.P.SHASHAN,RAJKIYE SEVA SAMBANDHI ADESHO KA SANKALAN DWITIYE KHAND-1984,U.P.SHAHSHAN,,,,1984,,544,,,,,,,,,,,,,,,,,,,,,,,,,,,,,,,,,,,,,,,,,,,,,,,,,,,,,0
2019-06-01,724,0,0,"GROWER, B.L.","MODERN INDIAN HISTORY-GROWER, B.L.",MODERN INDIAN HISTORY,S.CHAND AND COMPANY NEW DELHI,,,,1997,,680,,,,,,,,,,,,,,,,,,,,,,,,,,,,,,,,,,,,,,,,,,,,,,,,,,,,,0
2019-06-01,752,0,0,"KUPPUSWAMY, B","ELEMENTS OF SOCIAL PSYCHOLOGY-KUPPUSWAMY, B",ELEMENTS OF SOCIAL PSYCHOLOGY,KONARK PUB NEW DELHI,,,,1990,,211,,,,,,,,,,,,,,,,,,,,,,,,,,,,,,,,,,,,,,,,,,,,,,,,,,,,,0
2019-06-01,781,0,0,"BLYTON,ENID","THE WISHING WORD AND OTHER STORIES-BLYTON,ENID",THE WISHING WORD AND OTHER STORIES,AWADH PUB.LONDAN,,,,1993,,191,,,,,,,,,,,,,,,,,,,,,,,,,,,,,,,,,,,,,,,,,,,,,,,,,,,,,0
2019-06-01,853,0,0,"COLLODI,CARLO","THE ADVENTURES OF PENOCCHIO-COLLODI,CARLO",THE ADVENTURES OF PENOCCHIO,CHILDREN PRESS LONDAN,,,,1961,,156,,,,,,,,,,,,,,,,,,,,,,,,,,,,,,,,,,,,,,,,,,,,,,,,,,,,,0
2019-06-01,882,0,0,"ARORA ,R.K. AND ROACH,HR","CUSTOMS AND ETIQUETTE IN THE SERVICE-ARORA ,R.K. AND ROACH,HR",CUSTOMS AND ETIQUETTE IN THE SERVICE,NATRAJ PUBS DEHRADUN,,,,2005,,216,,,,,,,,,,,,,,,,,,,,,,,,,,,,,,,,,,,,,,,,,,,,,,,,,,,,,0
2019-06-01,916,0,0,"DUBOIS , ABBE J.A.","HINDU MANNERS CUSTOMS AND CEREMANIA-DUBOIS , ABBE J.A.",HINDU MANNERS CUSTOMS AND CEREMANIA,RUPA AND COMPANY,,,,1994,,842,,,,,,,,,,,,,,,,,,,,,,,,,,,,,,,,,,,,,,,,,,,,,,,,,,,,,0
2019-06-01,991,0,0,GHOSH AMITAV,RINES OF SMOKE-GHOSH AMITAV,RINES OF SMOKE,PENGUIN BOOKS N.D.,,,,2011,,588,,,,,,,,,,,,,,,,,,,,,,,,,,,,,,,,,,,,,,,,,,,,,,,,,,,,,0
2019-06-01,1016,0,0,AHMED GABRIAL A,COMPARALINE POLITICS-AHMED GABRIAL A,COMPARALINE POLITICS,AMERIND PUB NEW DELHI,,,,1966,,348,,,,,,,,,,,,,,,,,,,,,,,,,,,,,,,,,,,,,,,,,,,,,,,,,,,,,0
2019-06-01,1047,0,0,JACK CANFIELD,CHICKEN SOUP FOR THE SOUL  -JACK CANFIELD,CHICKEN SOUP FOR THE SOUL,HEALTH COMMUNICATION,,,,1997,,348,,,,,,,,,,,,,,,,,,,,,,,,,,,,,,,,,,,,,,,,,,,,,,,,,,,,,0
2019-06-01,1124,0,0,MUGGLE NET.COM,WHAT WILL HAPPEN IN HARRY POTTER-MUGGLE NET.COM,WHAT WILL HAPPEN IN HARRY POTTER,VLYSSE PRESS,,,,,,216,,,,,,,,,,,,,,,,,,,,,,,,,,,,,,,,,,,,,,,,,,,,,,,,,,,,,0
2019-06-01,1159,0,0,"BUCK,PEARL S.","IMPERIAL WOMEN-BUCK,PEARL S.",IMPERIAL WOMEN,LANDSBOROUGH PUBS LONDON,,,,,,347,,,,,,,,,,,,,,,,,,,,,,,,,,,,,,,,,,,,,,,,,,,,,,,,,,,,,0
2019-06-01,1188,0,0,CALE CORNEGIE,HOW TO DEVELOP SELF CONFIDENCE & INFLUENCE PEOPLE BY PUBLIC SPEAKING-CALE CORNEGIE,HOW TO DEVELOP SELF CONFIDENCE & INFLUENCE PEOPLE BY PUBLIC SPEAKING,POCKET BOOKS NEW YORK,,,,1969,,244,,,,,,,,,,,,,,,,,,,,,,,,,,,,,,,,,,,,,,,,,,,,,,,,,,,,,0
2019-06-01,1277,0,0,FIELDING HENRY,THE HISTORY OF TOM JONES-FIELDING HENRY,THE HISTORY OF TOM JONES,RUPA & CO.,,,,1985,,229,,,,,,,,,,,,,,,,,,,,,,,,,,,,,,,,,,,,,,,,,,,,,,,,,,,,,0
2019-06-01,1315,0,0,IRVING WALLACE,THE ALMIGHTY-IRVING WALLACE,THE ALMIGHTY,DELL PUBS NEW YORK,,,,1982,,431,,,,,,,,,,,,,,,,,,,,,,,,,,,,,,,,,,,,,,,,,,,,,,,,,,,,,0
2019-06-01,1354,0,0,DALRYMPLE WILLIAM,CITY OF DJENNS : A YEAR IN DELHI-DALRYMPLE WILLIAM,CITY OF DJENNS : A YEAR IN DELHI,PENGUIN BOOKS N.D.,,,,2004,,350,,,,,,,,,,,,,,,,,,,,,,,,,,,,,,,,,,,,,,,,,,,,,,,,,,,,,0
2019-06-01,1383,0,0,BROKAW CHARLES,THE LUCITAR CODE-BROKAW CHARLES,THE LUCITAR CODE,PENGUIN BOOKS N.D.,,,,2010,,516,,,,,,,,,,,,,,,,,,,,,,,,,,,,,,,,,,,,,,,,,,,,,,,,,,,,,0
2019-06-01,1464,0,0,GIBSON JACK,AS I SAW IT: RECORDS OF A CROWBED LIFE IN INDIA 1937-1969-GIBSON JACK,AS I SAW IT: RECORDS OF A CROWBED LIFE IN INDIA 1937-1969,MUKUL PRAKASHAN NEW DELHI,,,,1976,,723,,,,,,,,,,,,,,,,,,,,,,,,,,,,,,,,,,,,,,,,,,,,,,,,,,,,,0
2019-06-01,1507,0,0,BANERJEE SATARUPA,THE WORKAHOLICS COOK BOOK-BANERJEE SATARUPA,THE WORKAHOLICS COOK BOOK,PENGUIN BOOKS N.D.,,,,1996,,277,,,,,,,,,,,,,,,,,,,,,,,,,,,,,,,,,,,,,,,,,,,,,,,,,,,,,0
2019-06-01,1528,0,0,MASON PHILIP,A MATTER OF HONOUR : INDIAN ARMY & OFFICER & MENS-MASON PHILIP,A MATTER OF HONOUR : INDIAN ARMY & OFFICER & MENS,NATRAJ PUBLICATION DEHRADUN,,,,2004,,580,,,,,,,,,,,,,,,,,,,,,,,,,,,,,,,,,,,,,,,,,,,,,,,,,,,,,0
2019-06-01,1625,0,0,BUSH GEOFFREY,SHAKESPEARE & THE NATURAL CONDITION-BUSH GEOFFREY,SHAKESPEARE & THE NATURAL CONDITION,HARWORD UNI.PRESS,,,,1956,,135,,,,,,,,,,,,,,,,,,,,,,,,,,,,,,,,,,,,,,,,,,,,,,,,,,,,,0
2019-06-01,1652,0,0,PARANJAPAY N.V,INDIAN LEGAL & CONSTITUTIONAL HISTORY-PARANJAPAY N.V,INDIAN LEGAL & CONSTITUTIONAL HISTORY,"CENTRAL LAW AGENCY,ALLAHABAD",,,,2012,,396,,,,,,,,,,,,,,,,,,,,,,,,,,,,,,,,,,,,,,,,,,,,,,,,,,,,,0
2019-06-01,1681,0,0,SUKHDEV PAVAN,CORPORATATION -2020-SUKHDEV PAVAN,CORPORATATION -2020,PENGUIN BOOKS N.D.,,,,2012,,275,,,,,,,,,,,,,,,,,,,,,,,,,,,,,,,,,,,,,,,,,,,,,,,,,,,,,0
2019-06-01,1760,0,0,ZANUZ LAUREN ROBERT,TIMES MANAGEMENT FOR EXECUTIVE-ZANUZ LAUREN ROBERT,TIMES MANAGEMENT FOR EXECUTIVE,RUPA & CO.,,,,1986,,232,,,,,,,,,,,,,,,,,,,,,,,,,,,,,,,,,,,,,,,,,,,,,,,,,,,,,0
2019-06-01,1782,0,0,GUPTA RAJ NARAIN,INDIAN CONSTITUTION & CIVIC LIFE-GUPTA RAJ NARAIN,INDIAN CONSTITUTION & CIVIC LIFE,KITAB MAHAL ALLAHABAD,,,,1971,,369,,,,,,,,,,,,,,,,,,,,,,,,,,,,,,,,,,,,,,,,,,,,,,,,,,,,,0
2019-06-01,1807,0,0,PANIKKAR,THE PRINCIPLES & PRACTICE OF DIPLOMACY-PANIKKAR,THE PRINCIPLES & PRACTICE OF DIPLOMACY,,,,,,,,,,,,,,,,,,,,,,,,,,,,,,,,,,,,,,,,,,,,,,,,,,,,,,,,,,,,0
2019-06-01,1856,0,0,BRONTE CHARLOTTE,JANE EYRE-BRONTE CHARLOTTE,JANE EYRE,MADHUBAN EDUCATIONAL BOOK,,,,1995,,166,,,,,,,,,,,,,,,,,,,,,,,,,,,,,,,,,,,,,,,,,,,,,,,,,,,,,0
2019-06-01,1884,0,0,GOKHALE B.G,ANCIENT INDIAN HISTORY & CULTURE-GOKHALE B.G,ANCIENT INDIAN HISTORY & CULTURE,ASIA PUBLISHING HOUSE,,,,1954,,216,,,,,,,,,,,,,,,,,,,,,,,,,,,,,,,,,,,,,,,,,,,,,,,,,,,,,0
2019-06-01,91,0,0,BAHAN ASHA EVAM BAHAN LADO,HINDUON KE VRIT EVAM TYOHAR-BAHAN ASHA EVAM BAHAN LADO,HINDUON KE VRIT EVAM TYOHAR,"RANDHEER BOOK PRAKASHAN,HARIDWAR",,,,,,224,,,,,,,,,,,,,,,,,,,,,,,,,,,,,,,,,,,,,,,,,,,,,,,,,,,,,0
2019-06-01,285,0,0,"TRIPATHI,RAJENDRA(EDITOR)","GATHA-VEER NARIYON KI-TRIPATHI,RAJENDRA(EDITOR)",GATHA-VEER NARIYON KI,"AMAR UJALA PUBLICATION,AGRA",,,,2014,,81,,,,,,,,,,,,,,,,,,,,,,,,,,,,,,,,,,,,,,,,,,,,,,,,,,,,,0
2019-06-01,414,0,0,"MISHRA,NARENDRA","AMERBAIL BALIDAN KI -MISHRA,NARENDRA",AMERBAIL BALIDAN KI,BHAVNA PRAKASHAN CHITTODPUR,,,,1984,,144,,,,,,,,,,,,,,,,,,,,,,,,,,,,,,,,,,,,,,,,,,,,,,,,,,,,,0
2019-06-01,478,0,0,"VIDHYA LANKAAR,SATYAKAAM","MAHATMA GANDHI-VIDHYA LANKAAR,SATYAKAAM",MAHATMA GANDHI,SHIKSHA BHARTI DELHI,,,,1995,,48,,,,,,,,,,,,,,,,,,,,,,,,,,,,,,,,,,,,,,,,,,,,,,,,,,,,,0
2019-06-01,597,0,0,MAHAVIR SINGH,EK POLICE ADHIKARI KA SAFARNAMA-MAHAVIR SINGH,EK POLICE ADHIKARI KA SAFARNAMA,SERSEVA SANGH PRAKASHAN VARANASI,,,,2013,,256,,,,,,,,,,,,,,,,,,,,,,,,,,,,,,,,,,,,,,,,,,,,,,,,,,,,,0
2019-06-01,643,0,0,"HANDA,SUNIL (COMP)","STORIA FROM HERE AND THERE-HANDA,SUNIL (COMP)",STORIA FROM HERE AND THERE,EKLAVYA EDUCATION AHMADABAD,,,,2010,,418,,,,,,,,,,,,,,,,,,,,,,,,,,,,,,,,,,,,,,,,,,,,,,,,,,,,,0
2019-06-01,863,0,0,RADUYA PUBLISHERS,THE NORTHERN LIGHTS : FAIRY TALES OF THE PEOPLE OF THE NORTH-RADUYA PUBLISHERS,THE NORTHERN LIGHTS : FAIRY TALES OF THE PEOPLE OF THE NORTH,RADUYA PUBLISHERS MASCOV,,,,1989,,247,,,,,,,,,,,,,,,,,,,,,,,,,,,,,,,,,,,,,,,,,,,,,,,,,,,,,0
2019-06-01,1146,0,0,AGATHA CHRISTIE,THE MISTERY OF THE BLUE TRAIN-AGATHA CHRISTIE,THE MISTERY OF THE BLUE TRAIN,HARPER COLLINS INDIA,,,,1958,,232,,,,,,,,,,,,,,,,,,,,,,,,,,,,,,,,,,,,,,,,,,,,,,,,,,,,,0
2019-06-01,1303,0,0,KRANTZ JUDITH,PRINCESS DAISY-KRANTZ JUDITH,PRINCESS DAISY,BANTAM BOOKS,,,,1994,,494,,,,,,,,,,,,,,,,,,,,,,,,,,,,,,,,,,,,,,,,,,,,,,,,,,,,,0
2019-06-01,1385,0,0,AUSTEN JANE,PRIDE AND PREJUDICE-AUSTEN JANE,PRIDE AND PREJUDICE,PENGUIN BOOKS N.D.,,,,1972,,398,,,,,,,,,,,,,,,,,,,,,,,,,,,,,,,,,,,,,,,,,,,,,,,,,,,,,0
2019-06-01,1660,0,0,EASTERN BOOK COMPANY,THE U.P.ZAMIDARI ABOLUTION & LAND REFORM ACT 1950-EASTERN BOOK COMPANY,THE U.P.ZAMIDARI ABOLUTION & LAND REFORM ACT 1950,"EASTERN BOOK COMPANY,LUCKNOW",,,,2008,,192,,,,,,,,,,,,,,,,,,,,,,,,,,,,,,,,,,,,,,,,,,,,,,,,,,,,,0
2019-06-01,1815,0,0,PRASAD ARIERUDH,CENTRE AND STATE POWERS UNDER INDIAN FEDERALISM-PRASAD ARIERUDH,CENTRE AND STATE POWERS UNDER INDIAN FEDERALISM,DEEP & DEEP PUBS,,,,,,308,,,,,,,,,,,,,,,,,,,,,,,,,,,,,,,,,,,,,,,,,,,,,,,,,,,,,0
2019-06-01,60,0,0,RAVEENDRA,MATAJI-EK JHALAK-RAVEENDRA,MATAJI-EK JHALAK,"SHRI ARVIND SOCIETY,HINDI KHETRIYA SAMITI,NOIDA",,,,2015,,109,,,,,,,,,,,,,,,,,,,,,,,,,,,,,,,,,,,,,,,,,,,,,,,,,,,,,0
2019-06-01,111,0,0,"VITSOCKSISUS,BASSILUS G.","GHAR GHAR MEIN PUJIT HINDU DEVI DEVTA-VITSOCKSISUS,BASSILUS G.",GHAR GHAR MEIN PUJIT HINDU DEVI DEVTA,"CHAURBAMBA KRISHNA DAS ACADEMY,VARANASI",,,,1978,,126,,,,,,,,,,,,,,,,,,,,,,,,,,,,,,,,,,,,,,,,,,,,,,,,,,,,,0
2019-06-01,177,0,0,PREMCHANDRA,RANGBHOOMI-PREMCHANDRA,RANGBHOOMI,HANS PRAKASHAN,,,,1993,,488,,,,,,,,,,,,,,,,,,,,,,,,,,,,,,,,,,,,,,,,,,,,,,,,,,,,,0
2019-06-01,304,0,0,PREMCHANDRA,EIDGAH TATHA ANYA KAHANIYAN-PREMCHANDRA,EIDGAH TATHA ANYA KAHANIYAN,HIND POCKET BOOKS,,,,2010,,442,,,,,,,,,,,,,,,,,,,,,,,,,,,,,,,,,,,,,,,,,,,,,,,,,,,,,0
2019-06-01,364,0,0,"DIXIT,RAJESH","JO SHAHEED HUE HAI UNKI���..-DIXIT,RAJESH",JO SHAHEED HUE HAI UNKI���..,BHASHA BHAWAN MATHURA,,,,1991,,32,,,,,,,,,,,,,,,,,,,,,,,,,,,,,,,,,,,,,,,,,,,,,,,,,,,,,0
2019-06-01,475,0,0,RAJPAL AND SONS,DASHDAARSE SOPANTAK -BACCHAN-RAJPAL AND SONS,DASHDAARSE SOPANTAK -BACCHAN,RAJPAL AND SONS DELHI,,,,1991,,498,,,,,,,,,,,,,,,,,,,,,,,,,,,,,,,,,,,,,,,,,,,,,,,,,,,,,0
2019-06-01,528,0,0,RECVEG,HOMEOPATHI -SAMPURNA AVOM SURAKSHIT UPCHAAR-RECVEG,HOMEOPATHI -SAMPURNA AVOM SURAKSHIT UPCHAAR,RECVEG INDIA NEW DELHI,,,,,,,,,,,,,,,,,,,,,,,,,,,,,,,,,,,,,,,,,,,,,,,,,,,,,,,,,,,0
2019-06-01,583,0,0,AYODHYA SHODH SANSTHAN,SAKSHI-DESH KI PARAMPARIK LOK SHAILIYON MEIN RAM KATHA PAR EKARG-AYODHYA SHODH SANSTHAN,SAKSHI-DESH KI PARAMPARIK LOK SHAILIYON MEIN RAM KATHA PAR EKARG,"AYODHYA SHODH SANSTHAN,FAIZABAD",,,,2009,,119,,,,,,,,,,,,,,,,,,,,,,,,,,,,,,,,,,,,,,,,,,,,,,,,,,,,,0
2019-06-01,761,0,0,LAMON M.R,GHOST STORIES-LAMON M.R,GHOST STORIES,PENGUIN BOOKS N.D.,,,,1994,,362,,,,,,,,,,,,,,,,,,,,,,,,,,,,,,,,,,,,,,,,,,,,,,,,,,,,,0
2019-06-01,792,0,0,"BLYTON,ENID","MYSTERIES AND ADVENTURE STORIES-BLYTON,ENID",MYSTERIES AND ADVENTURE STORIES,ARMADA WARPER COLLINS,,,,1988,,174,,,,,,,,,,,,,,,,,,,,,,,,,,,,,,,,,,,,,,,,,,,,,,,,,,,,,0
2019-06-01,840,0,0,"KEENE,CAROLYN","NANCY DREW : 20 VERY DEADLY YOURS-KEENE,CAROLYN",NANCY DREW : 20 VERY DEADLY YOURS,POCKET BOOKS NEW YORK,,,,1993,,150,,,,,,,,,,,,,,,,,,,,,,,,,,,,,,,,,,,,,,,,,,,,,,,,,,,,,0
2019-06-01,980,0,0,CONAN DOYLE ARTHUR,SHERLOCK HOLMES : COMPLETE ILLESBATIONS-CONAN DOYLE ARTHUR,SHERLOCK HOLMES : COMPLETE ILLESBATIONS,RUPA AND COMPANY,,,,1990,,116,,,,,,,,,,,,,,,,,,,,,,,,,,,,,,,,,,,,,,,,,,,,,,,,,,,,,0
2019-06-01,1051,0,0,DEWETT K.K,MODERN ECONOMICS THEORY-DEWETT K.K,MODERN ECONOMICS THEORY,S.CHAND AND COMPANY NEW DELHI,,,,2004,,741,,,,,,,,,,,,,,,,,,,,,,,,,,,,,,,,,,,,,,,,,,,,,,,,,,,,,0
2019-06-01,1220,0,0,CUSSLER CLIVE,THE MAYAN SECRETS-CUSSLER CLIVE,THE MAYAN SECRETS,MICHAL JOSHPH PENGUIN BOOKS,,,,2014,,405,,,,,,,,,,,,,,,,,,,,,,,,,,,,,,,,,,,,,,,,,,,,,,,,,,,,,0
2019-06-01,1298,0,0,RUSHDEE SALMAN,HAROUN & THE SEA OF STORIES-RUSHDEE SALMAN,HAROUN & THE SEA OF STORIES,PENGUIN BOOKS N.D.,,,,1991,,218,,,,,,,,,,,,,,,,,,,,,,,,,,,,,,,,,,,,,,,,,,,,,,,,,,,,,0
2019-06-01,1532,0,0,AGARWAL ARUN,RELIANCE : THE REAL NATWAR-AGARWAL ARUN,RELIANCE : THE REAL NATWAR,MANAS PUBISHING HOUSE DELHI,,,,2008,,282,,,,,,,,,,,,,,,,,,,,,,,,,,,,,,,,,,,,,,,,,,,,,,,,,,,,,0
2019-06-01,1581,0,0,SRI RAMANASRAMAN,THE TACHING OF BHAGAVON SRI RAMANE MAHARISHI IN HIS OWN WORDS-SRI RAMANASRAMAN,THE TACHING OF BHAGAVON SRI RAMANE MAHARISHI IN HIS OWN WORDS,SRI RAMANASRIM TIRUVANNADE,,,,2008,,211,,,,,,,,,,,,,,,,,,,,,,,,,,,,,,,,,,,,,,,,,,,,,,,,,,,,,0
2019-06-01,1755,0,0,ADMANDS ROBIN,SOVIET FOREIGN POLICY 1962-1973-ADMANDS ROBIN,SOVIET FOREIGN POLICY 1962-1973,OXFORD UNIVERSITY PRESS,,,,1975,,197,,,,,,,,,,,,,,,,,,,,,,,,,,,,,,,,,,,,,,,,,,,,,,,,,,,,,0
2019-06-01,1801,0,0,DASAI T.R,LAW RELATING TO TENDERS & GOVT.CONTRACT-DASAI T.R,LAW RELATING TO TENDERS & GOVT.CONTRACT,UNIVERSAL LAW PUBS.,,,,2016,,1122,,,,,,,,,,,,,,,,,,,,,,,,,,,,,,,,,,,,,,,,,,,,,,,,,,,,,0
2019-06-01,1852,0,0,OREZY BARONESS,THE SCRLET PINPERNEL-OREZY BARONESS,THE SCRLET PINPERNEL,MADHUBAN EDUCATIONAL BOOK,,,,1995,,133,,,,,,,,,,,,,,,,,,,,,,,,,,,,,,,,,,,,,,,,,,,,,,,,,,,,,0
2019-06-01,383,0,0,VIRENDRA KUWER,SULAGTE MAUSHAM KI SHUGAAT-VIRENDRA KUWER,SULAGTE MAUSHAM KI SHUGAAT,ANAMIKA PRAKASHAN ALLAHABAD,,,,1991,,62,,,,,,,,,,,,,,,,,,,,,,,,,,,,,,,,,,,,,,,,,,,,,,,,,,,,,0
2019-06-01,649,0,0,HARI JAISINGH,KASHMIR -A TALE OF SHAME-HARI JAISINGH,KASHMIR -A TALE OF SHAME,UBSPD N.D,,,,1996,,235,,,,,,,,,,,,,,,,,,,,,,,,,,,,,,,,,,,,,,,,,,,,,,,,,,,,,0
2019-06-01,804,0,0,"BLYTON,ENID","THE CONGURING WIZARD AND SNIPPITTY'S SHEERS-BLYTON,ENID",THE CONGURING WIZARD AND SNIPPITTY'S SHEERS,AWARD PUBLICATION LTD LONDAN,,,,1994,,,,,,,,,,,,,,,,,,,,,,,,,,,,,,,,,,,,,,,,,,,,,,,,,,,,,,,0
2019-06-01,1335,0,0,FOLLETT KEN,THE SINS OF THE FATHER-FOLLETT KEN,THE SINS OF THE FATHER,MACMILLAN INDIA DELHI,,,,2012,,384,,,,,,,,,,,,,,,,,,,,,,,,,,,,,,,,,,,,,,,,,,,,,,,,,,,,,0
2019-06-01,1545,0,0,OJHA GOPESH KUMAR,PREDICTIVE ASTROLOGY OF THE HINDUS-OJHA GOPESH KUMAR,PREDICTIVE ASTROLOGY OF THE HINDUS,DB TARAPOREWALE & SONS BOMBAY,,,,1990,,347,,,,,,,,,,,,,,,,,,,,,,,,,,,,,,,,,,,,,,,,,,,,,,,,,,,,,0
2019-06-01,62,0,0,"BANDOPADHYAY,SHRI ASHUTOSH","GEETA SATYA PROBODHNI DWITIYA KHAND I-BANDOPADHYAY,SHRI ASHUTOSH",GEETA SATYA PROBODHNI DWITIYA KHAND I,"ASHUTOSH ANUSANDHAN PARISHAD,PRAYAG",,,,2003,,366,,,,,,,,,,,,,,,,,,,,,,,,,,,,,,,,,,,,,,,,,,,,,,,,,,,,,0
2019-06-01,632,0,0,BHATT RAMESHWARAM,VINAY PATRIKA-BHATT RAMESHWARAM,VINAY PATRIKA,AGRA,,,,,,374,,,,,,,,,,,,,,,,,,,,,,,,,,,,,,,,,,,,,,,,,,,,,,,,,,,,,0
2019-06-01,850,0,0,"STEVENSAN,R.L.","THE STRANGE CASE OF THE JEKYLE AND MR.HYDE-STEVENSAN,R.L.",THE STRANGE CASE OF THE JEKYLE AND MR.HYDE,BOOKS.LTD,,,,,,78,,,,,,,,,,,,,,,,,,,,,,,,,,,,,,,,,,,,,,,,,,,,,,,,,,,,,0
2019-06-01,1773,0,0,MISHRA K.P.(ED.),FOREIGN POLICY OF INDIA-MISHRA K.P.(ED.),FOREIGN POLICY OF INDIA,THOMAS PRESS N.D,,,,1977,,304,,,,,,,,,,,,,,,,,,,,,,,,,,,,,,,,,,,,,,,,,,,,,,,,,,,,,0
2019-06-01,29,0,0,"RANADE, EKNATH","ROUSING CALL TO THE HINDU NATION (HINDI ANUWAD)-RANADE, EKNATH",ROUSING CALL TO THE HINDU NATION (HINDI ANUWAD),,,,,2000,,160,,,,,,,,,,,,,,,,,,,,,,,,,,,,,,,,,,,,,,,,,,,,,,,,,,,,,0
2019-06-01,81,0,0,"GOYANKA,JAIDAYAL","RAMAYAN KE KUCH ADARSH PATRA-GOYANKA,JAIDAYAL",RAMAYAN KE KUCH ADARSH PATRA,"GEETA PRESS,GORAKHPUR",,,,,,168,,,,,,,,,,,,,,,,,,,,,,,,,,,,,,,,,,,,,,,,,,,,,,,,,,,,,0
2019-06-01,178,0,0,PREMCHANDRA,NIRMALA-PREMCHANDRA,NIRMALA,HANS PRAKASHAN,,,,1982,,176,,,,,,,,,,,,,,,,,,,,,,,,,,,,,,,,,,,,,,,,,,,,,,,,,,,,,0
2019-06-01,251,0,0,"VERMA,SURENDRA","KATNA SHAMI KA VRIKSHA PADHYA PANKHURI KI DHAR SE-VERMA,SURENDRA",KATNA SHAMI KA VRIKSHA PADHYA PANKHURI KI DHAR SE,"BHARTIYA GYANPEETH,NEW DELHI",,,,2013,,530,,,,,,,,,,,,,,,,,,,,,,,,,,,,,,,,,,,,,,,,,,,,,,,,,,,,,0
2019-06-01,329,0,0,NAAGAR AMRITLAL,MERI PRIY KAHANIYA-NAAGAR AMRITLAL,MERI PRIY KAHANIYA,"RAJKAMAL,DELHI",,,,2012,,128,,,,,,,,,,,,,,,,,,,,,,,,,,,,,,,,,,,,,,,,,,,,,,,,,,,,,0
2019-06-01,429,0,0,"GAUTAM,VEDPRAKASH SAMPADAK","KAVYA KALP-GAUTAM,VEDPRAKASH SAMPADAK",KAVYA KALP,INTER UNIVERSITY PRESS DELHI,,,,1995,,76,,,,,,,,,,,,,,,,,,,,,,,,,,,,,,,,,,,,,,,,,,,,,,,,,,,,,0
2019-06-01,499,0,0,"GAUR,RAMGOPAL","CHAMCHA EK DARSHAN-GAUR,RAMGOPAL",CHAMCHA EK DARSHAN,SHASWAT PRAKASHAN DELHI,,,,1991,,95,,,,,,,,,,,,,,,,,,,,,,,,,,,,,,,,,,,,,,,,,,,,,,,,,,,,,0
2019-06-01,532,0,0,"BALRAM,VEMURI","ANAND KI BOONDEY KHUSHIYOON KE MOTI-BALRAM,VEMURI",ANAND KI BOONDEY KHUSHIYOON KE MOTI,PUSTAK MAHAL DELHI,,,,2006,,312,,,,,,,,,,,,,,,,,,,,,,,,,,,,,,,,,,,,,,,,,,,,,,,,,,,,,0
2019-06-01,683,0,0,"SHIVDASANI,H.K.","DEVELOPING PEOPLE AND ORGANISATIONS-SHIVDASANI,H.K.",DEVELOPING PEOPLE AND ORGANISATIONS,BUSINESS BOOK PUB.HOUSE BOMBAY,,,,1989,,135,,,,,,,,,,,,,,,,,,,,,,,,,,,,,,,,,,,,,,,,,,,,,,,,,,,,,0
2019-06-01,720,0,0,"ALLEN,DAVID","GETTING THINGS DONE : ART AND STRESS FREE PRODUCTIVITY-ALLEN,DAVID",GETTING THINGS DONE : ART AND STRESS FREE PRODUCTIVITY,PENGUIN BOOKS N.D.,,,,2001,,267,,,,,,,,,,,,,,,,,,,,,,,,,,,,,,,,,,,,,,,,,,,,,,,,,,,,,0
2019-06-01,847,0,0,"DIXON,FRANKLIN W","THE HARDY BOYS: 168 THE CASTLE COUNDOWN-DIXON,FRANKLIN W",THE HARDY BOYS: 168 THE CASTLE COUNDOWN,ALADIN PAPERBACK NEW YORK,,,,2002,,150,,,,,,,,,,,,,,,,,,,,,,,,,,,,,,,,,,,,,,,,,,,,,,,,,,,,,0
2019-06-01,904,0,0,"LEVITIN ,D.J","THE ORGANIZED MIND-LEVITIN ,D.J",THE ORGANIZED MIND,PENGUIN BOOKS N.D.,,,,2015,,496,,,,,,,,,,,,,,,,,,,,,,,,,,,,,,,,,,,,,,,,,,,,,,,,,,,,,0
2019-06-01,937,0,0,RAMJI LALL,WILLIAM SHAKESPEERE : A MUD SUMMER NIGHT DREAM-RAMJI LALL,WILLIAM SHAKESPEERE : A MUD SUMMER NIGHT DREAM,SUJEET PUB DELHI,,,,1992,,184,,,,,,,,,,,,,,,,,,,,,,,,,,,,,,,,,,,,,,,,,,,,,,,,,,,,,0
2019-06-01,1079,0,0,"MASSEY,J.P.","ADMINISTRATIVE LAW-MASSEY,J.P.",ADMINISTRATIVE LAW,"EASTERN BOOK COMPANY,LUCKNOW",,,,2005,,548,,,,,,,,,,,,,,,,,,,,,,,,,,,,,,,,,,,,,,,,,,,,,,,,,,,,,0
2019-06-01,1106,0,0,ADVAITVA ASHRAM,VIVEKANAND THE GREAT SPIRITUAL TEACHER-ADVAITVA ASHRAM,VIVEKANAND THE GREAT SPIRITUAL TEACHER,"ADVAITVA ASHRAM,CALCUTTA",,,,2008,,587,,,,,,,,,,,,,,,,,,,,,,,,,,,,,,,,,,,,,,,,,,,,,,,,,,,,,0
2019-06-01,1237,0,0,CUSSLER CLIVE,TREASURE  -CUSSLER CLIVE,TREASURE,HARPER COLLINS INDIA,,,,1998,,600,,,,,,,,,,,,,,,,,,,,,,,,,,,,,,,,,,,,,,,,,,,,,,,,,,,,,0
2019-06-01,1271,0,0,RUSKIN BOND,ALL ROAD : LEAD GANGA-RUSKIN BOND,ALL ROAD : LEAD GANGA,RUPA & CO.,,,,2010,,121,,,,,,,,,,,,,,,,,,,,,,,,,,,,,,,,,,,,,,,,,,,,,,,,,,,,,0
2019-06-01,1308,0,0,GRAY JOHN,WHY MARS & VENUS COLLIDE-GRAY JOHN,WHY MARS & VENUS COLLIDE,HARPER COLLINS INDIA,,,,2008,,249,,,,,,,,,,,,,,,,,,,,,,,,,,,,,,,,,,,,,,,,,,,,,,,,,,,,,0
2019-06-01,1448,0,0,GRISHAM JOHN,THE ASSOCIATE-GRISHAM JOHN,THE ASSOCIATE,ARROW BOOKS,,,,2009,,483,,,,,,,,,,,,,,,,,,,,,,,,,,,,,,,,,,,,,,,,,,,,,,,,,,,,,0
2019-06-01,1482,0,0,DHILLON HARISH,FIRST RAJ OF THE SIKHS-DHILLON HARISH,FIRST RAJ OF THE SIKHS,HAY HOUSE INDIA,,,,2013,,315,,,,,,,,,,,,,,,,,,,,,,,,,,,,,,,,,,,,,,,,,,,,,,,,,,,,,0
2019-06-01,1523,0,0,NOORANI A.G,THE KASHMIR DISPUTES 1947-2012 VOL.I-NOORANI A.G,THE KASHMIR DISPUTES 1947-2012 VOL.I,TULIKA BOOKS,,,,2013,,293,,,,,,,,,,,,,,,,,,,,,,,,,,,,,,,,,,,,,,,,,,,,,,,,,,,,,0
2019-06-01,1655,0,0,MANAV LAW HOUSE,H.B.OF UP ZAMINDARIABOLUTION & LAND REFORM ACT 1950-MANAV LAW HOUSE,H.B.OF UP ZAMINDARIABOLUTION & LAND REFORM ACT 1950,MANAV LAW HOUSE,,,,2008,,432,,,,,,,,,,,,,,,,,,,,,,,,,,,,,,,,,,,,,,,,,,,,,,,,,,,,,0
2019-06-01,1701,0,0,KAUL T.N.,REMINISCENCES DISCRECT & INDISREAT-KAUL T.N.,REMINISCENCES DISCRECT & INDISREAT,LANCERS PUBS,,,,1982,,312,,,,,,,,,,,,,,,,,,,,,,,,,,,,,,,,,,,,,,,,,,,,,,,,,,,,,0
2019-06-01,1819,0,0,PENGUIN BOOKS,ABRAHAM LINCOLN-PENGUIN BOOKS,ABRAHAM LINCOLN,PENGUIN BOOKS,,,,1995,,86,,,,,,,,,,,,,,,,,,,,,,,,,,,,,,,,,,,,,,,,,,,,,,,,,,,,,0
2019-06-01,1850,0,0,VERNE JULES,20000 LEAGUES UNDER THE SEA-VERNE JULES,20000 LEAGUES UNDER THE SEA,VIKASH PUBS.HOUSE,,,,1991,,130,,,,,,,,,,,,,,,,,,,,,,,,,,,,,,,,,,,,,,,,,,,,,,,,,,,,,0
2019-06-01,1889,0,0,"APPADORAI, A","THE SUBSTANCE OF POLITICS-APPADORAI, A",THE SUBSTANCE OF POLITICS,OXFORD UNIVERSITY PRESS,,,,1975,,583,,,,,,,,,,,,,,,,,0,,,,,,,,,,,,Rs,,,,,,Purchased,Yes,Good,Available,,,,,Paperback,Ed.,0,0,,,,,,,0
2019-06-01,437,0,0,LOK BHARTI PRAKASHAN,YAAMA-MAHADEVI VERMA-LOK BHARTI PRAKASHAN,YAAMA-MAHADEVI VERMA,LOK BHARTI PRAKASHAN ALLAHABAD,,,,2012,,105,,,,,,,,,,,,,,,,,,,,,,,,,,,,,,,,,,,,,,,,,,,,,,,,,,,,,0
2019-06-01,581,0,0,AYODHYA SHODH SANSTHAN,SAKSHI-CHATIGARH KE LOKJEEVAN SE RAM SHODH PATRIKA-AYODHYA SHODH SANSTHAN,SAKSHI-CHATIGARH KE LOKJEEVAN SE RAM SHODH PATRIKA,"AYODHYA SHODH SANSTHAN,FAIZABAD",,,,,,192,,,,,,,,,,,,,,,,,,,,,,,,,,,,,,,,,,,,,,,,,,,,,,,,,,,,,0
2019-06-01,859,0,0,RUSSELL J.FOULDS,CHILDREN'S TRIP TO STORY LAND-RUSSELL J.FOULDS,CHILDREN'S TRIP TO STORY LAND,BELTER YOURSELF BOOK BAMBAY,,,,1994,,80,,,,,,,,,,,,,,,,,,,,,,,,,,,,,,,,,,,,,,,,,,,,,,,,,,,,,0
2019-06-01,1214,0,0,CUSSLER CLIVE,THE CHIEF-CUSSLER CLIVE,THE CHIEF,MICHAL JOSHPH PENGUIN BOOKS,,,,2012,,408,,,,,,,,,,,,,,,,,,,,,,,,,,,,,,,,,,,,,,,,,,,,,,,,,,,,,0
2019-06-01,1382,0,0,LUDLUM ROBERT,THE APOCALYPSE WATCH-LUDLUM ROBERT,THE APOCALYPSE WATCH,HARPER COLLINS INDIA,,,,1995,,645,,,,,,,,,,,,,,,,,,,,,,,,,,,,,,,,,,,,,,,,,,,,,,,,,,,,,0
2019-06-01,1530,0,0,BHARGAVA VICHRA KENDRAM & GEETA SWADHAYA SAMITI,BHAGWAD GITA & MODERN PROBLEM-BHARGAVA VICHRA KENDRAM & GEETA SWADHAYA SAMITI,BHAGWAD GITA & MODERN PROBLEM,BHARATTHAYALA VICHRA KANDRAM KENDRA,,,,2001,,420,,,,,,,,,,,,,,,,,,,,,,,,,,,,,,,,,,,,,,,,,,,,,,,,,,,,,0
2019-06-01,14,0,0,"PARAMHANS,YOGANAND","MANAV KI NIRANTAR KHOJ-PARAMHANS,YOGANAND",MANAV KI NIRANTAR KHOJ,"YOGDA SATSANG SOCIETY,KOLKATA",,,,2010,,548,,,,,,,,,,,,,,,,,,,,,,,,,,,,,,,,,,,,,,,,,,,,,,,,,,,,,0
2019-06-01,97,0,0,SHRI PITAMBARA PEETH,SHRI BAGLAMUKHI RAHASYAM -SHRI PITAMBARA PEETH,SHRI BAGLAMUKHI RAHASYAM,"SHRI PITAMBARA PEETH,DATIYA,M.P.",,,,1997,,389,,,,,,,,,,,,,,,,,,,,,,,,,,,,,,,,,,,,,,,,,,,,,,,,,,,,,0
2019-06-01,188,0,0,"NAGAR,AMRIT LAL","SHATRANJ KE MOHRE-NAGAR,AMRIT LAL",SHATRANJ KE MOHRE,"BHARTIYA GYANPEETH,NEW DELHI",,,,,,425,,,,,,,,,,,,,,,,,,,,,,,,,,,,,,,,,,,,,,,,,,,,,,,,,,,,,0
2019-06-01,299,0,0,JAGDISH CHANDRA,MUTHI BHAR KANKAR-JAGDISH CHANDRA,MUTHI BHAR KANKAR,"BHARTIYA GYANPEETH,NEW DELHI",,,,1976,,206,,,,,,,,,,,,,,,,,,,,,,,,,,,,,,,,,,,,,,,,,,,,,,,,,,,,,0
2019-06-01,442,0,0,VISHESH LAKSHMI,HINDI KAVI SAMMELAN AUR MANCHIY KAVIYO KA SAHITYIK YOGDAAN-VISHESH LAKSHMI,HINDI KAVI SAMMELAN AUR MANCHIY KAVIYO KA SAHITYIK YOGDAAN,PRAGATI PRAKASHAN AGRA,,,,1985,,368,,,,,,,,,,,,,,,,,,,,,,,,,,,,,,,,,,,,,,,,,,,,,,,,,,,,,0
2019-06-01,566,0,0,"AGARWAL,R.K.","CHAMATKARI LEHSUN-AGARWAL,R.K.",CHAMATKARI LEHSUN,"ROJGAR PRAKASHAN,MATHURA",,,,1993,,128,,,,,,,,,,,,,,,,,,,,,,,,,,,,,,,,,,,,,,,,,,,,,,,,,,,,,0
2019-06-01,676,0,0,WORDSWORTH EDITION,THE ART OF WAR -SUN TZU-WORDSWORTH EDITION,THE ART OF WAR -SUN TZU,WORDSWORTH EDITION,,,,1998,,243,,,,,,,,,,,,,,,,,,,,,,,,,,,,,,,,,,,,,,,,,,,,,,,,,,,,,0
2019-06-01,952,0,0,"MCNAUGHT,JUDITH","PERFECT  -MCNAUGHT,JUDITH",PERFECT,POCKET BOOKS NEW YORK,,,,1993,,677,,,,,,,,,,,,,,,,,,,,,,,,,,,,,,,,,,,,,,,,,,,,,,,,,,,,,0
2019-06-01,1008,0,0,LONG JOHN,WANDERINGS IN INDIA-LONG JOHN,WANDERINGS IN INDIA,RUPA PUBLICATION NEW DELHI,,,,2015,,436,,,,,,,,,,,,,,,,,,,,,,,,,,,,,,,,,,,,,,,,,,,,,,,,,,,,,0
2019-06-01,1101,0,0,"SINGH,G.P","EQUITY,TRUST,MORTGAGES & FEDUCIARY RELATION-SINGH,G.P","EQUITY,TRUST,MORTGAGES & FEDUCIARY RELATION","CENTRAL LAW AGENCY,ALLAHABAD",,,,2004,,336,,,,,,,,,,,,,,,,,,,,,,,,,,,,,,,,,,,,,,,,,,,,,,,,,,,,,0
2019-06-01,1367,0,0,MALMGREN PIPPA,SIGNALS : STORY OF WORLD ECONOMY-MALMGREN PIPPA,SIGNALS : STORY OF WORLD ECONOMY,GROSMEAV HOUSE LANDON,,,,2016,,334,,,,,,,,,,,,,,,,,,,,,,,,,,,,,,,,,,,,,,,,,,,,,,,,,,,,,0
2019-06-01,1432,0,0,FREEMAN R U,A DISOBEDIENT GIRL-FREEMAN R U,A DISOBEDIENT GIRL,PENGUIN BOOKS N.D.,,,,2009,,374,,,,,,,,,,,,,,,,,,,,,,,,,,,,,,,,,,,,,,,,,,,,,,,,,,,,,0
2019-06-01,1537,0,0,RAHEJA TUSHAR,ANYTHING FOR YOU MAAM-RAHEJA TUSHAR,ANYTHING FOR YOU MAAM,SRITHI PUB NEW DELHI,,,,2007,,230,,,,,,,,,,,,,,,,,,,,,,,,,,,,,,,,,,,,,,,,,,,,,,,,,,,,,0
2019-06-01,1784,0,0,RHYS ERNEST ED.,PHILOSPHY & THEOLOGY-RHYS ERNEST ED.,PHILOSPHY & THEOLOGY,J.M.DENT & SONS LANDON,,,,,,287,,,,,,,,,,,,,,,,,,,,,,,,,,,,,,,,,,,,,,,,,,,,,,,,,,,,,0
2019-06-01,1881,0,0,MISHRA K.P.(ED.),INTERNATIONAL RELATION THEORY-MISHRA K.P.(ED.),INTERNATIONAL RELATION THEORY,VIKASH PUBS.HOUSE,,,,1980,,245,,,,,,,,,,,,,,,,,,,,,,,,,,,,,,,,,,,,,,,,,,,,,,,,,,,,,0
2019-06-01,459,0,0,RATHOR AVDESH KUMAR SINGH,CHAYA KHOJE DHOOP-RATHOR AVDESH KUMAR SINGH,CHAYA KHOJE DHOOP,SUNIJ PRAKASHAN ALIGARH,,,,2005,,107,,,,,,,,,,,,,,,,,,,,,,,,,,,,,,,,,,,,,,,,,,,,,,,,,,,,,0
2019-06-01,1683,0,0,ADVAITA ASHRAM,LIFE OF SRI RAMKRISHNA-ADVAITA ASHRAM,LIFE OF SRI RAMKRISHNA,"ADVAITVA ASHRAM,CALCUTTA",,,,1998,,472,,,,,,,,,,,,,,,,,,,,,,,,,,,,,,,,,,,,,,,,,,,,,,,,,,,,,0
2019-06-01,740,0,0,MOUNT FERDINAND,THE TEARS OF THE RAJAS-MOUNT FERDINAND,THE TEARS OF THE RAJAS,SEMON AND SCHUSTER NEW DELHI,,,,2016,,773,,,,,,,,,,,,,,,,,,,,,,,,,,,,,,,,,,,,,,,,,,,,,,,,,,,,,0
