id,field,old,new,confidence
1,title,Shri Madbhagwatgeeta- Yatharthageeta,Shrimad Bhagavad Gita: Yatharth Geeta,high
1,publisher,Shri Paramhans Swami Adgadanand Shri Ashram Trust,Shri Paramhans Swami Adgadanand Ji Ashram Trust,high
2,title,Jeevanadarsh Evam Aatmanubhooti,Jeevanadarsh Evam Atmanubhuti,medium
2,publisher,Shri Paramhans Swami Adgadanand Shri Ashram Trust,Shri Paramhans Swami Adgadanand Ji Ashram Trust,medium
3,title,Bhartiya Sanskriti Ka Vishva Samrajya,Bharatiya Sanskriti Ka Vishwa Samrajya,medium
3,author,"Mishra, s.k.",S. K. Mishra,medium
4,title,Hindu Dharam Kya Hai? Mahatma Gandhi,Hindu Dharm Kya Hai?,high
4,author,Bhartiya Itihaas Anusandhan Parishad,Mahatma Gandhi,high
5,title,Shir Madbhagwat Geeta-yatharoop,Shrimad Bhagavad Gita Yatharoop,high
5,author,"Swami, prabhupaad",A. C. Bhaktivedanta Swami Prabhupada,high
5,publisher,Mukti Vedant Book Trust,Bhaktivedanta Book Trust,high
6,title,Shri Madbhagwatgeeta,Shrimad Bhagavad Gita,high
6,author,"Geeta Press, gorakhpur","Gita Press, Gorakhpur",high
6,publisher,Geeta Press,Gita Press,high
7,title,Gyan Sarowar Bhag-3,Gyan Sarovar Bhag 3,medium
9,author,"Jain, madhu ED.",Madhu Jain,medium
9,publisher,"Sadhu Ramswaroop Mahila Vishwvidyalaay, bareily","Sahu Ramswaroop Mahila Vidyalaya, Bareilly",medium
10,title,Chanakya Neeti Evam Sootra Sangrah,Chanakya Neeti Evam Sutra Sangrah,medium
11,title,Sunsaan Ke Sahchar,Sunsan Ke Sahchar,high
11,author,Shri Ram Sharma,Shriram Sharma Acharya,high
14,title,Shyam- Phir Ek Baar Tum Mil Jaate,"Shyam, Phir Ek Baar Tum Mil Jaate",high
14,author,"Joshi, dinkar",Dinkar Joshi,high
15,title,Shri Madbhagwat Geeta,Shrimad Bhagavad Gita,high
15,author,"Satvalekar, shripad Damodar",Shripad Damodar Satwalekar,high
15,publisher,"Basant Shripad Satvalekar, balsad","Vasant Shripad Satwalekar, Valsad",high
16,title,Shri Madbhagwat Puran -pratham Khand,"Shrimad Bhagavat Puran, Pratham Khand",high
16,author,"Geeta Press, gorakhpur","Gita Press, Gorakhpur",high
16,publisher,Geeta Press,Gita Press,high
17,author,Bible Society Of India,Bible Society of India,high
17,publisher,"Bible Society Of India, banglore","Bible Society of India, Bangalore",high
18,title,Raghunath Gaatha Khand II,Raghunath Gatha Khand II,medium
18,publisher,"Ayodhya Shodh Sansthan, ayodhya","Ayodhya Shodh Sansthan, Ayodhya",medium
19,publisher,Geeta Press,Gita Press,high
20,title,Shir Hanumachcharit Manas,Shri Hanumachcharit Manas,medium
20,author,"Gupta, daudayal",Daudayal Gupta,medium
21,author,"Sharma, shri Ram",Shriram Sharma Acharya,high
21,publisher,"Sanskriti Sansthan, bareily","Sanskriti Sansthan, Bareilly",high
22,title,Shri Harigeeta,Shri Harigita,medium
22,author,"Bhargava, deenanath",Dinanath Bhargava,medium
23,title,Rigveda IV,Rigveda Vol. 4,high
23,author,"Sharma, shri Ram",Shriram Sharma Acharya,high
23,publisher,"Sanskriti Sansthan, bareily","Sanskriti Sansthan, Bareilly",high
24,title,108 Upnishad (sadhna Khand),108 Upanishad (Sadhana Khand),high
24,author,"Sharma, shri Ram",Shriram Sharma Acharya,high
24,publisher,"Sanskriti Sansthan, bareily","Sanskriti Sansthan, Bareilly",high
26,title,Bhagwatgeeta,Bhagavad Gita,medium
26,author,Rajgopalacharya,C. Rajagopalachari,medium
27,title,Sarv Bhaum Adhaymik Vigyan,Sarvabhaum Adhyatmik Vigyan,medium
27,publisher,"Swami Parmanand Yogsadhnashram, merrut","Swami Parmanand Yogsadhnashram, Meerut",medium
28,title,Bhent-swami Shivanand Saraswati Evam Swami Satyanand Saraswati,Bhent: Swami Shivanand Saraswati Evam Swami Satyanand Saraswati,medium
28,publisher,"Shivanand Math, munger","Shivanand Math, Munger",medium
29,title,Vindhachal Mahatmya,Vindhyachal Mahatmya,medium
29,author,"Mishra, shivdutt",Shivdutt Mishra,medium
30,title,"Arya Sanatan Aur Hindu Dharm, Dharm Parivartan Hota Hi Nahi",Arya Sanatan Aur Hindu Dharm: Dharm Parivartan Hota Hi Nahin,medium
30,author,Adgadanand Ji,Swami Adgadanand,medium
31,title,Jahn Jahn Ram Charan Chaki Jahi,Jahan Jahan Ram Charan Chali Jahin,medium
31,author,Shri Ram Sanskriti Sodh Sansthan,Shri Ram Sanskriti Shodh Sansthan,medium
32,author,"Joshi, yogendra",Yogendra Joshi,medium
32,publisher,Yogendra Doshi Joonagarh,"Yogendra Doshi, Junagadh",medium
33,author,Akhandanand Saraswati,Swami Akhandanand Saraswati,medium
34,title,Hinduon Me Isamaseeh Ke Prati Aastha Lekin Girija Dharmmat Ke Prati Anashtha: Aisa Kyon,Hinduon Mein Isamasih Ke Prati Aastha Lekin Girija Dharmmat Ke Prati Anaastha: Aisa Kyon,medium
34,author,Swami Abhedanand,Swami Abhedananda,medium
34,publisher,Shri Ramkrishan Vedant Math,Shri Ramkrishna Vedanta Math,medium
35,title,Dharm Shikhsa,Dharm Shiksha,medium
35,author,Jagdeeshwanand Saraswati,Swami Jagdishwaranand Saraswati,medium
36,author,Omanand Saraswati,Swami Omanand Saraswati,medium
36,publisher,Arya Dharmarth Nyas Hindon,"Arya Dharmarth Nyas, Hindon",medium
37,title,Band Gali Ka Aakhri Makaan,Band Gali Ka Aakhiri Makaan,high
37,author,Dharamveer Bharti,Dharamvir Bharati,high
37,publisher,Bhartiay Gyanpeeth,Bharatiya Jnanpith,high
38,author,Premchandra,Premchand,high
39,author,"Nagar, amrit Lal",Amritlal Nagar,high
39,publisher,Rajpal And Sons,Rajpal and Sons,high
40,author,"Nagar, amrit Lal",Amritlal Nagar,high
40,publisher,Bhartiya Gyanpeeth,Bharatiya Jnanpith,high
41,author,"Chatopadhyay, sharat Chandra",Sharatchandra Chattopadhyay,high
41,language,English,Hindi,high
43,author,"Kohli, narendra",Narendra Kohli,high
44,author,"Renu, phadishwarnath",Phanishwar Nath Renu,high
45,publisher,Bhartiya Gyanpeeth,Bharatiya Jnanpith,high
46,title,Charu Chandra Lekh,Charu Chandralekh,high
46,author,"Dwivedi, hajari Prasad",Hazari Prasad Dwivedi,high
47,author,"Rai, viveki",Viveki Rai,medium
48,language,English,Hindi,medium
49,author,Abid Surti,Aabid Surti,medium
51,title,Anand Math,Anandmath,high
51,author,"Bankim Chandra, chatterjee",Bankim Chandra Chattopadhyay,high
53,title,Kohvar Ki Shart,Kohbar Ki Shart,high
53,author,"Mishra, keshav Prasad",Keshav Prasad Mishra,high
54,title,Sharatchandra Ki Anmol Kahaniya,Sharatchandra Ki Anmol Kahaniyan,medium
54,author,"Agarwal, balram",Balram Agarwal,medium
55,title,Terah Anupam Kahaniya,Terah Anupam Kahaniyan,medium
56,title,Mewad Ki Kathayein Bhag-4,Mewar Ki Kathayen Bhag 4,medium
56,author,"Mishra, pratap Narayan",Pratap Narayan Mishra,medium
57,title,Sanskritik Kahaniyan Bhag-5,Sanskritik Kahaniyan Bhag 5,medium
60,author,Khuswant Singh,Khushwant Singh,high
61,title,Draupdi,Draupadi,high
61,author,"Rai, pratima",Pratibha Ray,high
61,publisher,Rajpal And Sons,Rajpal and Sons,high
62,title,Mansarovar -7,Mansarovar Vol. 7,high
62,author,Premchandra,Premchand,high
63,title,Mansarover-2,Mansarovar Vol. 2,high
63,author,Premchandra,Premchand,high
64,title,Mansarover-5,Mansarovar Vol. 5,high
64,author,Premchandra,Premchand,high
65,title,Shiksha Jagat Ki Kahaniya,Shiksha Jagat Ki Kahaniyan,medium
65,author,Giriraj Sharan Sampadan,Giriraj Sharan Agrawal,medium
66,title,Meri Priy Kahaniya,Meri Priya Kahaniyan,high
66,author,"Mohan, rakesh",Mohan Rakesh,high
67,title,Meri Priy Kahaniya,Meri Priya Kahaniyan,high
67,author,Chatur Sen,Acharya Chatursen,high
67,publisher,Rajpal And Sons,Rajpal and Sons,high
68,title,Aakash Deep,Akashdeep,high
68,author,Jai Shanker Prasad,Jaishankar Prasad,high
68,publisher,Bharitya Granth Niketan,Bharatiya Granth Niketan,high
69,title,Pratinidhi Kahaniyaan,Pratinidhi Kahaniyan,high
69,author,"Singh, kanshinath",Kashinath Singh,high
70,title,Kashi Ki Assi,Kashi Ka Assi,high
70,author,"Singh, kanshinath",Kashinath Singh,high
71,author,"Vidhya Lankaar, satyakaam",Satyakam Vidyalankar,medium
71,publisher,Shiksha Bharti Delhi,"Shiksha Bharti, Delhi",medium
73,title,Chandragupt Vikramadtya,Chandragupta Vikramaditya,medium
73,author,"Nagayach, prakash",Prakash Nagayach,medium
73,publisher,Interuniversity Press Delhi,"Interuniversity Press, Delhi",medium
74,title,Anupam Hindi Vyakaran Tatha Rachna Bhaag-2,Anupam Hindi Vyakaran Tatha Rachna Bhag 2,medium
74,author,"Kapoor, shyamchandra",Shyamchandra Kapoor,medium
74,publisher,Pitamber Publishing Delhi,"Pitambar Publishing, Delhi",medium
76,author,"Dixit, rajesh",Rajesh Dixit,medium
76,publisher,Bhasha Bhawan Mathura,"Bhasha Bhawan, Mathura",medium
77,author,"Dixit, rajesh",Rajesh Dixit,medium
77,publisher,Rashtriya Prakashan Mandir Bhopal,"Rashtriya Prakashan Mandir, Bhopal",medium
78,title,Baal Bagiya Mashik Patrika May 2001,"Baal Bagiya Masik Patrika, May 2001",medium
78,author,Khare Sandeep Sampadak,Sandeep Khare,medium
79,author,Geeta Press,Gita Press,medium
79,publisher,Geeta Press Gorakhpur,"Gita Press, Gorakhpur",medium
80,title,Asht Vinayak,Ashtavinayak,medium
80,author,Geeta Press,Gita Press,medium
80,publisher,Geeta Press Gorakhpur,"Gita Press, Gorakhpur",medium
81,title,Mewaad Ki Kathae,Mewar Ki Kathayen,medium
81,author,Mishra Pratapnarayan,Pratap Narayan Mishra,medium
81,publisher,Lokhit Prakashan Lucknow,"Lokhit Prakashan, Lucknow",medium
82,title,Galib Ki Aapbiti,Ghalib Ki Aapbeeti,medium
82,author,"Farooqui, nisar Ahmad(sampadak)",Nisar Ahmad Farooqi,medium
82,publisher,Galib Institute Delhi,"Ghalib Institute, Delhi",medium
84,title,Swarn Dhuli,Swarnadhuli,high
84,publisher,Ramrajya Prakashan Lucknow,"Ramrajya Prakashan, Lucknow",high
86,title,Jaishanker Prasad Pratinidhi Kavitae,Jaishankar Prasad: Pratinidhi Kavitayen,high
86,author,Rajkamal Prakashan,Jaishankar Prasad,high
86,publisher,Rajkamal Prakashan Delhi,"Rajkamal Prakashan, Delhi",high
88,title,Chitambara,Chidambara,high
88,publisher,Rajkamal Prakashan Delhi,"Rajkamal Prakashan, Delhi",high
89,title,Ravindranath Ka Baal Sahitya Bhaag-1,Ravindranath Ka Baal Sahitya Bhag 1,medium
89,author,"Mazoomdar, leela (sampadak)",Leela Majumdar,medium
89,publisher,Sahitya Academy Delhi,"Sahitya Akademi, Delhi",medium
90,author,"Gupt, mathilisharan",Maithilisharan Gupt,high
90,publisher,Sangeet Sadan Jhanshi,"Sahitya Sadan, Chirgaon (Jhansi)",high
92,author,Jaishanker Prasad,Jaishankar Prasad,high
92,publisher,Prasad Prakashan Varanasi,"Prasad Prakashan, Varanasi",high
93,author,"Maachve, prabhakar (sampadak)",Prabhakar Machwe,medium
93,publisher,Allied Publishers Mumbai,"Allied Publishers, Mumbai",medium
94,author,"Dinkar, ramdhari Singh",Ramdhari Singh Dinkar,high
94,publisher,Rajpal And Sons Delhi,"Rajpal and Sons, Delhi",high
96,author,Chamanlal (sampadak),Chaman Lal,medium
96,publisher,Prakashan Vibhag Bharat Sarkar Delhi,"Prakashan Vibhag, Bharat Sarkar, Delhi",medium
97,author,"Dwevedi , shantnu Vihari",Shantanu Bihari Dwivedi,medium
97,publisher,Geeta Press Gorakhpur,"Gita Press, Gorakhpur",medium
98,title,Thele Per Himalaya,Thele Par Himalaya,high
98,author,"Bharti, dharmveer",Dharamvir Bharati,high
98,publisher,Bhartiye Gyan Peeth Delhi,"Bharatiya Jnanpith, Delhi",high
99,title,Smriti Ki Rekhae-mahadevi Verma,Smriti Ki Rekhayen,high
99,author,Lok Bharti Prakashan,Mahadevi Varma,high
99,publisher,Lok Bharti Prakashan Allahabad,"Lokbharti Prakashan, Allahabad",high
100,publisher,Shiksha Bharti Delhi,"Shiksha Bharti, Delhi",medium
101,title,Dhuruswami,Dhruvswamini,medium
101,author,,Jaishankar Prasad,medium
102,title,Jayant-natak,Jayant (Natak),medium
102,author,"Tripathi, ramnaresh(sampadak)",Ramnaresh Tripathi,medium
102,publisher,Hindi Mandir Sultanpur,"Hindi Mandir, Sultanpur",medium
103,title,Skandgupt-jaishanker Prasad,Skandgupt,high
103,author,Diamond Pocket Books,Jaishankar Prasad,high
103,publisher,Diamond Pocket Books Delhi,"Diamond Pocket Books, Delhi",high
103,language,English,Hindi,high
104,title,Bhartiye Itihaas Kosh,Bharatiya Itihas Kosh,high
104,author,"Bhattacharya, sachinanda",Sachchidananda Bhattacharya,high
104,publisher,Hindi Sansthan U.P.,"Hindi Sansthan, U.P.",high
105,title,Ujjyini Aur Mahakaal,Ujjayini Aur Mahakal,medium
105,publisher,Prachya Niketan Ujjain,"Prachya Niketan, Ujjain",medium
106,title,Historical Atles Of The Indian Penisula,An Historical Atlas of the Indian Peninsula,high
106,author,Daves Collin,C. Collin Davies,high
107,title,Khato Ka Safernama-amratapritam Aur Imroz,Khaton Ka Safarnama: Amrita Pritam Aur Imroz,high
107,author,"Trilok, uma (sampadak)",Uma Trilok,high
107,publisher,Hind Pocket Books Delhi,"Hind Pocket Books, Delhi",high
107,language,English,Hindi,high
108,title,Naya Daur (avadh Ank),Naya Daur (Avadh Ank),medium
108,author,Suchna Avom Jansampark Vibhag U.P.,"Suchna Evam Jansampark Vibhag, U.P.",medium
108,publisher,Suchna Avom Jansampark Vibhag U.P.,"Suchna Evam Jansampark Vibhag, U.P.",medium
109,author,Shiv Kheda,Shiv Khera,high
109,publisher,Phool Circle Delhi,"Full Circle, Delhi",high
110,title,Dudhwa Rashtriya Uddhyan,Dudhwa Rashtriya Udyan,medium
110,author,"Singh, ramlakhan",Ram Lakhan Singh,medium
110,publisher,Bison Singh Mahendra Pal Singh Dehradun,"Bishen Singh Mahendra Pal Singh, Dehradun",medium
111,title,Udaipur Rajya Ka Itihaas - Pratham Khand,"Udaipur Rajya Ka Itihas, Pratham Khand",high
111,author,Ojha Gaurishanker Hirachand,Gaurishankar Hirachand Ojha,high
111,publisher,Rajasthani Granthgaar Jodhpur,"Rajasthani Granthagar, Jodhpur",high
112,title,Rashmirathi-ramdhari Singh Dinkar,Rashmirathi,high
112,author,Lokbharti Prakashan,Ramdhari Singh Dinkar,high
113,title,Hriday Rog Se Mukti-atmkatha,Hriday Rog Se Mukti,high
113,author,"Vang, abhay",Abhay Bang,high
114,title,Ghareloo Bagwani Kaise Karein,Gharelu Bagwani Kaise Karen,medium
114,author,"Shahi, shashikala",Shashikala Shahi,medium
114,language,English,Hindi,medium
115,author,"Shankdhar, n.k.",N. K. Shankdhar,medium
115,publisher,L.k.diabetic Centre,L. K. Diabetic Centre,medium
116,title,Naari Dharmshashtra,Nari Dharmashastra,medium
116,author,"Pandey, ramtej",Ramtej Pandey,medium
116,publisher,Bhargava Pustakalaya Banaras,"Bhargava Pustakalaya, Banaras",medium
117,title,Phool Aur Tarkariyon Ka Sarakshan,Phool Aur Tarkariyon Ka Sanrakshan,medium
117,author,"Garg, s.k.",S. K. Garg,medium
118,title,Sanskrit Saurabh Bhag-2,Sanskrit Saurabh Bhag 2,medium
118,publisher,Neeta Prakashn,Neeta Prakashan,medium
121,title,Sakshi-desh Ki Paramparik Lok Shailiyon Mein Ram Katha Par Ekarg,Sakshi: Desh Ki Paramparik Lok Shailiyon Mein Ram Katha Par Ekagra,medium
121,publisher,"Ayodhya Shodh Sansthan, faizabad","Ayodhya Shodh Sansthan, Faizabad",medium
122,author,Chatur Acharya,Acharya Chatursen,high
122,publisher,Rajpal Prakashan Delhi,"Rajpal Prakashan, Delhi",high
123,title,Meri Priy Kahaniya,Meri Priya Kahaniyan,high
123,author,"Verma, bhagwaticharan",Bhagwaticharan Verma,high
123,publisher,Rajpal Prakashan Delhi,"Rajpal Prakashan, Delhi",high
124,title,Haldi Ghati,Haldighati,high
124,author,"Pandey, shyamnarayan",Shyamnarayan Pandey,high
124,publisher,Indian Press Allahabad,"Indian Press, Allahabad",high
125,title,Sati Drowpadi,Sati Draupadi,medium
125,publisher,Geeta Press,Gita Press,medium
126,title,Podash Sanskar Paddhati,Shodash Sanskar Paddhati,medium
126,author,Gautam Chamanlal (sampadak),Chamanlal Gautam,medium
126,publisher,Sanskrit Sansthan Barelly,"Sanskriti Sansthan, Bareilly",medium
127,author,"Tripathi, shreeprakash Mani",Shreeprakash Mani Tripathi,medium
127,publisher,Pratyush Publication Delhi,"Pratyush Publication, Delhi",medium
128,title,Seva Nivratti Labh Avom Parivarik Pension Yojna Niyam Adhesh Sankalan,Seva Nivritti Labh Evam Parivarik Pension Yojna Niyam Adesh Sankalan,medium
128,author,"U.p.shahshan, vitt Vibhag","Vitt Vibhag, Uttar Pradesh Shasan",medium
128,publisher,U.p.shahshan,Uttar Pradesh Shasan,medium
129,title,Police Niyukti Siddhant Avom Vyavhar,Police Niyukti: Siddhant Evam Vyavhar,medium
129,author,"Mishra, trinath",Trinath Mishra,medium
129,publisher,Police Trainning College Muradabad,"Police Training College, Moradabad",medium
130,title,Vishwa Prashid Kahaniyaan,Vishwa Prasiddh Kahaniyan,medium
130,publisher,Granth Academy Delhi,"Granth Academy, Delhi",medium
131,title,The Invisble Man,The Invisible Man,high
131,author,"Wells, h.g.",H. G. Wells,high
131,publisher,Vikas Pub.house,Vikas Publishing House,high
132,title,Selected Eassys From Spectator,Selected Essays from The Spectator,medium
132,author,"Asthana, b.p.(ed)",B. P. Asthana,medium
132,publisher,Sahity Bhandar Meerut,"Sahitya Bhandar, Meerut",medium
134,author,"Robert, g.d",Gregory David Roberts,high
134,publisher,Abacus Londan,"Abacus, London",high
135,title,Political Terrorism An Indictment Of Impercalism,Political Terrorism: An Indictment of Imperialism,high
135,author,"Pankav, yu",Yuri Pankov,high
135,publisher,Progresspub Mascov,"Progress Publishers, Moscow",high
136,title,Mistakes To Avoid In English,Mistakes to Avoid in English,high
136,author,Harward Peter,Peter Howard,high
136,publisher,Orint Longman,Orient Longman,high
137,author,Harward Peter,Peter Howard,high
137,publisher,Orint Longman,Orient Longman,high
138,author,Swami Sivanand,Swami Sivananda,high
138,publisher,Devine Life Society Tehrigarwal,"Divine Life Society, Tehri-Garhwal",high
138,language,Hindi,English,high
139,author,Captain Marryat,Frederick Marryat,high
140,title,Candida By Bernard Show,Candida,high
140,author,"Word, a.c. ED.",George Bernard Shaw,high
140,publisher,Orint Longman,Orient Longman,high
140,language,Hindi,English,high
142,title,A Gatherring Of Friends,A Gathering of Friends: My Favourite Stories,high
142,author,Bond Ruskin,Ruskin Bond,high
142,publisher,A Lot Book Company,Aleph Book Company,high
143,title,Abraham Lincolan -a Complete Biography,Abraham Lincoln: A Complete Biography,high
143,author,Bonson G.R.,Lord Charnwood,high
143,publisher,Lexicon Book Delhi,"Lexicon Books, Delhi",high
144,author,Lawe Norman,Norman Lowe,high
144,publisher,Macmillan India Delhi,"Macmillan India, Delhi",high
145,title,Smash Hit Party Games,Smash-Hit Party Games,high
145,author,"Nicholson, joyce",Joyce Nicholson,high
145,language,Hindi,English,high
146,title,The Three Mistakes Of My Life,The 3 Mistakes of My Life,high
146,author,"Bhagat, chetan",Chetan Bhagat,high
146,publisher,Rupa Publication New Delhi,"Rupa Publications, New Delhi",high
147,title,The Indian Journal Of Public Administration,The Indian Journal of Public Administration,high
147,author,"Agarwal, u.c ED.",U. C. Agarwal (Ed.),high
147,publisher,Indian Journal Pub.admin.new Delhi,"Indian Institute of Public Administration, New Delhi",high
148,author,Reader Digest,Reader's Digest,high
148,publisher,Reader Digest Canada,"Reader's Digest, Canada",high
148,language,Hindi,English,high
149,title,The Terumala Temple,The Tirumala Temple,high
149,author,"Rameson, n.",N. Ramesan,high
149,publisher,Tirumala Tripati Devas Thanams,Tirumala Tirupati Devasthanams,high
150,title,Mind Wise,Mindwise,high
150,author,"Epley, nicholas",Nicholas Epley,high
151,title,Jinnah - India-partition-independence,"Jinnah: India, Partition, Independence",high
151,publisher,Rupa Publication New Delhi,"Rupa Publications, New Delhi",high
152,title,The National Calture Of India,The National Culture of India,high
152,author,Abid Hussain.s,S. Abid Husain,high
152,language,Hindi,English,high
153,title,Two Faces Of Indira Gandhi,Two Faces of Indira Gandhi,high
153,author,Vasudev Uma,Uma Vasudev,high
153,publisher,Vikas Pub.house,Vikas Publishing House,high
154,title,The Gangas In Myth And History,The Ganges in Myth and History,high
154,author,"Darian, steven G.",Steven G. Darian,high
154,publisher,University Press Hawai,University Press of Hawaii,high
155,title,The Nationalist Mivement In India,The Nationalist Movement in India,medium
155,author,Mahadev Vidhya Dhar,Vidya Dhar Mahajan,medium
155,publisher,Sterling Pubs New Delhi,"Sterling Publishers, New Delhi",medium
156,title,Reminiscencas Of Nehru Age,Reminiscences of the Nehru Age,high
156,author,Mathai.m.o.,M. O. Mathai,high
156,publisher,Vikas Pub.house,Vikas Publishing House,high
157,title,The Oxford History Of India,The Oxford History of India,high
157,author,"Smith, Vincant A",Vincent A. Smith,high
158,title,The House Of Marwar,The House of Marwar,high
158,author,Singh Dhananjaya,Dhananjaya Singh,high
158,publisher,Lotus Collection New Delhi,"Lotus Collection, New Delhi",high
159,title,The Autobiography Of Unknown Indian,The Autobiography of an Unknown Indian,high
159,author,Chaudhari. Nirad C.,Nirad C. Chaudhuri,high
159,publisher,Jaico Pub House Delhi,"Jaico Publishing House, Delhi",high
160,title,City Of Djinns : A Year In Delhi,City of Djinns: A Year in Delhi,high
160,author,"Dalrumple , William",William Dalrymple,high
161,title,A Short History Of English Liteture,A Short History of English Literature,high
161,author,Evans Ifore,Ifor Evans,high
162,title,The Art Of Thinking Clearly,The Art of Thinking Clearly,high
162,author,Dodelli Rolf,Rolf Dobelli,high
162,publisher,Hoddler And Stoughtas Londan,"Hodder and Stoughton, London",high
163,author,Turgener I.S.,Ivan Turgenev,medium
163,publisher,Foreph Language Pub.house Moscov,"Foreign Languages Publishing House, Moscow",medium
163,language,Hindi,English,medium
164,title,Where Eaqla Dare,Where Eagles Dare,high
164,author,Maclean Alistair,Alistair MacLean,high
164,publisher,Harper Collins India,HarperCollins India,high
165,title,Think And Grow Rich,Think and Grow Rich,high
165,author,"Napolian, hill",Napoleon Hill,high
165,publisher,D.b.taraporevalu And Sons Bombey,"D. B. Taraporevala Sons, Bombay",high
166,title,Red Earth And Pouring Rain,Red Earth and Pouring Rain,high
166,publisher,Vikas Pub.house,Vikas Publishing House,high
167,title,Letters Of Swami Vivekanand,Letters of Swami Vivekananda,high
167,author,Advaita Ashrama,Swami Vivekananda,high
167,publisher,Adviata Sharam Calcutta,"Advaita Ashrama, Calcutta",high
168,author,"Stine, r.l.",R. L. Stine,medium
168,publisher,Scholastic Line New York,"Scholastic, New York",medium
169,title,The Mystry Of The Magic Circle,The Mystery of the Magic Circle,medium
169,author,"Blyton, enid",M. V. Carey,medium
169,publisher,Basil Blackwell U.K.,"Basil Blackwell, UK",medium
170,title,The Magical Adventures Of The Wishing Chair,The Magical Adventures of the Wishing Chair,high
170,author,"Blyton, enid",Enid Blyton,high
170,publisher,Manworth,Mammoth,high
171,title,Fine Go Adventuring Again,Five Go Adventuring Again,high
171,author,"Blyton, enid",Enid Blyton,high
171,publisher,Hoddar R. Stoughtan G.britain,"Hodder and Stoughton, Great Britain",high
171,language,Hindi,English,high
172,title,Secret Seven On The Trail,Secret Seven on the Trail,high
172,author,"Blyton, enid",Enid Blyton,high
172,publisher,Hoddar R. Stoughtan G.britain,"Hodder and Stoughton, Great Britain",high
173,title,Secrect-seven Fireworks,Secret Seven Fireworks,high
173,author,"Blyton, enid",Enid Blyton,high
173,publisher,Hoddar R. Stoughtan G.britain,"Hodder and Stoughton, Great Britain",high
173,language,Hindi,English,high
174,title,The Squirrel And Pixil,The Squirrel and the Pixie,medium
174,author,"Blyton, enid",Enid Blyton,medium
174,publisher,Award Publication Ltd Londan,"Award Publications, London",medium
175,title,The Vallay If Adventure,The Valley of Adventure,high
175,author,"Blyton, enid",Enid Blyton,high
175,publisher,Mcmillan,Macmillan,high
176,title,Hedgerour Tales,Hedgerow Tales,high
176,author,"Blyton, enid",Enid Blyton,high
176,publisher,Red Fox Londan,"Red Fox, London",high
176,language,Hindi,English,high
177,title,Seventh Bed Time Book,Enid Blyton's Seventh Bedside Book,medium
177,author,"Blyton, enid",Enid Blyton,medium
177,publisher,Armada Warper Collins,Armada / HarperCollins,medium
178,title,Fine O Clock Tales,Five O'Clock Tales,high
178,author,"Blyton, enid",Enid Blyton,high
178,publisher,Mommoth Londan,"Mammoth, London",high
178,language,Hindi,English,high
179,author,"Blyton, enid",Enid Blyton,medium
179,publisher,Collins Harper Pub.,HarperCollins,medium
180,title,Mystry : The Rat A Tat Mystery,The Rat-a-Tat Mystery,high
180,author,"Blyton, enid",Enid Blyton,high
180,publisher,Harper Collins India,HarperCollins India,high
182,title,Nancy Drew : The Case Of The Flooting Crime Files-120,Nancy Drew #120: The Case of the Floating Crime,high
182,author,"Keene, carolyn",Carolyn Keene,high
182,publisher,Pocket Books New York,"Pocket Books, New York",high
183,title,Nancy Drew : 95 An Instinct For Trouble,Nancy Drew #95: An Instinct for Trouble,high
183,author,"Keene, carolyn",Carolyn Keene,high
183,publisher,Pocket Books New York,"Pocket Books, New York",high
184,title,Nancy Drew : 50 Deep Secrets,Nancy Drew Files #50: Deep Secrets,high
184,author,"Keene, carolyn",Carolyn Keene,high
184,publisher,Pocket Books New York,"Pocket Books, New York",high
185,title,The Hardy Boys: The Criss Cross Shadow,The Hardy Boys: The Crisscross Shadow,high
185,author,"Dixon, franklin W",Franklin W. Dixon,high
185,publisher,Diamond Books Londan,"Diamond Books, London",high
186,title,The Hardy Boys: 172 Trouble In Wrap Space,The Hardy Boys #172: Trouble in Warp Space,high
186,author,"Dixon, franklin W",Franklin W. Dixon,high
186,publisher,Aladin Paperback New York,"Aladdin Paperbacks, New York",high
187,title,The Mystery Of The Fleaming Footprints,The Mystery of the Flaming Footprints,high
187,author,"Carey, M.V.",M. V. Carey,high
187,publisher,William Collins Armada,William Collins / Armada,high
188,author,"Defoe, danial",Daniel Defoe,high
188,publisher,Belter Yourself Book Bambay,"Better Yourself Books, Bombay",high
188,language,Hindi,English,high
189,author,Ubs Publishers,UBS Publishers,medium
189,publisher,Ubspd,UBSPD,medium
189,language,Hindi,English,medium
190,title,Great Stories : Oliver Twist,Great Stories: Oliver Twist,high
190,publisher,S.chand And Company New Delhi,"S. Chand and Company, New Delhi",high
191,author,"George, catherine",Catherine George,high
191,publisher,Mills And Boom G.britain,"Mills & Boon, Great Britain",high
192,title,Writers Of To-day,Writers of To-Day,high
192,author,"Baker, d.v. ED.",Denys Val Baker (Ed.),high
192,publisher,Sidgwrick And Jackson,Sidgwick and Jackson,high
193,author,Ubs Publishers,Rudyard Kipling,medium
193,publisher,Ubspd,UBSPD,medium
194,title,Tales Of Robbin Hood,Tales of Robin Hood,medium
194,author,"Pyle , Howard",Howard Pyle,medium
194,publisher,Book Palace Delhi,"Book Palace, Delhi",medium
195,title,Freedom At - Mid Night,Freedom at Midnight,high
195,author,"Collins , Lorry",Larry Collins and Dominique Lapierre,high
195,publisher,Vikas Pub.house,Vikas Publishing House,high
196,title,Birds Of The Indian Subcontinental,A Field Guide to the Birds of the Indian Subcontinent,high
196,author,"Kazmierezak , Krys",Krys Kazmierczak,high
196,publisher,Bloomsbury Books,Bloomsbury,high
197,title,My Bleeding Pubjab,My Bleeding Punjab,high
197,publisher,Ubspd,UBSPD,high
198,title,A History Of English Litrature,A History of English Literature,medium
198,author,"Singh , t",T. Singh,medium
198,publisher,Student Store Delhi,"Student Store, Delhi",medium
199,author,"Khanna, M.L.",M. L. Khanna,medium
199,publisher,Bright Career Inst.new Delhi,"Bright Career Institute, New Delhi",medium
200,title,The Night Train At Deoliand Other Stories,The Night Train at Deoli and Other Stories,high
201,title,The Art Of Social Media,The Art of Social Media,high
201,author,"Kawasaki , guy",Guy Kawasaki,high
202,title,The Stories Of Philosphy,The Story of Philosophy,high
202,author,"Durant, will",Will Durant,high
202,publisher,Pocket Books New York,"Pocket Books, New York",high
203,title,Miracle Of Love Story Of Neem Karoli,Miracle of Love: Stories about Neem Karoli Baba,medium
203,author,Sri Kainchi Hanuman Mandir,Ram Dass,medium
203,publisher,Kanchi Hanuman Mandir,Sri Kainchi Hanuman Mandir,medium
203,language,Hindi,English,medium
204,author,Moro Javier,Javier Moro,high
204,publisher,Full Circle Pub.delhi,"Full Circle Publishing, Delhi",high
204,language,Hindi,English,high
205,title,Scion Of Ikshvasu,Scion of Ikshvaku,high
205,author,Amish,Amish Tripathi,high
205,publisher,Westland Ltd.chennai,"Westland, Chennai",high
206,title,Thinking Fast And Slow,"Thinking, Fast and Slow",high
206,author,Kahneman Daniel,Daniel Kahneman,high
207,title,Advantage India,Advantage India: From Challenge to Opportunity,high
207,author,Abdul Kalam A.P.J.,A. P. J. Abdul Kalam,high
207,publisher,Harper Collins India,HarperCollins India,high
208,title,Leeves Takes Charge,Jeeves Takes Charge,high
208,author,Wodehouse P.G,P. G. Wodehouse,high
208,publisher,Rupa And Company,Rupa and Company,high
209,author,Maclean Alistair,Alistair MacLean,high
209,publisher,Farcah Pub Greenwich,"Fawcett Publications, Greenwich",high
209,language,Hindi,English,high
210,title,The Future Prophecies Of Nostradamus,The Further Prophecies of Nostradamus,medium
210,author,Cheetham Erika ED.,Erika Cheetham (Ed.),medium
211,title,The Davinci Code : A Novel,The Da Vinci Code: A Novel,high
211,author,Brown Dan,Dan Brown,high
211,publisher,Derubleday Usa,"Doubleday, USA",high
212,author,Archer Jeffrey,Jeffrey Archer,high
213,title,Paths Glory,Paths of Glory,high
213,author,Archer Jeffrey,Jeffrey Archer,high
214,title,Gone With The Wind,Gone with the Wind,high
214,author,Mitchel Margret,Margaret Mitchell,high
214,publisher,Warner Books Usa,"Warner Books, USA",high
215,title,How To Solve Your People Problem,How to Solve Your People Problems,medium
215,author,Allen Jane,Jane Allan,medium
217,title,The Tcs Story And Beyond,The TCS Story and Beyond,high
217,author,Ramadorai S,S. Ramadorai,high
218,title,Great Ideas In Management,Great Ideas in Management,medium
218,author,Parkinson Northcote,C. Northcote Parkinson,medium
218,publisher,India Book House Bombay,"India Book House, Bombay",medium
219,title,Makers Of Modern India,Makers of Modern India,high
219,author,Guha Ram Chandra ED.,Ramachandra Guha (Ed.),high
220,title,Olympus : An Indian Retelling Of The Greek Myth,Olympus: An Indian Retelling of the Greek Myths,high
220,author,Pattanaik Decduh,Devdutt Pattanaik,high
221,author,Oxford University Press,Jim Corbett,high
222,title,The Last King In India : Wajid Ali Shah,The Last King in India: Wajid Ali Shah,high
222,author,Rosiel Lawellyn Johns,Rosie Llewellyn-Jones,high
222,publisher,Random House Landon,"Random House, London",high
223,title,An Era Of Darkness British Empires In India,An Era of Darkness: The British Empire in India,high
223,author,"Tharoor , Shashi",Shashi Tharoor,high
223,publisher,Rupa And Company,Aleph Book Company,high
224,title,Love In The Time Of Cholera,Love in the Time of Cholera,high
224,author,Tyler Anne,Gabriel Garcia Marquez,high
225,title,What Not To Write,What Not to Write: A Guide to the Dos and Don'ts of Good English,high
225,author,Viva Book Pvt Ltd,Kay Sayce,high
225,publisher,Viva Books Pvt Ltd New Delhi,"Viva Books, New Delhi",high
226,title,Unthing,Unthink,high
226,author,Paley Chris,Chris Paley,high
227,title,The Guns Of Navarone,The Guns of Navarone,high
227,author,Maclean Alistair,Alistair MacLean,high
227,publisher,Harper Collins India,HarperCollins India,high
228,title,A Biography Of Sunil Manohar Gavaska,SMG: A Biography of Sunil Manohar Gavaskar,high
228,author,Prabhudesai Devendra,Devendra Prabhudesai,high
228,publisher,Rupa And Company,Rupa and Company,high
229,title,Desent Into Chaos,Descent into Chaos,high
229,author,Rashid Ahmed,Ahmed Rashid,high
231,author,Sethi J.D,J. D. Sethi,high
231,publisher,Vikas Pub.house,Vikas Publishing House,high
231,language,Hindi,English,high
232,title,Rabindranath Togore Selected Short Stories,Rabindranath Tagore: Selected Short Stories,high
232,author,Penguin Books,Rabindranath Tagore,high
233,title,A Area Of Darkness,An Area of Darkness,high
233,author,Naipaul V.S,V. S. Naipaul,high
234,title,Iacocca An Autobiography,Iacocca: An Autobiography,high
234,publisher,Bantam Book New York,"Bantam Books, New York",high
235,title,Mary Lives Mary Masters,"Many Lives, Many Masters",high
235,publisher,Simon And Schuster New York,"Simon and Schuster, New York",high
236,title,I Dove : Kiran Bedi,I Dare! Kiran Bedi: A Biography,high
236,author,Dongwal Permesh,Parmesh Dangwal,high
236,publisher,Ubspd,UBSPD,high
236,language,Hindi,English,high
237,title,The Age Of Stagnation,The Age of Stagnation,high
237,author,"Das, satyajit",Satyajit Das,high
237,publisher,Tranguebar Press New Delhi,"Tranquebar Press, New Delhi",high
238,title,Girt: The Power Of Passion And Perseverance,Grit: The Power of Passion and Perseverance,high
238,author,Duckworth Angela,Angela Duckworth,high
239,title,Deography Of Genius,The Geography of Genius,high
239,author,Weiner Eric,Eric Weiner,high
239,publisher,Simon And Schuster New York,"Simon and Schuster, New York",high
240,title,All The Prime Minister Man,All the Prime Minister's Men,high
240,author,Thakur Janarden,Janardan Thakur,high
240,publisher,Vikas Pub.house,Vikas Publishing House,high
241,author,Randhawa M.S.,M. S. Randhawa,high
241,publisher,Vikas Pub.house,Vikas Publishing House,high
241,language,Hindi,English,high
242,title,Nur Jahan And Jahagir,Nur Jahan and Jahangir,high
242,author,Caunlin Robert,Robert Caunter,high
242,publisher,Susil Gupta India Culcatta,"Susil Gupta, Calcutta",high
243,title,The Art Of Seduction: 24 Laws Of Persuasion,The Art of Seduction: 24 Laws of Persuasion,high
243,author,Rober Green,Robert Greene,high
243,publisher,Viva Books Pvt Ltd New Delhi,"Viva Books, New Delhi",high
244,title,"Pleading, drafting & Conveyancing","Pleading, Drafting and Conveyancing",medium
244,author,"Chaturvedi, r.n.",R. N. Chaturvedi,medium
244,language,Hindi,English,medium
245,title,Selected Constitutions,Select Constitutions,medium
245,author,"Kapur, arup Chand",Anup Chand Kapur,medium
245,publisher,S.chand And Company New Delhi,"S. Chand and Company, New Delhi",medium
246,title,Transfer Of Property Act,The Transfer of Property Act,medium
246,author,"Shukla, s.n.",S. N. Shukla,medium
247,title,The Limitation Act 1963,"The Limitation Act, 1963",medium
247,author,"Pandey, d.n.r.",D. N. R. Pandey,medium
248,title,Law Relating To Women Child Act,Law Relating to Women and Children,medium
248,author,"Mishra, o.p.",O. P. Mishra,medium
249,author,"Agarwal, r.k.",R. K. Agarwala,high
249,language,Hindi,English,high
250,title,Mohammeden Law,Mohammedan Law,high
250,author,"Ahmad, aqil",Aqil Ahmad,high
250,language,Hindi,English,high
251,title,The Wonder That Was India Vol. II,"The Wonder That Was India, Vol. II",high
251,author,"Rizvi, s.a.a.",S. A. A. Rizvi,high
251,publisher,Rupa & CO.,Rupa & Co.,high
252,title,The Sulatanate Of Delhi(1200-1526 Ad),The Sultanate of Delhi (1200-1526 A.D.),high
252,author,"Srivastava, a.l.",A. L. Srivastava,high
252,publisher,Shivlal Agarwal,Shiva Lal Agarwala,high
253,author,Mcmillan,Macmillan,medium
253,publisher,Macmillan India Delhi,"Macmillan India, Delhi",medium
255,title,A Tale Told By An Idiot,A Tale Told by an Idiot,high
255,author,"Noronha, r.p.",R. P. Noronha,high
255,publisher,Vikas Pub.house,Vikas Publishing House,high
255,language,Hindi,English,high
256,title,Great Cases Of Interpole,Great Cases of Interpol,high
256,author,Reader Digest,Reader's Digest,high
256,publisher,Reader Digest,Reader's Digest,high
257,title,Animal On A Padestal,Animals on a Pedestal,high
257,author,Raduga Publishers,Yuri Dmitriyev,high
257,publisher,"Raduga Pubs, moscow","Raduga Publishers, Moscow",high
257,language,Hindi,English,high
258,title,Harry Potter & Half Blood Prince,Harry Potter and the Half-Blood Prince,high
258,author,Rowling J.K,J. K. Rowling,high
258,publisher,Bloomsbury Books,Bloomsbury,high
259,title,Birds Of Prey,Birds of Prey,high
259,author,"Smith, wilber",Wilbur Smith,high
260,title,Dark Diversion,Dark Diversions,high
260,author,"Ralston Saul, john",John Ralston Saul,high
261,title,Upon The Old Wall Dreaming,Upon an Old Wall Dreaming: More of My Favourite Stories and Sketches,high
261,publisher,Rupa Publication New Delhi,"Rupa Publications, New Delhi",high
262,publisher,Asa Pubs New Delhi,"ASA Publications, New Delhi",high
262,language,Hindi,English,high
263,author,"Hesse, hermann",Hermann Hesse,high
263,publisher,Rupa & CO.,Rupa & Co.,high
264,title,The Wisdom Of India,The Wisdom of India,high
264,author,"Yutang, lin",Lin Yutang (Ed.),high
264,publisher,Jaico Pub House Bombay,"Jaico Publishing House, Bombay",high
265,publisher,William Collins London,"William Collins, London",high
266,title,The Art Of War -sun Tzu,The Art of War,high
266,publisher,Wordworth,Wordsworth Editions,high
267,title,Delhi In Not Far,Delhi Is Not Far,high
268,title,The $ 100 Startup,The $100 Startup,high
268,author,"Gulleburry , chris",Chris Guillebeau,high
268,publisher,Mcmillan G.B,"Macmillan, Great Britain",high
269,author,Canning John (ed),John Canning (Ed.),high
269,publisher,Rupa And Company,Rupa and Company,high
270,title,The Children Of The New Forest,The Children of the New Forest,high
270,author,Marryant Fredrick,Frederick Marryat,high
270,publisher,S.chand And Company New Delhi,"S. Chand and Company, New Delhi",high
271,title,The Bridge Of Madison Country,The Bridges of Madison County,high
271,author,James Wallar Robert,Robert James Waller,high
271,publisher,Warner Books Usa,"Warner Books, USA",high
272,title,Acharya Navendra Dev,Acharya Narendra Deva,medium
273,author,Cussler Clive,Clive Cussler,high
274,author,Cussler Clive,Clive Cussler,high
274,publisher,Siman And Schuster,Simon and Schuster,high
274,language,Hindi,English,high
275,author,Cussler Clive,Clive Cussler,high
275,publisher,Siman And Schuster,Simon and Schuster,high
275,language,Hindi,English,high
277,author,Cussler Clive,Clive Cussler,high
277,publisher,Michal Joshph Penguin Books,Michael Joseph / Penguin Books,high
278,title,Vixen O3,Vixen 03,high
278,author,Cussler Clive,Clive Cussler,high
279,author,Cussler Clive,Clive Cussler,high
280,author,Cussler Clive,Clive Cussler,high
281,title,Mayday,Mayday!,high
281,author,Cussler Clive,Clive Cussler,high
281,publisher,Warner Books Usa,Warner Books,high
281,language,Hindi,English,high
282,author,Cussler Clive,Clive Cussler,high
282,publisher,Pocket Books New York,"Pocket Books, New York",high
283,title,The Interpretation Of Murder,The Interpretation of Murder,high
283,author,Rubenfeld Jed,Jed Rubenfeld,high
283,publisher,Headline Pubs,Headline,high
284,title,I Will Take Manhattan,I'll Take Manhattan,high
284,author,Krantz Judith,Judith Krantz,high
285,author,Grisham John,John Grisham,high
286,title,Sita : Worrior Of Milhila,Sita: Warrior of Mithila,high
286,author,Amish,Amish Tripathi,high
286,publisher,Westland Ltd.chennai,"Westland, Chennai",high
287,title,Stranger Then Ever,Stranger Than Ever,high
287,author,Cooling Wandy,Wendy Cooling (ed.),high
287,publisher,Dolphin G.B,Dolphin,high
287,language,Hindi,English,high
288,title,Brisinger-inheritance,Brisingr (Inheritance Cycle Book 3),high
288,author,Paolini Chistopher,Christopher Paolini,high
288,publisher,Doubledoy Co.usa,Doubleday,high
288,language,Hindi,English,high
289,title,Sanatan Kriya: 51 Miracles & A Haunting,Sanatan Kriya: 51 Miracles... And a Haunting,medium
289,author,Yogi Ashwani,Yogi Ashwini,medium
289,language,Hindi,English,medium
291,title,The Secret Of Nagas,The Secret of the Nagas,high
291,author,Amish,Amish Tripathi,high
291,publisher,Westland Ltd.chennai,"Westland, Chennai",high
292,author,Moravia Alberto,Alberto Moravia,high
292,publisher,Rupa & CO.,Rupa & Co.,high
293,title,I Shall Not Hear The Nightingale,I Shall Not Hear the Nightingale,high
293,publisher,Ibh Pubs Co.bombay,"IBH Publishing Co., Bombay",high
294,title,In High Pleces,In High Places,high
294,author,Hailay Arthur,Arthur Hailey,high
294,publisher,Rupa & CO.,Rupa & Co.,high
295,title,To Kill A Mocking Bird,To Kill a Mockingbird,high
295,publisher,Warner Books Usa,Warner Books,high
296,author,Ross Clarissa,Clarissa Ross,high
296,publisher,Dorchester Pub New York,"Dorchester Publishing, New York",high
296,language,Hindi,English,high
297,title,Battle For Bittora,Battle for Bittora,high
297,author,Chauhan Anuja,Anuja Chauhan,high
297,publisher,Harper Collins India,HarperCollins India,high
298,title,Those In Peril,Those in Peril,high
298,author,Smith Wilbur,Wilbur Smith,high
299,author,Collins Jackie,Jackie Collins,high
299,publisher,Rupa & CO.,Rupa & Co.,high
300,author,Hayer Georgelte,Georgette Heyer,high
301,author,Smith Wilbur,Wilbur Smith,high
302,author,Rajagopalachari C,C. Rajagopalachari,high
302,publisher,Bhartiya Vidhya Bhawan,Bharatiya Vidya Bhavan,high
302,language,Hindi,English,high
303,publisher,Harper Collins India,HarperCollins India,high
304,title,A Place Called Freadom,A Place Called Freedom,high
304,author,Follett Ken,Ken Follett,high
304,publisher,Macmillan India Delhi,"Macmillan India, Delhi",high
305,author,Follett Ken,Jeffrey Archer,high
305,publisher,Macmillan India Delhi,"Macmillan India, Delhi",high
306,title,Kane & Abel,Kane and Abel,high
306,author,Follett Ken,Jeffrey Archer,high
306,publisher,Macmillan India Delhi,"Macmillan India, Delhi",high
307,author,Follett Ken,Ken Follett,high
308,title,Nightmore Tales,The Rupa Book of Nightmare Tales,high
308,author,Ruskin Bond,Ruskin Bond (ed.),high
308,publisher,Rupa & CO.,Rupa & Co.,high
309,author,Greene Robert,Robert Greene,high
310,title,The Calcultta Chromosome - Novel,The Calcutta Chromosome,high
310,author,Ghosh Amitav,Amitav Ghosh,high
311,title,The Power Of Your Subconscious Mind,The Power of Your Subconscious Mind,high
311,author,Murphy Joshph,Joseph Murphy,high
311,publisher,Pocket Books New York,"Pocket Books, New York",high
313,title,Force 10 From Navarone,Force 10 from Navarone,high
313,author,Maclean Alistair,Alistair MacLean,high
313,publisher,Harper Collins India,HarperCollins India,high
314,title,The Affairs Of The Chip Harrison,The Affairs of Chip Harrison,high
314,author,Block Lawrence,Lawrence Block,high
315,title,Thrill,Thrill!,high
315,author,Collins Jackie,Jackie Collins,high
316,title,A Tale Of Two Cites,A Tale of Two Cities,high
316,author,Dickens Charles,Charles Dickens,high
316,publisher,Rupa & CO.,Rupa & Co.,high
317,title,My God In A Juvenil Delinquent,My God Is a Juvenile Delinquent,medium
317,author,Bharucha Rizbeh,Ruzbeh N. Bharucha,medium
318,title,Murder On The Orient Express,Murder on the Orient Express,high
318,publisher,Harper Collins India,HarperCollins India,high
319,title,The Code Of The Woodters,The Code of the Woosters,high
319,author,Wodehouse P.G.,P.G. Wodehouse,high
320,title,The Unbearable Lightness Of Being,The Unbearable Lightness of Being,high
320,author,Kundera Milan,Milan Kundera,high
320,publisher,Faber And Faber Landon,"Faber and Faber, London",high
321,title,The Tales Of Two Cities,A Tale of Two Cities,high
321,author,Dickens Charles,Charles Dickens,high
321,publisher,Wordworth,Wordsworth Editions,high
322,author,Gorky Maxim,Maxim Gorky,high
322,publisher,Progreen Pubs Moscow,"Progress Publishers, Moscow",high
322,language,Hindi,English,high
323,title,Joke Book III,Khushwant Singh's Joke Book 3,high
323,publisher,Orient Paperback Delhi,"Orient Paperbacks, Delhi",high
324,title,The Short Novels,The Short Novels of John Steinbeck,high
324,author,Steinback John,John Steinbeck,high
324,publisher,Heinemann Landon,"Heinemann, London",high
325,author,Obama Barack,Barack Obama,high
325,publisher,Canongate Landon,"Canongate, London",high
326,title,The Defence Of Duffer's Drift,The Defence of Duffer's Drift,high
326,author,Swintan Ernest Sir,Ernest Swinton,high
326,publisher,Book World Dehradun,"Book World, Dehradun",high
327,title,20 Tales From Shakespeare,Tales from Shakespeare,high
327,author,Charles & Mary Lamb,Charles and Mary Lamb,high
327,language,Hindi,English,high
328,title,And The Mountains Echoed,And the Mountains Echoed,high
328,author,"Hosseini , Khalid",Khaled Hosseini,high
328,publisher,Bloomsbury Books,Bloomsbury,high
329,title,Field Marshal Sam Manekshaw Soldering With Dignity,Field Marshal Sam Manekshaw: Soldiering with Dignity,high
329,publisher,Matras Pubs Dehradun,"Natraj Publishers, Dehradun",high
329,language,Hindi,English,high
330,title,The Kings General,The King's General,high
330,author,Maurier Daphne Du,Daphne du Maurier,high
331,title,In The House Of Brede,In This House of Brede,high
331,author,Goddan Rumer,Rumer Godden,high
332,title,The Day Of The Jackal,The Day of the Jackal,high
332,author,"Forsyth , Frederick",Frederick Forsyth,high
333,title,Train To Pakistan,Train to Pakistan,high
333,publisher,Grave Press,Grove Press,high
334,author,Ripley Alexander,Alexandra Ripley,high
334,publisher,Rupa & CO.,Rupa & Co.,high
335,title,David Baldacci,Hell's Corner,high
335,author,Corner Hells,David Baldacci,high
336,author,Isaacson Walker,Walter Isaacson,high
336,publisher,Siman And Schuster,Simon & Schuster,high
336,language,Hindi,English,high
337,author,Harford Tim,Tim Harford,high
337,publisher,Little Brown Great Britain,"Little, Brown",high
337,language,Hindi,English,high
338,publisher,Ayodhya Reaserch Institute,Ayodhya Research Institute,medium
339,title,Flavours Of Avadh,Flavours of Avadh,high
339,author,Hussain Salma,Salma Husain,high
339,publisher,Niyaji Books Delhi,"Niyogi Books, Delhi",high
340,title,The Kashmir Disputes 1947-2012,The Kashmir Dispute 1947-2012,high
340,author,Noorani A.G,A.G. Noorani,high
342,title,Kashmir : The Vajpayee Years,Kashmir: The Vajpayee Years,high
342,author,Dulat A.S,A.S. Dulat,high
342,publisher,Harper Collins India,HarperCollins India,high
342,pub_year,1974,2015,high
343,title,Punjub : The Kinghts Of Falsehood,Punjab: The Knights of Falsehood,high
343,author,Gill Kps,K.P.S. Gill,high
343,publisher,Harper Collins India,HarperCollins India,high
344,title,The Power Of Promise,The Power of Promise: Examining Nuclear Energy in India,high
344,author,Ramana N.V.,M.V. Ramana,high
345,author,Johnson Spencev,Spencer Johnson,high
346,title,Sakshi Vol.5,Sakshi Vol. 5,medium
346,publisher,Ayodhya Reaserch Institute,Ayodhya Research Institute,medium
347,title,Jhelum : The Rivers Through My Backyard,Jhelum: The River Through My Backyard,high
347,author,Ahmad Khalid Dashiv,Khalid Bashir Ahmad,high
347,publisher,Bookman Pubs,Bookman Publishers,high
348,title,The Ocean Of Churn : How Indian Ocean Shaped Human History,The Ocean of Churn: How the Indian Ocean Shaped Human History,high
348,author,Sanyal Sanjeev,Sanjeev Sanyal,high
349,title,Talking Of Justice : People Rights In Modern India,Talking of Justice: People's Rights in Modern India,high
349,author,Seth Leila,Leila Seth,high
349,publisher,Aleph Book New Delhi,"Aleph Book Company, New Delhi",high
350,title,Communal Riots In India,Communal Riots in India,high
350,author,Sakena N.S.,N.S. Saksena,high
350,publisher,Trisul Pubs,Trishul Publications,high
351,title,Best Stories From The Indian Classics,Best Stories from the Indian Classics,medium
351,author,Naravane V.S,V.S. Naravane,medium
351,publisher,Roli Books New Delhi,"Roli Books, New Delhi",medium
352,title,Karmayogi : A Biography Of Eshreechovan,Karmayogi: A Biography of E. Sreedharan,high
352,author,Ashoka M.S.,M.S. Ashokan,high
354,title,The Age Of Imperial Kannauj,"The Age of Imperial Kanauj (The History and Culture of the Indian People, Vol. 4)",high
354,author,Bhartiya Vidhya Bhawan,R.C. Majumdar (ed.),high
354,publisher,Bhartiya Vidhya Bhawan,Bharatiya Vidya Bhavan,high
354,language,Hindi,English,high
355,title,The Mahabharat : A Modern Vendering Vol.ii,"The Mahabharata: A Modern Rendering, Vol. 2",high
355,author,Menan Ramesh,Ramesh Menon,high
355,publisher,Rupa & CO.,Rupa & Co.,high
356,title,Taalluqdars Of Oudh,Taluqdars of Oudh,medium
356,author,Singh Amit,Amit Singh,medium
356,publisher,Bloomsbury Books,Bloomsbury,medium
357,title,Income Tax Law & Practice,Income Tax Law and Practice,high
357,author,Mehrotra H.C.,H.C. Mehrotra,high
357,publisher,Sahitya Bhawan Pubs Agra,"Sahitya Bhawan Publications, Agra",high
357,language,Hindi,English,high
358,author,Isaacsan Walter,Walter Isaacson,high
358,publisher,Little Brown Great Britain,"Little, Brown",high
358,language,Hindi,English,high
359,title,High School English Grammer Of Composition,High School English Grammar and Composition,high
359,author,Wren P.C.,P.C. Wren and H. Martin,high
359,publisher,S.chand And Company New Delhi,"S. Chand and Company, New Delhi",high
360,title,The Price Of Inequality,The Price of Inequality,high
360,author,Sliglitz Joshph E,Joseph E. Stiglitz,high
361,author,Talwar Rajesh,Rajesh Talwar,high
361,language,Hindi,English,high
362,author,Pamuk Orhan,Orhan Pamuk,high
363,title,What The Dog Saw,What the Dog Saw,high
363,author,Glodwell Malcoln,Malcolm Gladwell,high
364,author,Hanh Thich Nhal,Thich Nhat Hanh,high
364,publisher,Harper Collins India,HarperCollins India,high
366,title,The Prince Of Civilazation,The Price of Civilization,high
366,author,Sachs Jeffery,Jeffrey Sachs,high
366,publisher,Vintage Book Londan,"Vintage Books, London",high
367,title,It's Not About The Bike : My Journey Back To Life,It's Not About the Bike: My Journey Back to Life,high
367,author,Armstrong Lance,Lance Armstrong,high
367,publisher,Yellow Lerseq Londan,"Yellow Jersey Press, London",high
368,title,Get To The Top: 10 Rules For Social Success,Get to the Top: The Ten Rules for Social Success,high
368,author,Seth Suhel,Suhel Seth,high
368,publisher,Random House New York,Random House India,high
369,title,We Nehru's,We Nehrus,high
369,author,Nehru Krishna,Krishna Nehru Hutheesing,high
369,publisher,Ibh Pubs Co.bombay,"IBH Publishing Co., Bombay",high
369,language,Hindi,English,high
370,title,The Legend Linen On --------,Khushwant Singh: The Legend Lives On...,high
370,author,Khushwant Singh,Rahul Singh (ed.),high
371,title,Macbeth - William Shakespeare,Macbeth,medium
371,author,Sen S,S. Sen,medium
371,publisher,Unique Pubs New Delhi,"Unique Publishers, New Delhi",medium
371,language,Hindi,English,medium
372,title,Enlgish August : An Indian Story,"English, August: An Indian Story",high
372,author,Chaterjee Upnanya,Upamanyu Chatterjee,high
373,title,Ecce Homo : How One Becomes What One Is,Ecce Homo: How One Becomes What One Is,high
373,author,"Nietzsche , Friedrich",Friedrich Nietzsche,high
374,title,Arms And The Man,Arms and the Man,high
374,author,Shaw Bernard,George Bernard Shaw,high
374,publisher,Orient Paperback Delhi,"Orient Paperbacks, Delhi",high
375,author,Basu G,G. Basu,medium
375,publisher,Rupa & CO.,Rupa & Co.,medium
376,author,Garden Ruth,Ruth Gardner,high
376,publisher,Pustak Mahal Delhi,"Pustak Mahal, Delhi",high
376,language,Hindi,English,high
377,title,Foucault's Pendulam,Foucault's Pendulum,high
377,author,Eco Unberito,Umberto Eco,high
377,publisher,Random House New York,"Random House, New York",high
378,title,Making The Future,"Making the Future: Occupations, Interventions, Empire and Resistance",high
378,author,Chomsky Noam,Noam Chomsky,high
379,title,Principles Of The Law Of Evidence,Principles of the Law of Evidence,high
379,author,Singh Avtar,Avtar Singh,high
380,title,The Law Of Contempt,The Law of Contempt,medium
380,author,Narayana P.S.,P.S. Narayana,medium
381,title,Principles Of Criminology : Criminal Law Investigation,"Principles of Criminology, Criminal Law and Investigation",medium
381,author,Deb R,R. Deb,medium
381,publisher,Sarkar & Sons Calcultta,"S.C. Sarkar & Sons, Calcutta",medium
382,title,History Of India Part 1,"History of India, Part 1",medium
382,author,Murthy H.V. Sriniwasa,H.V. Sreenivasa Murthy,medium
384,title,Bhartiy Sanvidhan Manavadhikar Police Ke Samaksh Chunautiya Avom Police Sanvedikaran,"Bhartiya Sanvidhan, Manavadhikar, Police Ke Samaksh Chunautiyan Evam Police Samvedikaran",medium
384,author,Singh Amit,Amit Singh,medium
384,publisher,Universal Law Pubs.co.,Universal Law Publishing Co.,medium
385,title,Ram Sahitya Kosh Khand 2,"Ram Sahitya Kosh, Khand 2",medium
385,author,Singh Yogendra Pratap (samp),Yogendra Pratap Singh (ed.),medium
386,title,Intelligence : A Society Weapans,Intelligence: A Security Weapon,high
386,author,Pathak D.C.,D.C. Pathak,high
386,publisher,Manas Pubishing House Delhi,"Manas Publications, Delhi",high
386,language,Hindi,English,high
387,title,Khanqah - E - Aalia Niazia An Epitone Of Sufism,Khanqah-e-Aalia Niazia: An Epitome of Sufism,medium
387,author,Jafri Bilquis,Bilquis Jafri,medium
387,publisher,Dr.bilquis Jafri,Dr. Bilquis Jafri,medium
388,author,Banham Gurney,W. Gurney Benham,high
388,publisher,Cassell & Co.londan,"Cassell & Co., London",high
388,language,Hindi,English,high
389,title,Napoleon To Nasser : The Story Of Modern Egypt,Napoleon to Nasser: The Story of Modern Egypt,high
389,author,Flower Raymond,Raymond Flower,high
389,publisher,Tomstacy Londan,"Tom Stacey, London",high
390,title,Char Dhram Yatra Esctatic Flight In To Himalayas,Char Dham Yatra: Ecstatic Flight into Himalayas,medium
390,author,Venkataraman G.R,G.R. Venkataraman,medium
390,publisher,Bhartiya Vidhya Bhawan,Bharatiya Vidya Bhavan,medium
390,language,Hindi,English,medium
391,title,Awaking Indians To India,Awakening Indians to India,high
391,publisher,Cambe Chinmaya Mission Trust`,Central Chinmaya Mission Trust,high
391,language,Hindi,English,high
392,title,The Life Of Sri Aurobindo,The Life of Sri Aurobindo,high
392,author,Purani A.B.,A.B. Purani,high
392,publisher,Sri Aurobindo Ashram Pandicherry,"Sri Aurobindo Ashram, Pondicherry",high
392,language,Hindi,English,high
395,title,Eminent Indians Literative,Eminent Indians: Litterateurs,medium
395,author,Ahuja M.L.,M.L. Ahuja,medium
395,publisher,Rupa & CO.,Rupa & Co.,medium
396,title,Check Your Own I Q,Check Your Own I.Q.,high
396,author,Eysnck H.J.,H.J. Eysenck,high
397,title,Out Look Traveller Getways,Outlook Traveller Getaways,medium
397,author,Outlook Traveller Delhi Tourism,Outlook Traveller,medium
397,publisher,Delhi Tourism Outlook,Outlook / Delhi Tourism,medium
397,language,Hindi,English,medium
398,author,Swami Prabhupeda,A.C. Bhaktivedanta Swami Prabhupada,high
398,publisher,Bhaktinedanta Book Trust,Bhaktivedanta Book Trust,high
398,language,Hindi,English,high
399,title,Great Speeches Of Modern India,Great Speeches of Modern India,high
399,author,Mukharjee Rudragshu,Rudrangshu Mukherjee (ed.),high
399,publisher,Random House New York,Random House India,high
400,title,A Matter Of Honour : Indian Army & Officer & Mens,"A Matter of Honour: An Account of the Indian Army, Its Officers and Men",high
400,author,Masan Philip,Philip Mason,high
400,publisher,Ebd Education Dehradun,"EBD Education, Dehradun",high
401,title,Soul Curry For You And Me,Soul Curry for You and Me,high
401,language,Hindi,English,high
402,title,The Fascinating World Of Bees,The Fascinating World of Bees,medium
402,author,Rodionov V.V.,V.V. Rodionov,medium
402,publisher,Mir Pubs Moscov,"Mir Publishers, Moscow",medium
403,title,India : The Stage With In,India: The Siege Within,high
403,author,Akber M.J.,M.J. Akbar,high
404,title,Connect The Dots,Connect the Dots,high
404,author,Bansal Rashmi,Rashmi Bansal,high
404,publisher,Westland Ltd.chennai,"Westland, Chennai",high
405,title,The Best Speaking Tree Vol.8,"The Best of Speaking Tree, Vol. 8",high
405,author,Times Of India,Times of India,high
406,title,The Law Of Torts,The Law of Torts,high
406,author,Bangea R.K.,R.K. Bangia,high
407,title,India : Government & Politics In Developing Nation,India: Government and Politics in a Developing Nation,high
407,author,Hargrane Robert L,Robert L. Hardgrave,high
408,title,Comporative Government,Comparative Government,high
408,author,Blondel Jean,Jean Blondel,high
409,title,Perpectivies Of India's Nuclear Policy,Perspectives of India's Nuclear Policy,medium
409,author,Poulose T.T. (ed.),T.T. Poulose (ed.),medium
409,publisher,Young India Pubs,Young India Publications,medium
410,author,Varma S.P.,S.P. Varma,high
410,publisher,Vikash Pub.house,Vikas Publishing House,high
410,language,Hindi,English,high
411,title,The Politics Of Non-alignment,The Politics of Non-Alignment,medium
411,author,Rahman M.N.,M.N. Rahman,medium
411,publisher,Associate Pubs House,Associated Publishing House,medium
412,author,Coker Francis W,Francis W. Coker,high
412,language,Hindi,English,high
413,title,Principles Of Civics,Principles of Civics,medium
413,publisher,Kitab Mahal Allahabad,"Kitab Mahal, Allahabad",medium
414,title,State & Government In Ancient India,State and Government in Ancient India,high
414,author,Atlekar A.S.,A.S. Altekar,high
414,publisher,Motilal Banaraidas Delhi,"Motilal Banarsidass, Delhi",high
415,title,The Theory & Practice Of International Relation,The Theory and Practice of International Relations,high
415,author,Mclallan David S,David S. McLellan,high
415,publisher,Prentice Hall New Delhi,"Prentice Hall, New Delhi",high
416,title,System & Process In International Politics,System and Process in International Politics,high
416,author,Kaplan Mortan A,Morton A. Kaplan,high
416,publisher,John Wiley & Sons Landon,John Wiley & Sons,high
417,title,Contracts And Their Management,Contracts and Their Management,medium
417,author,Ramaswamy B.S.,B.S. Ramaswamy,medium
417,publisher,Lexis Nexis Gurgaon,"LexisNexis, Gurgaon",medium
418,title,The Making Of Modern India,The Making of Modern India,medium
418,author,Sharma S.R.,S.R. Sharma,medium
418,publisher,Orint Longmann Delhi,"Orient Longmans, Delhi",medium
419,title,Indian Govt. & Politics,Indian Government and Politics,high
419,author,Johari J.C.,J.C. Johari,high
419,language,Hindi,English,high
420,title,The Wisdom & Ideas Of Plato,The Wisdom and Ideas of Plato,medium
420,author,Freeman Eugene,Eugene Freeman,medium
420,publisher,Fowcatt Pub.new York,"Fawcett Publications, New York",medium
421,author,Rao Raja,Raja Rao,high
422,title,Whisperes Of Immortality,Whispers of Immortality,high
422,author,Wilson Anil (ed.),Anil Wilson (ed.),high
422,publisher,Inter University Press Delhi,"Inter-University Press, Delhi",high
423,title,Exercises In English Compositon,Exercises in English Composition,medium
424,author,Harward Peter,Peter Harward,medium
424,publisher,Orint Longmann Delhi,"Orient Longman, Delhi",medium
425,title,Perfect Your Puncluation,Perfect Your Punctuation,medium
425,author,Harward Peter,Peter Harward,medium
425,publisher,Orint Longmann Delhi,"Orient Longman, Delhi",medium
426,title,Under The Banyan Treee & Other Stories,Under the Banyan Tree and Other Stories,high
426,author,Narayan R.K.,R.K. Narayan,high
426,publisher,Indian Thought Pubs Mysore,"Indian Thought Publications, Mysore",high
427,title,The Mother : Tales Of All Times,Tales of All Times,high
427,author,Sri Aurobindo Ashram,The Mother (Mirra Alfassa),high
428,title,A Practical Course In English Pronounciation,A Practical Course in English Pronunciation,high
428,author,Sethi J.,J. Sethi,high
428,publisher,Printice Hall New Delhi,"Prentice-Hall of India, New Delhi",high
429,title,David Copperfild,David Copperfield,high
429,author,Dickens Charles,Charles Dickens,high
429,publisher,Vikash Pubs.house,Vikas Publishing House,high
430,author,Alcott Louisa M,Louisa May Alcott,high
430,publisher,Vikash Pubs.house,Vikas Publishing House,high
431,author,Maurier Daphne Du,Daphne du Maurier,high
431,publisher,Madhuban Educational Book,Madhuban Educational Books,high
432,title,The Hound Of The Baskervilas,The Hound of the Baskervilles,high
432,author,Doyle Arthur Conan,Arthur Conan Doyle,high
432,publisher,Madhuban Educational Book,Madhuban Educational Books,high
433,title,The Art Of War,The Art of War,high
433,author,Tzu Sun,Sun Tzu,high
433,publisher,Shambhala Pubs Bostan,"Shambhala Publications, Boston",high
434,title,Text Book Of Mohammadan Law,Textbook of Mohammedan Law,high
434,author,Ahmed Aqil,Aqil Ahmad,high
434,publisher,Central Law Publication Allahabad,"Central Law Publications, Allahabad",high
435,title,The Hindu Maariage Act 1955,"The Hindu Marriage Act, 1955",medium
435,author,Chakravarti K.P.,K.P. Chakravarti,medium
435,publisher,Hind Publishing House Allahabad,"Hind Publishing House, Allahabad",medium
437,author,Mittal J.K.,J.K. Mittal,high
437,publisher,Central Law Agency Allahabad,"Central Law Agency, Allahabad",high
438,title,Theoretical Aspects Of International Politics,Theoretical Aspects of International Politics,high
438,author,Kumar Mehendra,Mahendra Kumar,high
438,publisher,Shivlal Agarwal Co.delhi,Shiva Lal Agarwala & Co.,high
439,title,India And The International System,India and the International System,high
439,author,"Rajan, Ms (ed)",M.S. Rajan (ed.),high
439,publisher,Vikas Publisher,Vikas Publishing House,high
440,author,Swami Prabhupaad,A.C. Bhaktivedanta Swami Prabhupada,high
440,publisher,Mukti Vedant Book Trust,Bhaktivedanta Book Trust,high
441,title,Ram Katha- Utpatti Aur Vikas,Ram Katha: Utpatti Aur Vikas,high
441,author,"Bulke, father Kamil",Camille Bulcke,high
441,publisher,"Hindi Parishad, prayag","Hindi Parishad, Prayag",high
442,title,Koch Ki Ramleela,Konch Ki Ramleela,high
442,author,"Gupta, ayodhya Prasad",Ayodhya Prasad Gupta 'Kumud',high
444,title,Atarv Veda II,Atharva Veda Vol. 2,high
444,author,"Sharma, shri Ram",Shriram Sharma Acharya,high
444,publisher,"Sanskriti Sansthan, bareily","Sanskriti Sansthan, Bareilly",high
445,title,Rigveda III,Rigveda Vol. 3,high
445,author,"Sharma, shri Ram",Shriram Sharma Acharya,high
445,publisher,"Sanskriti Sansthan, bareily","Sanskriti Sansthan, Bareilly",high
446,title,Udhav Shatak,Uddhav Shatak,medium
446,author,Rasik Mandal,Jagannath Das 'Ratnakar',medium
446,publisher,"Indian Publication, prayag","Indian Publication, Prayag",medium
448,author,"Sharma, shri Ram",Shriram Sharma Acharya,high
448,publisher,Yug Nirman Yojna,"Yug Nirman Yojna, Mathura",high
449,title,Sewa-shudikaran Ka Marg,Sewa: Shuddhikaran Ka Marg,medium
449,author,Shivanand Math,Sivananda Math,medium
449,publisher,"Shivanand Math, munger","Sivananda Math, Munger",medium
450,title,Bhakti Vishestayein,Bhakti Visheshtayein,medium
450,author,Akhandanand Saraswati,Swami Akhandananda Saraswati,medium
450,publisher,Satya Sahitya Prakashan Trust,Sat Sahitya Prakashan Trust,medium
451,title,Mohan Ki Mohni,Mohan Ki Mohini,medium
451,author,Akhandanand Saraswati,Swami Akhandananda Saraswati,medium
451,publisher,Sahitya Prakashan Trust,Sat Sahitya Prakashan Trust,medium
452,title,Gayatri Hawan Vidhan,Gayatri Havan Vidhan,high
452,author,"Gautam, chamanlal",Chamanlal Gautam,high
452,publisher,"Sanskriti Sansthan, bareily","Sanskriti Sansthan, Bareilly",high
453,publisher,Lokbharti,Lokbharti Prakashan,high
454,title,Chaya/pratidhwani,Chhaya / Pratidhwani,high
454,author,"Prasad, jai Shankar",Jaishankar Prasad,high
455,title,Edatramam,Idannamam,high
455,author,"Pushpa, maitrayee",Maitreyi Pushpa,high
455,publisher,Rajkamal,Rajkamal Prakashan,high
457,title,Chandi Begum,Chandni Begum,high
457,author,"Haidar, kurtulain",Qurratulain Hyder,high
457,publisher,Bharitya Gyanpeeth,Bharatiya Jnanpith,high
458,title,Neelophar,Neelofar,high
458,author,"Agnihotri, krishna",Krishna Agnihotri,high
458,publisher,National Publishing,National Publishing House,high
459,title,Badi Badi Anke,Badi Badi Aankhen,high
459,author,Upendra Nath Ashq,Upendranath Ashk,high
460,title,Ret Ki Machli,Ret Ki Machhli,high
460,author,"Kanta, bhartiya",Kanta Bharti,high
460,publisher,Lokbharti,Lokbharti Prakashan,high
461,title,Matrabhoomi,Matribhoomi,medium
461,author,Chatusen,Acharya Chatursen Shastri,medium
462,title,Bhartiya Sarvshreshta Kahaniya I Khand,Bharatiya Sarvashreshtha Kahaniyan Vol. 1,medium
462,author,"Ojha, sanhaiyalal",Kanhaiyalal Ojha (ed.),medium
463,title,Lekin Darwaja,Lekin Darwaza,high
463,author,"Visht, pankaj",Pankaj Bisht,high
463,publisher,Rajkamal,Rajkamal Prakashan,high
464,title,Hamari Lok Kathayein,Hamari Lok Kathayen,medium
464,author,"Chaturvedi, shiv Sahay",Shiv Sahay Chaturvedi,medium
465,title,Bhartiya Sarvshreshta Kahaniya Khand-2,Bharatiya Sarvashreshtha Kahaniyan Vol. 2,medium
465,author,"Ojha, sanhaiyalal",Kanhaiyalal Ojha (ed.),medium
467,title,Mansarovar -6,Mansarovar Vol. 6,high
467,author,Premchandra,Premchand,high
467,language,English,Hindi,high
468,title,Mansarover-1,Mansarovar Vol. 1,high
468,author,Premchandra,Premchand,high
469,title,Mansarover-3,Mansarovar Vol. 3,high
469,author,Premchandra,Premchand,high
469,publisher,Rajkamal,Rajkamal Prakashan,high
470,author,"Kohli, narendra",Narendra Kohli,high
470,publisher,Bhariya Gyan Peeth,Bharatiya Jnanpith,high
471,title,Vyawastha Virodhi Kahaniyaan,Vyavastha Virodhi Kahaniyan,medium
471,author,Narendra Mohan Sampadak,Narendra Mohan (ed.),medium
472,title,Kavita Kaumidi Tisra Bhaag,Kavita Kaumudi Vol. 3,high
472,author,"Tripathi, ramnaresh(sampadak)",Ramnaresh Tripathi (ed.),high
472,publisher,Hindi Mandir Sultanpur,"Hindi Mandir, Sultanpur",high
474,title,Yashodhra,Yashodhara,high
474,author,"Gupt, mathilisharan",Maithilisharan Gupt,high
474,publisher,Sahitya Sadan Jhanshi,"Sahitya Sadan, Jhansi",high
476,title,Filmy Vividh Geet Ank-9,Filmi Vividh Geet Ank 9,medium
476,author,"Garg, lakshminarayan (sampadak)",Lakshminarayan Garg (ed.),medium
476,publisher,Sangeet Karyala Hathrus U.P.,"Sangeet Karyalaya, Hathras",medium
477,title,Pratinidhi Kavitae-faiz Ahmad Faiz,Pratinidhi Kavitayen: Faiz Ahmed Faiz,high
477,author,Rajkamal Prakashan,Faiz Ahmed Faiz,high
477,publisher,Rajkamal Prakashan Delhi,"Rajkamal Prakashan, Delhi",high
478,title,Kavitawali,Kavitavali,high
478,author,"Mishr, vishwanath Prasad (sampadak)",Tulsidas (ed. Vishwanath Prasad Mishra),high
482,title,Yaar Julaahe………… Guljar,Yaar Julahe,high
482,author,"Mishra, yatindra (sampadak)",Gulzar (ed. Yatindra Mishra),high
482,publisher,Vaani Prakashan Delhi,"Vani Prakashan, Delhi",high
483,title,Rashtra-chandrashekher,Rashtra-Chandrashekhar,medium
483,author,"Srivastava, virendrakumar (sampadak)",Virendra Kumar Srivastava (ed.),medium
483,publisher,Chandrashekher Smarak Trust Azamgarh,"Chandrashekhar Smarak Trust, Azamgarh",medium
484,publisher,Shiksha Bharti Delhi,"Shiksha Bharati, Delhi",medium
486,title,Beiman Kyon Ho Jaati Hai Naukarshahi,Beiman Kyon Ho Jati Hai Naukarshahi,medium
486,author,"Singh, hardev",Hardev Singh,medium
488,author,"Malik, mahendra Singh",Mahendra Singh Malik,medium
488,publisher,"Police Prashikshan Mahavidyalaya, kernal","Police Prashikshan Mahavidyalaya, Karnal",medium
489,author,"Police Prashikshan, moradabad","Police Training College, Moradabad",medium
489,publisher,"Police Prashikshan, moradabad","Police Training College, Moradabad",medium
491,author,"Shashtri, laxminarayan",Laxminarayan Shastri,medium
492,title,Neeti Shatkam-shri Bhrithari Viranchit,Niti Shatakam,high
492,author,"Chaukhamba, subharti Granthmaala",Bhartrihari,high
492,publisher,Chaukhamba Surbharti Prakashan,Chaukhamba Surbharati Prakashan,high
493,title,U.P.KI Nayi Udaan,Uttar Pradesh Ki Nai Udaan,high
493,author,Singh Srajan Pal,Srijan Pal Singh and G.S. Naveen Kumar,high
493,publisher,Prabhat Prakashan Delhi,"Prabhat Prakashan, Delhi",high
494,title,Vrahad Prashashan Shabdawali,Brihat Prashasan Shabdavali,medium
494,author,Bharat Sarkar Manav Sansadhan Vikas Mantralaya,"Ministry of Human Resource Development, Govt. of India",medium
494,publisher,Vaigyanik Taknikishabdawali Ayoug Delhi,"Vaigyanik Tatha Takniki Shabdavali Aayog, Delhi",medium
495,title,Abhigyanshakuntalam,Abhijnana Shakuntalam,high
495,author,"Dubey, ashok Kumar",Kalidasa (ed. Ashok Kumar Dubey),high
495,publisher,Nikhil Publishers Agra,"Nikhil Publishers, Agra",high
496,author,Swami Akhandanand Saraswati,Swami Akhandananda Saraswati,medium
496,publisher,Sat Sahitya Prakashan Mumbai,"Sat Sahitya Prakashan, Mumbai",medium
497,title,Pramukh Rajnitik Sankalpnaye Avom Vichardharaee,Pramukh Rajnitik Sankalpanayen Evam Vichardharayen,medium
497,author,"Tripathi, shreeprakash Mani",Shriprakash Mani Tripathi,medium
497,publisher,Pratyush Publication Delhi,"Pratyush Publication, Delhi",medium
498,title,U.p.guard Avom Scott Rules,U.P. Guard Evam Escort Rules,medium
498,author,Police Training College Muradabad,"Police Training College, Moradabad",medium
498,publisher,Police Trainning College Muradabad,"Police Training College, Moradabad",medium
499,title,Kalidas Granthwali,Kalidas Granthavali,high
499,author,"Chaturvedi, sitaram",Kalidasa (ed. Sitaram Chaturvedi),high
499,publisher,U.p.sanskrit Sansthan,U.P. Sanskrit Sansthan,high
500,title,The Past And Prejudice,The Past and Prejudice,high
500,author,"Thaper, ramila",Romila Thapar,high
500,language,Hindi,English,high
501,title,A Short History Of Muslim Rule In India,A Short History of Muslim Rule in India,high
501,publisher,Indian Press Allahabad,"Indian Press, Allahabad",high
502,title,What Should I Eat Doctor Good Eating To Good Health,"What Should I Eat, Doctor? Good Eating for Good Health",medium
502,author,Karwarkar Malti,Malati Karwarkar,medium
502,publisher,Ibh Publishing Bombay,"IBH Publishing, Bombay",medium
503,author,Byrne Rhonda,Rhonda Byrne,high
503,publisher,Artia Books New York,"Atria Books, New York",high
504,author,"Mehta, dhiru.s.ed.rajagopalchari",C. Rajagopalachari,high
504,publisher,Bhartiya Vidhya Bhawan,Bharatiya Vidya Bhavan,high
505,title,Carry An Leeves,"Carry On, Jeeves",high
505,author,Wodehouse P.G,P.G. Wodehouse,high
506,author,"Goswami, satsvarupa Das",Satsvarupa Dasa Goswami,high
506,publisher,Bhakti Vedan Londan,"Bhaktivedanta Book Trust, London",high
507,title,Art Around Us Vol.15,Childcraft Vol. 15: Art Around Us,medium
507,author,Child Cfaft World Of International,Childcraft - The How and Why Library,medium
507,publisher,Woved Books Mc.londan,"World Book International, London",medium
508,title,Tales From Shakespears,Tales from Shakespeare,high
508,author,Charles And Merrylamb,Charles Lamb and Mary Lamb,high
508,publisher,Rupa Publication New Delhi,"Rupa Publications, New Delhi",high
509,title,The Second Jim Carbett Omnibus My India,The Second Jim Corbett Omnibus,high
509,author,Oxford University Press,Jim Corbett,high
510,title,An Economist In The Real World,An Economist in the Real World,high
510,author,Basu Kaushik,Kaushik Basu,high
511,title,Interpreter Of Maladies -stories,Interpreter of Maladies: Stories,high
511,author,"Lahori , Jhumpa",Jhumpa Lahiri,high
511,publisher,Harper Collins India,HarperCollins India,high
512,title,Raj Thaper Alla These Years A Memories,All These Years: A Memoir,high
512,author,Penguin Books,Raj Thapar,high
513,title,My Years In An Indian Prison,My Years in an Indian Prison,high
513,author,Tyler Mary,Mary Tyler,high
514,title,Desiree : Nepolion First Love,Désirée: Napoleon's First Love,high
514,author,Selinko Annemarie,Annemarie Selinko,high
514,publisher,William Collins Armada,William Collins / Armada,high
515,title,Three Rivers And The Tree- Stories Of Allahabad University,Three Rivers and a Tree: The Story of Allahabad University,high
515,author,Gaur Neelam Saran,Neelum Saran Gour,high
515,publisher,Rupa And Company,Rupa & Co.,high
516,title,Sign Of The Cross,Sign of the Cross,high
516,author,Kuzneski Chris,Chris Kuzneski,high
517,title,The Mouse Trap And Selected Plays,The Mousetrap and Selected Plays,high
517,publisher,Harper Collins India,HarperCollins India,high
518,title,Problems Of Politics Philosphy,Problems of Political Philosophy,high
518,author,Raphael D.D.,D.D. Raphael,high
519,title,Illussions : The Adventures Of Roluctant Mission,Illusions: The Adventures of a Reluctant Messiah,high
519,author,Bach Richad,Richard Bach,high
520,title,Junior School Dictionary Illustration,Junior School Dictionary (Illustrated),medium
520,publisher,Roli Books New Delhi,"Roli Books, New Delhi",medium
521,title,Financial Hand Book Vol.v Account Rules Part 1,Financial Handbook Vol. V: Account Rules Part 1,high
521,author,Govt.of U.p.finance Dept.,"Finance Department, Government of U.P.",high
521,publisher,"Govt, of U.p.finanace Dept.","Government of U.P., Finance Department",high
522,title,Defence And Security In The Indian Ocean Area,Defence and Security in the Indian Ocean Area,medium
522,author,Indian Council Of World Affairs,Indian Council of World Affairs,medium
522,publisher,Asia Pubs.house Bombay,"Asia Publishing House, Bombay",medium
523,title,Sixty Millian Frenchman Con'nl-be Wrong,Sixty Million Frenchmen Can't Be Wrong,high
523,author,"Nadeau, jean Bencil",Jean-Benoit Nadeau and Julie Barlow,high
523,language,Hindi,English,high
524,title,Intimate Relations:exploring Indian Sexuality,Intimate Relations: Exploring Indian Sexuality,high
524,author,"Kakar, sudhir",Sudhir Kakar,high
524,pub_year,1979,1989,high
525,author,"Cahan, herb",Herb Cohen,high
525,publisher,Jaico Pubs Bombay,"Jaico Publishing House, Bombay",high
527,title,A Mild Summer Night Dream,A Midsummer Night's Dream,high
527,author,Shakespeare William,William Shakespeare,high
528,author,Cussler Clive,Clive Cussler,high
529,author,Cussler Clive,Clive Cussler,high
529,publisher,Michal Joshph Penguin Books,Michael Joseph / Penguin,high
530,title,Silent Sea,The Silent Sea,high
530,author,Cussler Clive,Clive Cussler,high
530,publisher,Michal Joshph Penguin Books,Michael Joseph / Penguin,high
531,author,Cussler Clive,Clive Cussler,high
531,publisher,Michal Joshph Penguin Books,Michael Joseph / Penguin,high
532,title,Raise The Titanic,Raise the Titanic!,high
532,author,Cussler Clive,Clive Cussler,high
532,publisher,Michal Joshph Warner Books,Warner Books,high
533,author,Cussler Clive,Clive Cussler,high
534,author,Collins Larry,Larry Collins and Dominique Lapierre,high
534,publisher,Siman And Schuster,Simon and Schuster,high
535,title,Napolian,Napoleon,high
535,author,Ludwig Emile,Emil Ludwig,high
535,publisher,Jaco Pub Bombay,"Jaico Publishing House, Bombay",high
535,language,Hindi,English,high
536,author,Follett Ken,Jeffrey Archer,high
537,author,Follett Ken,Ken Follett,high
537,publisher,Macmillan India Delhi,"Macmillan India, Delhi",high
538,title,The Mentram St.peterburg,The Man from St. Petersburg,high
538,author,Follett Ken,Ken Follett,high
538,publisher,William Morrow & CO.,William Morrow & Co.,high
539,title,The Krishna Kay,The Krishna Key,high
539,author,Sanghi Ashwin,Ashwin Sanghi,high
539,publisher,Westland Ltd.chennai,"Westland Ltd., Chennai",high
540,title,On Women : Selected Writes,On Women: Selected Writings,high
540,publisher,Rupa & CO.,Rupa & Co.,high
541,title,The Way To Dusty Death,The Way to Dusty Death,high
541,author,Maclean Alistair,Alistair MacLean,high
541,publisher,Harper Collins India,HarperCollins India,high
542,title,Jocobs Rooms,Jacob's Room,high
542,author,"Woolf , Virginia",Virginia Woolf,high
543,title,William Shakespeare : The Complete Worth,William Shakespeare: The Complete Works,high
543,author,Alexander Peter (ed.),William Shakespeare (ed. Peter Alexander),high
543,publisher,Collins Londan,"Collins, London",high
544,title,India Economy,Indian Economy,high
544,author,Ruddar Datt And Sundharam Kpm,Ruddar Datt and K.P.M. Sundharam,high
544,publisher,S.chand And Company New Delhi,"S. Chand and Company, New Delhi",high
544,language,Hindi,English,high
545,title,Lucknow Boy - A Memories,Lucknow Boy: A Memoir,high
545,author,Mehta Vinod,Vinod Mehta,high
546,title,Secience Policy & National Development,Science Policy and National Development,high
546,author,Sarabahai Vikram,Vikram Sarabhai,high
546,publisher,Macmillan India Delhi,"Macmillan India, Delhi",high
547,author,Chopra Deepak,Deepak Chopra,high
547,publisher,Rider Londan,"Rider, London",high
547,language,Hindi,English,high
548,title,Sea Of Poppies,Sea of Poppies,high
548,author,Ghosh Amitav,Amitav Ghosh,high
549,title,Perennial Psychology Of The Bhaggwad Gita,Perennial Psychology of the Bhagavad Gita,high
549,publisher,The Himalayan Inst. Of Yoga Sc.pubs.usa,"Himalayan Institute Press, USA",high
550,title,Mightier Than The Sward,Mightier Than the Sword,high
550,author,Archer Jeffery,Jeffrey Archer,high
550,publisher,Macmillan India Delhi,"Macmillan India, Delhi",high
551,title,Sai Baba Mahavakya On Leadership,Sai Baba's Mahavakya on Leadership,high
551,author,Sri Sathya Sai Books & Pubs.,M.L. Chibber,high
551,publisher,Sai Books & Pubs Trust A.P.,"Sri Sathya Sai Books & Publications Trust, A.P.",high
552,title,Annals & Antiquites Of Rajasthan,Annals and Antiquities of Rajasthan,high
552,author,Tod James,James Tod,high
552,publisher,Rupa & CO.,Rupa & Co.,high
553,author,Arora Prem,Prem Arora,medium
553,publisher,Cosmos Bookmine Ltd,Cosmos Bookhive,medium
554,author,Sri Ram Krishna Moth,Sri Ramakrishna Math,medium
554,publisher,Sri Ramkrishna Ashram,Sri Ramakrishna Ashram,medium
555,title,Speaker's Desk Book Of Quizs Quotes & Anecdotes,"Speaker's Desk Book of Quips, Quotes & Anecdotes",high
555,author,Bracide Jacobs,Jacob Braude,high
555,publisher,Jaico Pubs Bombay,"Jaico Publishing House, Bombay",high
556,author,"Nietzsche , Friedrich",Friedrich Nietzsche,high
556,publisher,Robin Book New Delhi,"Robin Books, New Delhi",high
556,language,Hindi,English,high
557,title,Tradition & Revolution,Tradition and Revolution,high
557,author,Jayaker Popul (ed.),J. Krishnamurti (ed. Pupul Jayakar),high
557,publisher,Krishnamurti Foundation Chennai,"Krishnamurti Foundation India, Chennai",high
557,language,Hindi,English,high
558,title,The Fountain Head,The Fountainhead,high
558,author,Rand Ayn,Ayn Rand,high
559,author,Dostoevsky Fyoder,Fyodor Dostoevsky,high
559,publisher,Wordworth,Wordsworth Editions,high
560,author,Camus Albert,Albert Camus,high
561,title,H.B. Of District Magistrate & Exxecutive Magistrate,Handbook of District Magistrate & Executive Magistrate,medium
561,author,Duhan Randhiv Singh,Randhiv Singh Duhan,medium
561,publisher,Western Law House Meerut,"Western Law House, Meerut",medium
562,title,Claws Journal,CLAWS Journal,high
562,author,Centrefor Land Warfare Studio,Centre for Land Warfare Studies,high
562,publisher,Centrefor Land Warfare Studio,Centre for Land Warfare Studies,high
562,language,Hindi,English,high
563,author,Pathak Ramchand (samp),Ramchandra Pathak (Editor),high
563,publisher,Bhargava Book Depot Varansi,"Bhargava Book Depot, Varanasi",high
564,title,National Resurgence In India,National Resurgence in India,medium
564,author,Bharatheya Vichra Kendram,Bharatheeya Vichara Kendram,medium
564,publisher,Bharatheya Vichra Kendra,Bharatheeya Vichara Kendram,medium
565,title,Principles Of Social Political Theory,Principles of Social and Political Theory,high
565,author,Barkar Ernest,Ernest Barker,high
566,title,Master Of Political Thought,Masters of Political Thought Vol. 1: Plato to Machiavelli,medium
566,author,Machianelli Plato,Michael B. Foster,medium
566,publisher,Landon George & Harper CO.,"George G. Harrap & Co., London",medium
567,title,A History Of Political Thought,A History of Political Thought,medium
567,author,Suda J.P.,J.P. Suda,medium
567,publisher,K.nath & Co.meerut,"K. Nath & Co., Meerut",medium
568,title,Homopathic Materia Medica,Homoeopathic Materia Medica,high
568,author,Boericke William,William Boericke,high
568,publisher,B.jain Pubs New Delhi,"B. Jain Publishers, New Delhi",high
569,title,Politics Among Nation The Struggle For Power And People,Politics Among Nations: The Struggle for Power and Peace,high
569,author,Morgenthas Hans J,Hans J. Morgenthau,high
569,publisher,Scientific Book Agency Calcultta,"Scientific Book Agency, Calcutta",high
570,title,Sex Wav,The Sex War,high
570,author,Lamb Charlotte,Charlotte Lamb,high
570,publisher,Mills & Boom,Mills & Boon,high
570,language,Hindi,English,high
571,title,Major Contemporary Constitutional System,Major Contemporary Constitutional Systems,medium
571,author,Bambwall K.R.,K.R. Bombwall,medium
571,publisher,Modern Pubs.ambala Cantt,"Modern Publishers, Ambala Cantt",medium
571,language,Hindi,English,medium
573,title,Alokik Yatharth-shri Baba Neem Karori Maharaj,Alaukik Yatharth: Shri Baba Neem Karoli Maharaj,medium
573,author,"Pandey, ravi Prakash",Ravi Prakash Pandey,medium
573,publisher,"Shri Kainchi Hanuman Mandir, nainital","Shri Kainchi Hanuman Mandir, Nainital",medium
574,title,Shri Sai Sachcharit,Shri Sai Satcharitra,medium
574,author,"Thakur, shivram",Shivram Thakur,medium
574,publisher,"Shri Sai Baba Sansthan, sai Niketan, dadar","Shri Sai Baba Sansthan, Sai Niketan, Dadar",medium
575,title,Orchadham Aagman Katha(ayodhya),Orchha Dham Aagman Katha (Ayodhya),medium
575,author,"Singh, arun Kumar ED.",Arun Kumar Singh (Editor),medium
575,publisher,"Kanhaiya Lal, jhansi","Kanhaiya Lal, Jhansi",medium
576,title,Upnishado Ka Sandesh,Upanishadon Ka Sandesh,high
576,author,"Radha, krishnan",Sarvepalli Radhakrishnan,high
576,publisher,Rajpal And Sons,Rajpal & Sons,high
577,title,Matrhari Shatak,Bhartrihari Shatak,medium
578,author,Rashtriya Yog Sansthan,Morarji Desai Rashtriya Yog Sansthan,high
578,publisher,Morarji Desai Rashtrya Yog Sansthan,Morarji Desai Rashtriya Yog Sansthan,high
579,title,Himalay Ke Santo Ke Sang Niwas,Himalay Ke Santon Ke Sang Nivas,high
579,author,Shri Swami Ram,Swami Rama,high
579,publisher,"Himalaya Internationationl Institute Of Yog Sciences, u.s.a.","Himalayan International Institute of Yoga Science, USA",high
580,author,"Swami, ramdev",Swami Ramdev,high
581,title,Shri Madbhagwat Puran -dwitiya Khand,Shrimad Bhagwat Puran - Dwitiya Khand,high
581,author,"Geeta Press, gorakhpur","Gita Press, Gorakhpur",high
581,publisher,Geeta Press,Gita Press,high
582,title,Kuran Majeed,Quran Majeed,high
584,author,"Jairam, das",Jayramdas Din,high
584,publisher,Geeta Press,Gita Press,high
585,title,Brij Vilas,Braj Vilas,medium
588,author,"Sharma, shri Ram",Shriram Sharma Acharya,high
588,publisher,"Sanskriti Sansthan, bareily","Sanskriti Sansthan, Bareilly",high
589,author,"Pandey, raja Bali",Raj Bali Pandey,high
589,publisher,Radha Krishna Prakashan,Radhakrishna Prakashan,high
590,author,Shivanand Saraswati,Swami Sivananda Saraswati,high
590,publisher,"Divya Jivan Sangh, tehri Garhwal","Divya Jivan Sangh, Tehri Garhwal",high
592,author,"Sharma, shri Ram",Shriram Sharma Acharya,high
594,title,Bhagwatgeeta Ka Sandesh,Bhagwat Geeta Ka Sandesh,medium
594,author,Karn Singh,Karan Singh,medium
594,publisher,Bhartiya Lok Prashashan,Bhartiya Lok Prashasan,medium
595,author,Swami Prabhupaad,A.C. Bhaktivedanta Swami Prabhupada,medium
595,publisher,Bhakti Vedant Book Trust,Bhaktivedanta Book Trust,medium
596,author,"Geeta Press, gorakhpur","Gita Press, Gorakhpur",medium
596,publisher,Geeta Press,Gita Press,medium
599,title,Krishbhavnaamrit- Ek Anumpam Uphar,Krishna Bhavnamrit: Ek Anupam Uphar,high
599,author,Swami Prabhupaad,A.C. Bhaktivedanta Swami Prabhupada,high
599,publisher,Bhakti Vedant Book Trust,Bhaktivedanta Book Trust,high
602,author,Premchandra,Premchand,high
603,author,Premchandra,Premchand,high
604,title,Nachyo Bahot Gopal,Nachyau Bahut Gopal,high
604,author,"Nagar, amrit Lal",Amritlal Nagar,high
604,publisher,Rajpal And Sons,Rajpal & Sons,high
605,title,Khanjan Nayan,Khanjan Nain,high
605,author,"Nagar, amrit Lal",Amritlal Nagar,high
605,publisher,Rajpal And Sons,Rajpal & Sons,high
606,title,Na Bhuto Na Bhavishya,Na Bhooto Na Bhavishyati,high
606,author,"Kohli, narendra",Narendra Kohli,high
607,language,English,Hindi,high
608,publisher,Radha Krishna Prakashan,Radhakrishna Prakashan,high
609,title,Mujrim Hajir II Khand,Mujrim Hazir Vol. 2,high
609,author,Vimal Mitra,Bimal Mitra,high
609,publisher,Rajpal And Sons,Rajpal & Sons,high
611,title,Gan Devta,Ganadevata,high
611,author,"Vandopadhyay, tara Shankar",Tarashankar Bandyopadhyay,high
612,author,"Sinha, sanjay",Sanjay Sinha,medium
613,title,Kasav,Kasap,high
613,author,"Joshi, manohar Shyam",Manohar Shyam Joshi,high
613,publisher,Rajkamal,Rajkamal Prakashan,high
614,author,"Sahni, bheeshma",Bhisham Sahni,high
614,publisher,Rajkamal,Rajkamal Prakashan,high
615,author,"Verma, bhagwati Charan",Bhagwati Charan Verma,medium
615,publisher,Rajkamal,Rajkamal Prakashan,medium
618,title,Sanskritik Kahaniyan Bhag-4,Sanskritik Kahaniyan Bhag 4,medium
618,publisher,Shri Krishna Janm Seva Sansthan Seva Sangh,Shri Krishna Janmasthan Seva Sansthan,medium
620,author,"Ram, vibhuti Narayan (editor)",Vibhuti Narayan Rai (Editor),medium
621,author,Sivani,Shivani,high
621,publisher,Radha Krishna Prakashan,Radhakrishna Prakashan,high
622,title,Meri Priy Kahaniya,Meri Priya Kahaniyan,high
622,author,Sahni Bhishm,Bhisham Sahni,high
622,publisher,Rajpal And Sons,Rajpal & Sons,high
623,title,Meri Priy Kahaniya,Meri Priya Kahaniyan,high
623,author,Naagar Amritlal,Amritlal Nagar,high
623,publisher,Rajkamal,Rajkamal Prakashan,high
624,title,Charchit Kahaniyaan,Charchit Kahaniyan,medium
624,author,Jai Shanker Prasad,Jaishankar Prasad,medium
624,publisher,Saamyik Prakashan Nai Delhi,"Samayik Prakashan, New Delhi",medium
625,title,Vishwa Prasidh Kahaniyaan Bhaag-2,Vishwa Prasiddh Kahaniyan Bhag 2,medium
625,author,Suresh Kant Sampadak,Suresh Kant (Editor),medium
625,publisher,Granth Academy New Delhi,"Granth Academy, New Delhi",medium
626,title,Keshar Kashturi,Kesar Kasturi,high
626,publisher,Radha Krishna Prakashan,Radhakrishna Prakashan,high
627,author,"Singh, madhuker",Madhukar Singh,medium
627,publisher,Satyam Prakashan Allahabad,"Satyam Prakashan, Allahabad",medium
630,title,Amer Singh Rathor,Amar Singh Rathore,medium
630,publisher,Rohan Book Company Delhi,"Rohan Book Company, Delhi",medium
631,title,Kalyaan June 2000 Ank,Kalyan June 2000 Ank,high
631,author,Geeta Press,Gita Press,high
631,publisher,Geeta Press Gorakhpur,"Gita Press, Gorakhpur",high
632,title,"Raat, chand Aur Main ……..","Raat, Chaand Aur Main",medium
632,author,Guljaar,Gulzar,medium
632,publisher,Rupa And Company Delhi,"Rupa & Co., Delhi",medium
633,title,Meelose Din Guljaar,Meelon Se Din,high
633,author,"Mishra, yatindra (sampadak)",Gulzar,high
633,publisher,Rupa And Company Delhi,"Rupa & Co., Delhi",high
633,language,English,Hindi,high
637,title,Prathiviraj Rasho,Prithviraj Raso,high
637,author,Dwevedi Hazariprasad (sampadak),Hazari Prasad Dwivedi (Editor),high
637,publisher,Sahitya Bhawan Allahabad,"Sahitya Bhawan, Allahabad",high
638,title,Meri Ekkyawan Kavitae Atal Bihari Bajpai,Meri Ikyavan Kavitayen,high
638,author,"Sharma, chandrika Prasad(sampadak)",Atal Bihari Vajpayee,high
638,publisher,Kitabghar Delhi,"Kitabghar, Delhi",high
640,title,Geet Govind Jaidev Krit,Geet Govind,high
640,author,Rajkamal Prakashan,Jayadev,high
640,publisher,Rajkamal Prakashan Delhi,"Rajkamal Prakashan, Delhi",high
641,title,Udhhav Shatak,Uddhav Shatak,medium
641,author,"Gupt, jagdishchandra (sampadak)",Jagdish Chandra Gupt (Editor),medium
641,publisher,Sumit Prakashan Allahabad,"Sumit Prakashan, Allahabad",medium
643,title,Saare Sukhan Hamare-faiz Ahmad Faiz,Saare Sukhan Hamare,high
643,author,Abdul Bismillah Sampadak,Faiz Ahmad Faiz,high
643,publisher,Rajkamal Prakashan Delhi,"Rajkamal Prakashan, Delhi",high
644,title,Yaama-mahadevi Verma,Yama,high
644,author,Verma Mahadevi,Mahadevi Verma,high
644,publisher,Bharti Bhandar Allahabad,"Bharti Bhandar, Allahabad",high
645,title,Bankim Samgrah,Bankim Sangrah,medium
645,author,"Verma, nihalchandra",Nihalchandra Verma (Editor),medium
645,publisher,Hindi Pracharak Sansthan Varanasi,"Hindi Pracharak Sansthan, Varanasi",medium
646,title,Lata Surgaatha,Lata: Sur Gatha,high
646,author,"Mishra, yatindra (sampadak)",Yatindra Mishra,high
646,publisher,Vaani Prakashan Delhi,"Vani Prakashan, Delhi",high
647,title,Annant Kathamrat-baba Neev Karauriji Maharaj,Anant Kathamrit: Baba Neem Karoli Ji Maharaj,medium
647,publisher,Shree Kanchi Hanuman Mandir Kanchi,"Shri Kainchi Hanuman Mandir, Kainchi",medium
651,title,Janmeyjai Ka Naagyag-jaishanker Prasad,Janmejay Ka Nag Yagya,high
651,author,Diomond Pocket Books,Jaishankar Prasad,high
651,publisher,Diamond Pocket Books Delhi,"Diamond Pocket Books, Delhi",high
651,language,English,Hindi,high
652,title,Kashi Ka Itihaas,Kashi Ka Itihas,high
652,publisher,Vishwavidhyala Prakashan Varanasi,"Vishwavidyalaya Prakashan, Varanasi",high
654,title,Vihaar Ka Sach,Bihar Ka Sach,high
654,publisher,Prakashan Sansthan New Delhi,"Prakashan Sansthan, New Delhi",high
655,title,Lakshampur Ki Atmakatha,Lakshmanpur Ki Atmakatha,high
655,author,"Praveen, yogesh",Yogesh Praveen,high
655,publisher,Naman Prakashan Lucknow,"Naman Prakashan, Lucknow",high
657,title,Lok Ram Katha-sakshi Shodh Patrika-3,Lok Ram Katha: Sakshi Shodh Patrika 3,medium
657,publisher,"Ayodhya Shodh Sansthan, faizabad","Ayodhya Shodh Sansthan, Faizabad",medium
658,title,Agni Suraksha-ek Surakshit Pahal,Agni Suraksha: Ek Surakshit Pahal,medium
658,author,"Rahat Ayukta, u.p. Sarkar","Rahat Ayukt, U.P. Sarkar",medium
658,publisher,"Rahat Ayukt, u.p. Sarkar","Rahat Ayukt, U.P. Sarkar",medium
659,author,"Sharma, chakradhara",Chakradhar Sharma,medium
660,title,Ekadash Skandha- Shri Mad Bhagwat,Ekadash Skandha: Shrimad Bhagwat,medium
660,author,Akhandanand Saraswati,Swami Akhandananda Saraswati,medium
660,publisher,Geeta Press,Gita Press,medium
662,author,Ramchandra,Ram Chandra,high
662,publisher,Ramchandra Mission Shahjahanpur,"Shri Ram Chandra Mission, Shahjahanpur",high
663,author,"Trivedi, satyadev",Satyadev Trivedi,medium
663,publisher,Anupam Prakashan Delhi,"Anupam Prakashan, Delhi",medium
664,author,"Shah, giriraj",Giriraj Shah,medium
664,publisher,Hind Publishing House Allahabad,"Hind Publishing House, Allahabad",medium
666,title,A Tale Of Two Cities,A Tale of Two Cities,high
666,author,"Dickens, chavles",Charles Dickens,high
666,publisher,Vikas Pub.house,Vikas Publishing House,high
667,title,The Importance If Living,The Importance of Living,high
667,author,"Yutang, lin",Lin Yutang,high
668,title,Exercises In Spoken English Part-1,Exercises in Spoken English Part 1,high
668,author,Oxford University Press,"CIEFL, Hyderabad",high
669,title,Emergency In India,Emergency in India,medium
669,author,"Drieberg, trevor And Sarla Lag Mohan",Trevor Drieberg and Sarla Jag Mohan,medium
669,publisher,Manas Pubishing House Delhi,"Manas Publishing House, Delhi",medium
670,title,How To Recruit Good Menagevs,How to Recruit Good Managers,medium
670,author,"Reymond, robert S",Robert S. Raymond,medium
671,title,Husey Shaheed Suhrawarthy-a Biography,Huseyn Shaheed Suhrawardy: A Biography,high
671,author,"Suhrawarthy, shaista",Shaista Suhrawardy Ikramullah,high
672,title,Revolution 2020 :love Corruption Ammbition,Revolution 2020: Love. Corruption. Ambition,high
672,author,"Bhagat, chetan",Chetan Bhagat,high
672,publisher,Rupa Publication New Delhi,"Rupa Publications, New Delhi",high
673,title,The Ramayana If Tulsidas,The Ramayana of Tulsidas,medium
673,author,Srikrishn Janmsthan Seva Sansthan,Tulsidas,medium
673,publisher,Srikrishna Janmsthan Seva Sansthan Mathura,"Shri Krishna Janmasthan Seva Sansthan, Mathura",medium
673,language,Hindi,English,medium
674,title,The New Combrige History Of India,The Politics of India Since Independence (The New Cambridge History of India),high
674,author,"Brass, Paul .R",Paul R. Brass,high
674,publisher,Orient Longmann Hyderabad,"Orient Longman, Hyderabad",high
675,title,Return Of Aryans,Return of the Aryans,high
675,author,"Gidwani, bhagwan.s",Bhagwan S. Gidwani,high
676,title,The Judgement India Inside Story Of Emergency,The Judgement: Inside Story of the Emergency in India,high
676,author,Nayar Kuldeep,Kuldip Nayar,high
676,publisher,Vikas Pub.house,Vikas Publishing House,high
677,title,Autobiography Of Yogi,Autobiography of a Yogi,high
677,author,Paramahance Yogananda,Paramahansa Yogananda,high
677,publisher,Jaico Pub House Delhi,"Jaico Publishing House, Delhi",high
678,title,Shakespeares : Hemlet,Shakespeare's Hamlet,high
678,author,"Turner , w ED.",William Shakespeare,high
678,publisher,S.chand And Company New Delhi,"S. Chand & Company, New Delhi",high
678,language,Hindi,English,high
679,title,Indira Gandhi : National Biography,Indira Gandhi,high
679,author,Malhotra Inder,Inder Malhotra,high
680,title,Famous Indian Of The 20th Century,Famous Indians of the 20th Century,medium
680,author,"Sharma, vishwamitra",Vishwamitra Sharma,medium
680,publisher,Pustak Mahal Delhi,"Pustak Mahal, Delhi",medium
680,language,Hindi,English,medium
681,title,The Best Of Speaking Tree Vol.2,The Best of Speaking Tree Vol. 2,high
681,author,Bennet Coleman And Co.ltd,"Bennett, Coleman & Co.",high
681,publisher,Bennet Coleman New Delhi,"Bennett, Coleman & Co., New Delhi",high
683,title,Twilight In Delhi A Novel,Twilight in Delhi,high
683,author,Ahmad Ali,Ahmed Ali,high
683,publisher,Rupa Publication New Delhi,"Rupa Publications, New Delhi",high
684,title,Temple Of Gods,Temple of the Gods,high
684,author,Mcdermott Andy,Andy McDermott,high
684,publisher,Headline Pub Londan,"Headline, London",high
685,title,A Call Of Honour,A Call to Honour: In Service of Emergent India,high
685,publisher,Rupa Publication New Delhi,"Rupa Publications, New Delhi",high
686,title,From Surprise To Reckoning : The Kargil Review Committee Report,From Surprise to Reckoning: The Kargil Review Committee Report,high
686,author,Sage Publication,Kargil Review Committee,high
686,publisher,Sage Pub.new Delhi,"Sage Publications, New Delhi",high
686,pub_year,1919,2000,high
687,title,The Brave Little Puppy And Other Stories,The Brave Little Puppy and Other Stories,high
687,author,"Blyton, enid",Enid Blyton,high
687,publisher,Awadh Pub.londan,"Award Publications, London",high
688,title,Good Work Secret-seven,"Good Work, Secret Seven",high
688,author,"Blyton, enid",Enid Blyton,high
688,publisher,Hoddar R. Stoughtan G.britain,"Hodder & Stoughton, Great Britain",high
689,title,Puzzle Puzzle For Secret Seven,Puzzle for the Secret Seven,high
689,author,"Blyton, enid",Enid Blyton,high
689,publisher,Hoddar R. Stoughtan G.britain,"Hodder & Stoughton, Great Britain",high
690,title,More Hedgerour Tales,More Hedgerow Tales,high
690,author,"Blyton, enid",Enid Blyton,high
690,publisher,Red Fox Londan,"Red Fox, London",high
690,language,Hindi,English,high
691,title,The Birthday Kilten,The Birthday Kitten,high
691,author,"Blyton, enid",Enid Blyton,high
691,publisher,Red Fox Londan,"Red Fox, London",high
692,title,The Sea Side Family,The Seaside Family,high
692,author,"Blyton, enid",Enid Blyton,high
692,publisher,Mommoth Londan,"Mammoth, London",high
693,title,The Love If Her Life,The Love of Her Life (Sweet Valley University #6),high
693,author,"Lourie, john",Laurie John,high
693,publisher,Bantam Book New York,"Bantam Books, New York",high
694,title,Nancy Drew : 16 Never Say Die,Nancy Drew Files #16: Never Say Die,high
694,author,"Keene, carolyn",Carolyn Keene,high
694,publisher,Pocket Books New York,"Pocket Books, New York",high
695,title,The Hardy Boys: The Hooded Howk Mystery,The Hardy Boys: The Hooded Hawk Mystery,high
695,author,"Dixon, franklin W",Franklin W. Dixon,high
695,publisher,William Collins Armada,William Collins (Armada),high
696,title,Aladdin And His Wonderful Lamp,Aladdin and His Wonderful Lamp,medium
696,publisher,Arora Books Com.delhi,"Arora Books, Delhi",medium
698,title,Noddy And His Car,Noddy and His Car,high
698,author,"Blyton, enid",Enid Blyton,high
698,publisher,Bbc Books,BBC Books,high
699,title,Rip Van Winkle And Other Stories,Rip Van Winkle and Other Stories,high
699,author,"Irwing , Washington",Washington Irving,high
700,title,A Little Book Of Life,A Little Book of Life,high
700,publisher,Rupa Publication New Delhi,"Rupa Publications, New Delhi",high
701,title,Ageless Body Timeless Mind,"Ageless Body, Timeless Mind",high
701,author,"Chopra , Deepak",Deepak Chopra,high
701,publisher,Rupa And Company,Rupa & Co.,high
702,title,Stories And Poems,Stories and Poems,high
702,author,"Edgar , Allan",Edgar Allan Poe,high
703,author,Mason Philip,Philip Mason,high
703,publisher,Rupa And Company,Rupa & Co.,high
704,title,Early Social Farmations,Early Social Formations,high
704,author,"Farooqui , Amar",Amar Farooqui,high
704,publisher,Manak Pub.new Delhi,"Manak Publications, New Delhi",high
704,language,Hindi,English,high
705,author,Moravia Alborto,Alberto Moravia,high
705,publisher,Rupa And Company,Rupa & Co.,high
706,title,Jawaharlal Nehru : Glimpses Of World History,Glimpses of World History,high
706,author,Oxford University Press,Jawaharlal Nehru,high
707,title,Alexander The Great,Alexander the Great,high
707,author,Abbot Jacob,Jacob Abbott,high
707,publisher,Prakash Books New Delhi,"Prakash Books, New Delhi",high
708,title,Hand Book An Rajputs,A Handbook on Rajputs,high
708,author,Binglam A.H.,A. H. Bingley,high
708,publisher,Law Price Pub.new Delhi,"Low Price Publications, New Delhi",high
709,author,Perkinson C Northcote,C. Northcote Parkinson,medium
709,publisher,Vikas Pub.house,Vikas Publishing House,medium
710,title,Madame De Pompadour,Madame de Pompadour,high
710,author,Mitford Nancy,Nancy Mitford,high
710,publisher,Bantam Book New York,"Bantam Books, New York",high
711,author,Hardy Thomas,Thomas Hardy,high
711,publisher,Wordsworth Edition,Wordsworth Editions,high
712,title,A Propos Of Lady Chatter Lays Lover,A Propos of Lady Chatterley's Lover,high
712,author,Lawrence D.H.,D. H. Lawrence,high
713,author,Austen Jane,Jane Austen,high
713,publisher,Madhuban Edu.trust Vikas Pub,Madhuban Educational Books,high
713,language,Hindi,English,high
714,title,Rock Around The Clock,Rock Around the Clock,high
714,author,Dastur R.H,R. H. Dastur,high
714,publisher,Ibh Publishing Bombay,"IBH Publishing, Bombay",high
715,publisher,Full Circle Pub.delhi,"Full Circle Publishing, Delhi",high
715,language,Hindi,English,high
716,title,Rajaji A Life Biography,Rajaji: A Life,high
716,author,Gandhi Rajmohan,Rajmohan Gandhi,high
717,title,Everyday Hapiness Mantras,Everyday Happiness Mantras,high
717,author,Shetty Rekha,Rekha Shetty,high
717,publisher,Rupa And Company,Rupa & Co.,high
718,author,Allen Hugh,Hugh Allen,high
718,publisher,Rupa Publication New Delhi,"Rupa Publications, New Delhi",high
719,title,Veerappan : The Unfold Story,Veerappan: The Untold Story,high
719,author,Raghuram Sunaad,Sunaad Raghuram,high
720,author,Martin Wighl,Martin Wight,high
720,language,Hindi,English,high
721,author,Johari J.C.,J. C. Johari,high
721,publisher,Sterling Pubs New Delhi,"Sterling Publishers, New Delhi",high
721,language,Hindi,English,high
722,title,90 Minutes Of Entebble,90 Minutes at Entebbe,high
722,author,Stevansan William,William Stevenson,high
722,publisher,Bantam Book New York,"Bantam Books, New York",high
723,title,The Birds And Other Stories,The Birds and Other Stories,high
723,author,Maurier Daphne Du,Daphne du Maurier,high
724,author,Hasnain Nadeem,Nadeem Hasnain,high
724,publisher,Vani Prakashan New Delhi,"Vani Prakashan, New Delhi",high
724,language,Hindi,English,high
725,title,The Story Of Renaissance,The Story of the Renaissance,high
725,author,Hudson William Henry,William Henry Hudson,high
725,publisher,George G Harper And Com.landon,"George G. Harrap & Co., London",high
726,title,History Of India,History of India,medium
726,author,Mukherjee L,L. Mukherjee,medium
726,publisher,Mukherjee Ml Culcutta,"M. L. Mukherjee, Calcutta",medium
727,title,Law Relating To Electrons,Law Relating to Elections,medium
728,title,Introduction To Constitution Of India,Introduction to the Constitution of India,high
728,author,"Basu, durga Prasad",Durga Das Basu,high
728,publisher,Wadhwa Pub,Wadhwa & Co.,high
729,author,"Vishwanathan, suresh T.",Suresh T. Vishwanathan,high
730,title,The Indian Easement Act,The Indian Easements Act,medium
730,author,"Agrawal, s, k,",S. K. Agrawal,medium
731,title,The Interpretation Of Statates,The Interpretation of Statutes,high
731,author,"Bhattacharya, t.",T. Bhattacharyya,high
732,title,Internation Law & Human Rights,International Law & Human Rights,high
732,author,"Kapoor, s.k.",S. K. Kapoor,high
732,language,Hindi,English,high
733,title,A New History Of India,A New History of India,medium
733,author,"Ishwari, prasad",Ishwari Prasad,medium
733,publisher,"India Press Pvt. Ltd, allhabad","The Indian Press, Allahabad",medium
734,author,"Srivastava, bimal K.",Bimal K. Srivastava,medium
734,publisher,Manas Pubishing House Delhi,"Manas Publishing House, Delhi",medium
734,language,Hindi,English,medium
735,title,Ecology Of Dudhwa,Ecology of Dudhwa,medium
735,author,"Singh, r.l.",R. L. Singh,medium
735,language,Hindi,English,medium
736,title,Harry Potter & Order Of The Phoenix,Harry Potter and the Order of the Phoenix,high
736,author,Rowling J.K,J. K. Rowling,high
736,publisher,Bloomsbury Books,Bloomsbury,high
737,title,A History Of India,A History of India,high
737,author,"Thapar, romila",Romila Thapar,high
738,title,A Study Of Indian History,A Study of Indian History,medium
738,author,"Puri, b.n.",B. N. Puri,medium
738,publisher,Bhartiya Vidhya Bhawan,Bharatiya Vidya Bhavan,medium
738,language,Hindi,English,medium
739,title,What If: Serious Scientific Answers To Absurd Hypothetical Questions,What If?: Serious Scientific Answers to Absurd Hypothetical Questions,high
739,author,"Munro, randall",Randall Munroe,high
739,publisher,John Merray Pubs U.K,"John Murray, U.K.",high
740,publisher,Mcmillan India New Delhi,"Macmillan India, New Delhi",high
740,language,Hindi,English,high
741,author,Dade S.C,S. C. Dube,high
741,language,Hindi,English,high
742,title,How To Win Friends & Influence People,How to Win Friends and Influence People,high
742,author,Dale Cornegie,Dale Carnegie,high
742,publisher,Russij Tarapore Bombay,"D. B. Taraporevala Sons & Co., Bombay",high
743,title,The Red Bodge Of Couvarage And Other Stories,The Red Badge of Courage and Other Stories,high
743,author,Crane Stephen,Stephen Crane,high
743,publisher,Wilco Pubs House Mumbai,"Wilco Publishing House, Mumbai",high
744,author,Cussler Clive,Clive Cussler,high
744,publisher,Michal Joshph Penguin Books,Michael Joseph (Penguin Books),high
745,author,Cussler Clive,Clive Cussler,high
745,publisher,Michal Joshph Penguin Books,Michael Joseph (Penguin Books),high
746,title,Crescent Down,Crescent Dawn,high
746,author,Cussler Clive,Clive Cussler,high
746,publisher,Michal Joshph Penguin Books,Michael Joseph (Penguin Books),high
747,author,Cussler Clive,Clive Cussler,high
747,publisher,Michal Joshph Penguin Books,Michael Joseph (Penguin Books),high
748,author,Cussler Clive,Clive Cussler,high
748,publisher,Michal Joshph Penguin Books,Michael Joseph (Penguin Books),high
749,author,Cussler Clive,Clive Cussler,high
749,publisher,Pocket Books New York,"Pocket Books, New York",high
750,author,Cussler Clive,Clive Cussler,high
750,publisher,Berkley Books New York,"Berkley Books, New York",high
751,author,"Forsyth , Frederick",Frederick Forsyth,high
752,publisher,Harper Collins India,HarperCollins India,high
753,title,The Girl Who Played With Fine,The Girl Who Played with Fire,high
753,author,Larsson Stieg,Stieg Larsson,high
753,publisher,Maclehose Press Londan,"MacLehose Press, London",high
754,title,Go Set A Wotchman,Go Set a Watchman,high
754,publisher,William Heinemann Great Britain,William Heinemann,high
754,language,Hindi,English,high
755,title,The Kon-tiki Expedition,The Kon-Tiki Expedition,high
755,author,Heyerdahl Thor,Thor Heyerdahl,high
755,publisher,George Allen Unwin Ltd.,George Allen & Unwin,high
756,title,Vay Rakshaam,Vayam Rakshamah,high
756,publisher,Hind Pocket Books Delhi,"Hind Pocket Books, Delhi",high
756,language,English,Hindi,high
757,title,Poirot's Eory Cases,Poirot's Early Cases,high
758,title,4 Soldier's Diary Kargil The Inside Story,"A Soldier's Diary: Kargil, the Inside Story",high
758,author,Books Today,Harinder Baweja,high
758,publisher,Book Today India Today Group,Books Today (India Today Group),high
759,title,The Polican Brief,The Pelican Brief,high
759,author,Grisham John,John Grisham,high
759,publisher,Island Book New York,"Island Books, New York",high
760,author,Graham Billy,Billy Graham,high
760,publisher,Harper Collins India,HarperCollins India,high
761,author,Benchley Peter,Peter Benchley,high
762,author,Follett Ken,Jeffrey Archer,high
762,publisher,Macmillan India Delhi,"Macmillan India, Delhi",high
763,title,And Thereby Hangs A Tale,And Thereby Hangs a Tale,high
763,author,Follett Ken,Jeffrey Archer,high
763,publisher,Macmillan India Delhi,"Macmillan India, Delhi",high
764,author,Sikka Harinder,Harinder Sikka,high
765,title,Morning Noon & Night,"Morning, Noon and Night",high
765,author,Shelden Sidney,Sidney Sheldon,high
765,publisher,Harper Collins India,HarperCollins India,high
766,title,The Catcher In The Rye,The Catcher in the Rye,high
766,author,Salenger J.D,J. D. Salinger,high
767,title,The Water Bebies,The Water-Babies,high
767,author,Kingsley Charles,Charles Kingsley,high
768,title,The End Of Alchamy,The End of Alchemy,high
768,author,King Mervyn,Mervyn King,high
768,publisher,Little Brown Great Britain,"Little, Brown",high
769,title,Political Theory : Traditional & Modern Theory,Political Theory: Traditional and Modern,medium
769,author,Hariharan Das,Hari Hara Das,medium
769,language,Hindi,English,medium
770,author,"Forsyth , Frederick",Frederick Forsyth,high
771,title,East Of Eden,East of Eden,high
771,author,Steinback John,John Steinbeck,high
772,title,Murder In The Cathedral,Murder in the Cathedral,high
772,author,Eliot T.S.,T. S. Eliot,high
773,title,Bali And The Ocean Of Milk,Bali and the Ocean of Milk,high
773,author,Chaudhary M.P.,Nilanjan P. Choudhury,high
773,publisher,Harper Collins India,HarperCollins India,high
775,author,Kundera Milan,Milan Kundera,high
775,publisher,Rupa & CO.,Rupa & Co.,high
776,author,Ludowyk Efc,E. F. C. Ludowyk,high
776,publisher,Combridge University Press,Cambridge University Press,high
776,language,Hindi,English,high
777,title,Mussion That Killed Osama Bin Laden No Easy Day Autobiography Of Navy Seal,No Easy Day: The Autobiography of a Navy SEAL,high
777,author,Owen Mark,Mark Owen,high
778,author,Wallce Irving,Irving Wallace,high
778,publisher,Sphare Book,Sphere Books,high
779,title,The Mahabharat Secret,The Mahabharata Secret,high
779,author,Christopher C Doyle,Christopher C. Doyle,high
780,title,Frenchman's Creck,Frenchman's Creek,high
780,author,Maurier Daphne Du,Daphne du Maurier,high
781,title,Wieked Stories,The Rupa Book of Wicked Stories,high
781,publisher,Rupa & CO.,Rupa & Co.,high
782,title,Why Great Leaders Don’t Take Yes For A Answer,Why Great Leaders Don't Take Yes for an Answer,high
782,author,Roberto Michal,Michael A. Roberto,high
782,publisher,Darling Kinderslay India,Dorling Kindersley India,high
783,title,Jihad And Other Essays,Jihad and Other Essays,medium
783,author,Asqhar Ali,Asghar Ali Engineer,medium
783,publisher,The Book People India Kozhiked Kerala,"The Book People, Kozhikode",medium
785,title,How To Talk To Any One,How to Talk to Anyone,high
785,author,Lowndas Leil,Leil Lowndes,high
785,publisher,Harper Collins India,HarperCollins India,high
786,title,Parikinson : The Law,Parkinson: The Law,high
786,author,Parkinsan Northcote C,C. Northcote Parkinson,high
787,title,India Offer Gandhi,India After Gandhi,high
787,author,Guha Ramachandra,Ramachandra Guha,high
787,publisher,Macmillan India Delhi,"Macmillan India, Delhi",high
788,title,Freedom Striggle,Freedom Struggle,high
788,author,Bipin Chandra,Bipan Chandra,high
788,language,Hindi,English,high
789,author,Azad Maulana Abdul Kalam,Maulana Abul Kalam Azad,high
789,publisher,Orient Paperback Delhi,"Orient Paperbacks, Delhi",high
790,title,Taxmann's Direct Tax Law & Practice,Taxmann's Direct Taxes Law & Practice,high
790,author,Singhania Vinod K,Vinod K. Singhania,high
790,publisher,Taxmann Publication New Delhi,"Taxmann Publications, New Delhi",high
790,language,Hindi,English,high
791,title,Essays : First & Second Stories,Essays: First and Second Series,high
791,author,Emerson Ralph Waldo,Ralph Waldo Emerson,high
791,publisher,Eurosia Pubs New Delhi,"Eurasia Publishing House, New Delhi",high
792,title,The End Of History & The Last Man,The End of History and the Last Man,high
792,author,Fukuyama Francis,Francis Fukuyama,high
792,publisher,Siman And Schuster,Simon & Schuster,high
793,title,Websters New World Dictionary Of Compulq Terma,Webster's New World Dictionary of Computer Terms,high
793,publisher,Prentice Hall Inc,Prentice Hall Inc.,high
794,title,Dictionary Of Economics & Commerce,A Dictionary of Economics and Commerce,high
794,author,Hanson J.L.,J. L. Hanson,high
794,publisher,Elbs Landon,"ELBS, London",high
795,author,Bradley A.C.,A. C. Bradley,high
795,publisher,Mcmillan Landon,"Macmillan, London",high
795,language,Hindi,English,high
796,title,In The Wonderland Of Indian Manager,In the Wonderland of Indian Managers,high
796,author,Rangnakar Sharu,Sharu Rangnekar,high
796,publisher,Tarang Paperback Vikash Pubs,Tarang Paperbacks (Vikas),high
798,title,On Imperialist Globalization Two Speeches,On Imperialist Globalization: Two Speeches,high
798,author,Costro Fidel,Fidel Castro,high
798,publisher,Leftword Bank New Delhi,"LeftWord Books, New Delhi",high
798,language,Hindi,English,high
799,title,Law & Arms & Explosive,Law of Arms & Explosives,medium
799,language,Hindi,English,medium
800,author,Kashyap Subhash C,Subhash C. Kashyap,high
800,language,Hindi,English,high
801,title,Indian Journal Of Public Administration,Indian Journal of Public Administration,high
801,author,Indian Journal Of Public Admis,Indian Institute of Public Administration,high
801,publisher,Indian Inst Of Public Admis. New Delhi,"Indian Institute of Public Administration, New Delhi",high
802,author,Ball Siman,Simon Ball,high
802,publisher,Universal Law Pubs.co.,Universal Law Publishing Co.,high
802,language,Hindi,English,high
803,title,Laal Fita,Lal Fita,medium
803,author,Dwivedi Hemant,Hemant Dwivedi,medium
803,publisher,Lok Bharti Pubs Allahabad,"Lokbharti Prakashan, Allahabad",medium
804,author,Sheldon Sidney,Sidney Sheldon,high
804,publisher,Hodders & Stoughter Londan,"Hodder & Stoughton, London",high
805,title,Basic Legal Principles & Term,Basic Legal Principles & Terms,medium
805,author,Srivastava Shiv Dayal,Shiv Dayal Srivastava,medium
805,publisher,Sri Giri Prakashan Jabalpur,"Sri Giri Prakashan, Jabalpur",medium
806,publisher,Mata Amritanandmayi Mission,Mata Amritanandamayi Mission Trust,medium
806,language,Hindi,English,medium
807,title,The World Of Fatwar Or The Shariah In Action,The World of Fatwas or the Shariah in Action,high
807,author,Shourie Arun,Arun Shourie,high
807,publisher,Harper Collins India,HarperCollins India,high
808,title,Kay Ti Mature Care,Key to Nature Cure,medium
808,author,Jussawalla J.M.,J. M. Jussawalla,medium
808,publisher,Ibh Pubs Co.bombay,"IBH Publishing Co., Bombay",medium
808,language,Hindi,English,medium
809,title,Cheiro's You And Your Star,Cheiro's You and Your Star,high
809,author,Orient Paperback,Cheiro,high
809,publisher,Orient Paperback Delhi,"Orient Paperbacks, Delhi",high
810,title,The A-z Women's Health,The A-Z of Women's Health,high
810,author,Jomes Derek L,Derek Llewellyn-Jones,high
811,title,Seeds Of Terror,Seeds of Terror,high
811,author,Peters Gretchan,Gretchen Peters,high
812,title,How To Know Good,How to Know God,high
812,author,Chopra Deepak,Deepak Chopra,high
812,publisher,Random House New York,"Random House, New York",high
813,title,Thoughts An Machiavelli,Thoughts on Machiavelli,high
813,author,Stauss Leo,Leo Strauss,high
813,publisher,University Of Washington Press,University of Washington Press,high
813,language,Hindi,English,high
814,author,Taylor William T,William T. Taylor,medium
814,publisher,East West Press New Delhi,"East-West Press, New Delhi",medium
814,language,Hindi,English,medium
815,title,The Economics Of Money & Banking,The Economics of Money and Banking,high
815,author,Chandler L.V.,Lester V. Chandler,high
815,publisher,Harper & Brother New York,"Harper & Brothers, New York",high
816,title,Politics In India,Politics in India,high
816,author,Kothari Rajni,Rajni Kothari,high
816,publisher,Orint Langman,Orient Longman,high
817,title,Introduction To Political Science,Introduction to Political Science,high
817,author,Gettell Raymond Garfield,Raymond Garfield Gettell,high
817,publisher,Gin & Company Bostan,"Ginn & Company, Boston",high
818,title,An Introduction To World Politics,An Introduction to World Politics,high
818,author,Friedmann W,Wolfgang Friedmann,high
819,title,Constitutional Govt. In India,Constitutional Government in India,high
819,author,Pylee M.V,M. V. Pylee,high
819,publisher,Asia Pub House Bombay,"Asia Publishing House, Bombay",high
821,author,Gill Rama,William Shakespeare,high
822,title,A Glossary Of Phrases With Prepositions,A Glossary of Phrases with Prepositions,high
822,author,Growell Thomas Lee,Thomas Lee Crowell,high
822,publisher,Printice Hall New Delhi,"Prentice-Hall, New Delhi",high
825,title,King Arthur & The Knights Of The Round Table,King Arthur and the Knights of the Round Table,high
825,author,Malory Thomas,Thomas Malory,high
825,publisher,Vikash Pubs.house,Vikas Publishing House,high
826,title,Twenty Thousand Leagues Under The Sea,Twenty Thousand Leagues Under the Sea,high
826,author,Verne Jules,Jules Verne,high
826,publisher,Madhuban Educational Book,Madhuban Educational Books,high
827,title,The Count Of Monte Cristo,The Count of Monte Cristo,high
827,author,Dumas Alexander,Alexandre Dumas,high
827,publisher,Madhuban Educational Book,Madhuban Educational Books,high
828,title,The Transfer Of Property Act,The Transfer of Property Act,high
828,author,Shukla S.N.,S. N. Shukla,high
829,title,The Law Evidence,The Law of Evidence,high
829,publisher,Central Law Agency Allahabad,"Central Law Agency, Allahabad",high
830,author,Diwan Paras,Paras Diwan,high
830,language,Hindi,English,high
831,title,Studies In World Order,Studies in World Order,medium
831,author,Singh Harman (ed.),Harman Singh,medium
831,publisher,Sterling Pubs New Delhi,"Sterling Publishers, New Delhi",medium
832,title,Studies In International Relations,Studies in International Relations,medium
832,author,Ias Circle Study,IAS Study Circle,medium
832,publisher,Bookhive Pubs New Delhi,"Bookhive, New Delhi",medium
833,title,History Ofeuropean Political Philosphy,History of European Political Philosophy,high
833,author,"Bhandari, b.r.",D. R. Bhandari,high
834,title,Politics Of Indian Ocean,Politics of the Indian Ocean,medium
834,author,"Singh, K. Rajendra",K. Rajendra Singh,medium
834,publisher,Thomas Press Delhi,"Thomson Press, Delhi",medium
835,title,Kalyan Go Seva Ank,Kalyan Gau Seva Ank,high
835,author,"Geeta Press, gorakhpur","Gita Press, Gorakhpur",high
835,publisher,Geeta Press,"Gita Press, Gorakhpur",high
836,title,Manu Smriti,Manusmriti,high
836,author,"Gautam, chamanlal",Chamanlal Gautam,high
836,publisher,"Sanskriti Sansthan, bareily","Sanskriti Sansthan, Bareilly",high
837,author,"Pandya, pranav(editor)",Pranav Pandya,medium
837,publisher,Yug Nirman Yojna,Yug Nirman Yojana,medium
838,author,"Nagar, amrit Lal",Amritlal Nagar,high
838,publisher,Rajkamal,Rajkamal Prakashan,high
839,title,Krishna Ki Aatmakatha-1:narad Ki Bhavishyavani,Krishna Ki Atmakatha Vol. 1: Narad Ki Bhavishyavani,high
839,author,"Sharma, manu",Manu Sharma,high
840,author,"Priyamvada, usha",Usha Priyamvada,high
840,publisher,Rajkamal,Rajkamal Prakashan,high
841,title,Akash Dani De Pani,Akash Dani De Pani: Garhwal Ki Lok Kathayen,high
842,title,Hindi Kahaniya,Hindi Kahaniyan,medium
842,author,Jainendra Kumar Sampadak,Jainendra Kumar (Ed.),medium
842,publisher,Lok Bharti Prakashan Delhi,"Lokbharti Prakashan, Delhi",medium
843,title,Vishwa Prasidh Kahaniyaan Bhaag-3,Vishwa Prasiddh Kahaniyan Vol. 3,medium
843,author,Suresh Kant Sampadak,Suresh Kant (Ed.),medium
843,publisher,Granth Academy New Delhi,"Granth Academy, New Delhi",medium
844,title,Gulenama Firaaq Gorakhpuri Ki Rachnae,Gul-e-Naghma: Firaq Gorakhpuri Ki Rachnayen,medium
844,author,Lok Bharti Prakashan,Firaq Gorakhpuri,medium
844,publisher,Lok Bharti Prakashan Allahabad,"Lokbharti Prakashan, Allahabad",medium
846,title,Amer Kahani-beer Haqiqat Rai,Amar Kahani: Veer Haqiqat Rai,medium
846,publisher,Ganga Prasad Upadhyayprakashan Mandir Abohar,"Ganga Prasad Upadhyay Prakashan Mandir, Abohar",medium
849,title,Sakshi-ayodhya Ek Sanskritik Virasat,Sakshi: Ayodhya Ek Sanskritik Virasat,medium
849,publisher,"Ayodhya Shodh Sansthan, faizabad","Ayodhya Shodh Sansthan, Faizabad",medium
850,title,Jawaharlal Nehru A Biography,Jawaharlal Nehru: A Biography,high
850,author,"Gopal, sarvepalli",Sarvepalli Gopal,high
851,title,India : At The Death Of Akber,India at the Death of Akbar,high
851,author,Moreland W..H,W. H. Moreland,high
851,publisher,Trans Pubdelhi,"Trans Pub, Delhi",high
852,author,Rushdie Salman,Salman Rushdie,high
852,publisher,Picadar New York,"Picador, New York",high
853,title,Field Marshal Sam Manekshaw M.C.,"Field Marshal Sam Manekshaw, M.C.: Soldiering with Dignity",high
853,publisher,Natraj Pubs Delhi,Natraj Publishers,high
853,language,Hindi,English,high
854,title,The Tale Of Beedle The Bord,The Tale of Beedle the Bard,high
854,author,Rowling J.K.,J. K. Rowling,high
854,publisher,Children High Lovel Com New Delhi,Bloomsbury / Children's High Level Group,high
854,pub_year,2000,2008,high
855,title,Amelia Jane In Naughty Again,Naughty Amelia Jane Again!,medium
855,author,"Blyton, enid",Enid Blyton,medium
855,publisher,Mommoth Londan,"Mammoth, London",medium
856,title,The Adventurours Five And Other Stories,The Adventurous Five and Other Stories,medium
856,author,"Talepade, dnyaneshwari",Dnyaneshwari Talepade,medium
856,publisher,Paulin Pubs,Pauline Publications,medium
857,title,Hero Of Rome,Hero of Rome,high
857,author,"Jackson , Dougles",Douglas Jackson,high
857,publisher,Bantam Press Landon,"Bantam Press, London",high
858,title,Swami And Friends,Swami and Friends,high
858,author,Narayan R.K.,R. K. Narayan,high
858,publisher,Indian Thought Pub.mysore,"Indian Thought Publications, Mysore",high
859,title,Perfect Question And Perfect Answers,"Perfect Questions, Perfect Answers",high
859,author,Bhaktivadanta Book Trust,A. C. Bhaktivedanta Swami Prabhupada,high
859,publisher,Bhaktivadanta Book Trust,Bhaktivedanta Book Trust,high
859,language,Hindi,English,high
861,title,The Path Perfection,The Path of Perfection,high
861,author,Swami Prabhu Pade,A. C. Bhaktivedanta Swami Prabhupada,high
861,publisher,Bhakti Vedanta Book Trust Landon,"Bhaktivedanta Book Trust, London",high
861,language,Hindi,English,high
862,title,A Biggles Omnibuss,A Biggles Omnibus,high
862,author,John W.E.,W. E. Johns,high
862,publisher,Random House Landon,"Random House, London",high
863,author,"Dalrymple , William",William Dalrymple,high
863,publisher,Bloomsbury Books,Bloomsbury,high
864,author,Macintyre Ben,Ben Macintyre,high
864,publisher,Bloomsbury Books,Bloomsbury,high
865,author,Doctor Adi H,Adi H. Doctor,medium
865,publisher,Vikas Pub.house,Vikas Publishing House,medium
865,language,Hindi,English,medium
866,title,Fear And Other Stories,Fear and Other Stories,medium
866,author,Gangopadhayay Sunil,Sunil Gangopadhyay,medium
866,publisher,Rupa And Company,Rupa & Co.,medium
867,author,"Giacomini, fabio & Hasan Zaidi",Fabio Giacomini & Hasan Zaidi,medium
867,language,Hindi,English,medium
868,title,The Dynasty:born To Rule,The Dynasty: Born to Rule,high
868,author,"Aron, sunita",Sunita Aron,high
868,publisher,Hey House India,Hay House India,high
869,author,"Wallace, irrving",Irving Wallace,high
870,author,"Hosseini , Khalid",Khaled Hosseini,high
870,publisher,Bloomsbury Books,Bloomsbury,high
871,title,Commentaries On Living,Commentaries on Living,high
871,author,Rajagopal D (ed),Jiddu Krishnamurti,high
871,publisher,B.j.publication Bambay,"B.I. Publications, Bombay",high
871,language,Hindi,English,high
872,author,Brontie Emile,Emily Brontë,high
873,author,Oreint Paperback,Khushwant Singh,high
873,publisher,Orient Paperback Delhi,"Orient Paperbacks, Delhi",high
874,title,The Oath Of The Vayuputras,The Oath of the Vayuputras,high
874,author,Amish,Amish Tripathi,high
874,publisher,Westland Ltd.chennai,"Westland, Chennai",high
875,author,Sanghi Ashwin,Ashwin Sanghi,high
875,publisher,Westland Ltd.chennai,"Westland, Chennai",high
876,author,Seild Jennifer,Jennifer Seidl,high
877,author,Gibran Khalid,Kahlil Gibran,high
877,publisher,Jaico Pubs Bombay,"Jaico Publishing House, Bombay",high
878,title,Ghost Stories From The Raj,Ghost Stories from the Raj,high
878,author,Ruskin Bond,Ruskin Bond (Ed.),high
878,publisher,Rupa & CO.,Rupa & Co.,high
879,title,The Kutch Earthquake 2001,"The Kutch Earthquake 2001: Recollections, Lessons and Insights",high
879,author,Mishra Pramod K,Pramod K. Mishra,high
879,publisher,National Instt Of Disaster Management,National Institute of Disaster Management,high
880,title,Brave Two Zero,Bravo Two Zero,high
880,author,Mcnab Andy,Andy McNab,high
880,language,Hindi,English,high
881,title,Ramcharitmanas : Ocean Of Science,Ramcharitmanas: Ocean of Science,medium
881,author,Gautam S.P.,S. P. Gautam,medium
881,publisher,Lok Bharti Pubs Allahabad,"Lokbharti Publications, Allahabad",medium
881,language,Hindi,English,medium
882,title,Turning Point,Turning Points: A Journey Through Challenges,high
882,author,Abdul Kalam A.P.J.,A. P. J. Abdul Kalam,high
882,publisher,Harper Collins India,HarperCollins India,high
883,author,Perlott Jeffery M,Jeffrey M. Perloff,high
884,title,Barack Obama : The Making Of Man,Barack Obama: The Making of the Man,high
884,author,Mardniss,David Maraniss,high
884,publisher,Atlantic Book,Atlantic Books,high
885,author,Taleb Nassim Nicholas,Nassim Nicholas Taleb,high
886,title,The Ulltimate World Cup Cricket Quiz Book,The Ultimate World Cup Cricket Quiz Book,medium
886,author,Patherya Mudar,Mudar Patherya,medium
887,title,Guidelines Of The Supreme Court & High Court In Criminal Law,Guidelines of the Supreme Court & High Court in Criminal Law,medium
887,author,Zaidi Moh Hasan,Mohd. Hasan Zaidi,medium
888,title,U.P.KI Nayi Udaan,Uttar Pradesh Ki Nai Udaan,high
888,author,Singh Srajanpaal,Srijan Pal Singh & G. S. Naveen Kumar,high
888,publisher,Prabhaat Prakashan,Prabhat Prakashan,high
889,title,Eminent Historius : Their Technology Their Line Their Fraud,"Eminent Historians: Their Technology, Their Line, Their Fraud",high
889,author,Shourie Arun,Arun Shourie,high
889,publisher,India Today Arun Shourie,ASA Publications,high
889,language,Hindi,English,high
890,title,Who Moved My Cheese,Who Moved My Cheese?,high
890,author,Johnson Spencer,Spencer Johnson,high
890,publisher,Vermilian Landon,"Vermilion, London",high
891,title,Inner Peace For Busy People,Inner Peace for Busy People,high
891,author,Borysenko Joan Z,Joan Z. Borysenko,high
892,title,The Life Of Vivekanand & The Universal Gospal,The Life of Vivekananda and the Universal Gospel,high
892,author,Rolland Roman,Romain Rolland,high
892,publisher,Advaitva Ashram,Advaita Ashrama,high
892,language,Hindi,English,high
893,title,Greek Political Theory,Greek Political Theory: Plato and His Predecessors,high
893,author,Barkar Ernest,Ernest Barker,high
893,publisher,Metheun & CO.,Methuen & Co.,high
893,language,Hindi,English,high
894,title,Intervention In The Indian Ocean,Intervention in the Indian Ocean,high
894,author,Namboodiri P.K.S,P. K. S. Namboodiri,high
894,publisher,Abc Pubs House New Delhi,"ABC Publishing House, New Delhi",high
895,author,Vashisht Jai Shri,Jai Shri Vashisht,medium
896,title,The Adventure Of Tom Sawyer,The Adventures of Tom Sawyer,high
896,author,Towin Mark,Mark Twain,high
896,publisher,Madhuban Educational Book,Madhuban Educational Books,high
897,title,Pride And Prejudice,Pride and Prejudice,high
897,author,Austin Jane,Jane Austen,high
897,publisher,Madhuban Educational Book,Madhuban Educational Books,high
898,title,Hast Rekha Vighyan,Hast Rekha Vigyan,high
898,author,"Dixit, rajesh",Rajesh Dixit,high
899,author,"Sharma, girdhari Lal",Girdhari Lal Sharma,medium
900,title,Bhakt Raj Hanuman,Bhaktraj Hanuman,high
900,author,"Geeta Press, gorakhpur",Gita Press,high
900,publisher,Geeta Press,"Gita Press, Gorakhpur",high
901,title,Valaygrass,Balaygras,medium
903,title,Firaak-sadi Ki Awaaz,Firaq: Sadi Ki Awaaz,medium
903,author,"Husain, syed Amjad (sampadak)",Syed Amjad Husain (Ed.),medium
903,publisher,Suchna Avon Jansampark U.P.,"Suchna Evam Jansampark Vibhag, U.P.",medium
905,title,Lala Lajpatrai Ne Kaha Tha,Lala Lajpat Rai Ne Kaha Tha,medium
905,author,Giriraj Sharan Sampadan,Giriraj Sharan (Ed.),medium
905,publisher,Pratibha Pratisthan New Delhi,"Pratibha Pratishthan, New Delhi",medium
907,title,Sakshi-ayodhya Ki Sangeet Parampara,Sakshi: Ayodhya Ki Sangeet Parampara,medium
907,publisher,"Ayodhya Shodh Sansthan, faizabad","Ayodhya Shodh Sansthan, Faizabad",medium
908,author,Gallachev Bernard,Bernard Gallacher,high
908,publisher,Teach Yourself U.K,"Teach Yourself, U.K.",high
908,language,Hindi,English,high
909,title,Towords Understanding Islam,Towards Understanding Islam,high
909,author,Maududi S.A.,Sayyid Abul A'la Maududi,high
909,publisher,Markazi Maktaba Delhi,"Markazi Maktaba Islami, Delhi",high
909,language,Hindi,English,high
910,title,The Secret Of Spiggy Holes,The Secret of Spiggy Holes,high
910,author,"Blyton, enid",Enid Blyton,high
910,publisher,Basil Blackwell U.K.,"Basil Blackwell, U.K.",high
911,title,Mystery : The Rat A Tat Mystery,The Rat-a-Tat Mystery,high
911,author,"Blyton, enid",Enid Blyton,high
911,publisher,Harper Collins India,HarperCollins India,high
912,title,Puck Of Pook's Hill,Puck of Pook's Hill,high
912,author,"Kipling , rudyord",Rudyard Kipling,high
912,publisher,Wordsworth Edition,Wordsworth Editions,high
913,title,Living With The Himalyan Masters,Living with the Himalayan Masters,high
913,author,Himalayan International Institutes,Swami Rama,high
913,publisher,Himalayan International Institute,Himalayan Institute Press,high
914,title,The Sangai The Pride Of Manipur,The Sangai: The Pride of Manipur,medium
914,author,Khautel.m.,Khautel M.,medium
915,title,A Grammar Of Politics,A Grammar of Politics,high
915,author,Laski Harold J,Harold J. Laski,high
915,publisher,Unwin University Book,Unwin University Books,high
916,title,Harry Potter And The Cursed Child,Harry Potter and the Cursed Child,high
916,author,Rowling J.K,"J. K. Rowling, John Tiffany & Jack Thorne",high
916,publisher,Little Brown Great Britain,"Little, Brown",high
917,author,"Singh, nagendra",Nagendra Singh,medium
918,title,Harry Potter & Goblet Of Fire,Harry Potter and the Goblet of Fire,high
918,author,Rowling J.K,J. K. Rowling,high
918,publisher,Bloomsbury Books,Bloomsbury,high
919,title,What Kalty Did At School,What Katy Did at School,high
919,author,Coolidge Susan,Susan Coolidge,high
919,publisher,Blackie & Sons Londan,"Blackie & Son, London",high
920,author,Cussler Clive,Clive Cussler,high
920,publisher,Pocket Books New York,"Pocket Books, New York",high
921,title,Sons And Lavers,Sons and Lovers,high
921,author,"Lawrence , D.H",D. H. Lawrence,high
922,title,Indira : The Life Of Indira Nehru,Indira: The Life of Indira Nehru Gandhi,high
922,author,Frank Katherine,Katherine Frank,high
922,publisher,Harper Collins India,HarperCollins India,high
923,title,Of On Fixed Address,Of No Fixed Address,high
923,author,Gustad Kaizad,Kaizad Gustad,high
923,publisher,Harper Collins India,HarperCollins India,high
924,title,Manand Superman,Man and Superman,high
924,author,Penguin Books,George Bernard Shaw,high
925,author,Follett Ken,Jeffrey Archer,high
925,publisher,Harper Collins India,HarperCollins India,high
926,author,Jaces Book Pubs,Vishnu Sharma,high
926,publisher,Jaces Books Pubs Bombay,"Jaico Publishing House, Bombay",high
927,title,Tha Wreck,The Wreck,high
927,author,Tagore Rabindranath,Rabindranath Tagore,high
927,publisher,Macmillan India Delhi,"Macmillan India, Delhi",high
928,author,Kipling Rudyard,Rudyard Kipling,high
928,publisher,Bloomsbury Books,Bloomsbury,high
929,title,Advantures Ofrobinhood,The Merry Adventures of Robin Hood,high
929,author,Pyle Howard,Howard Pyle,high
929,publisher,Enlighten Bombay,"Enlighten, Bombay",high
929,language,Hindi,English,high
930,title,J.p.das Omnibus,J.P. Das Omnibus,high
930,author,Pierre Pant St,J. P. Das (Ed. Paul St-Pierre),high
930,publisher,Har Anand Pubs,Har-Anand Publications,high
930,language,Hindi,English,high
931,author,Maurier Daphne Du,Daphne du Maurier,high
932,title,The State Of The Nation In The Context Of India's Constitution,The State of the Nation: In Context of India's Constitution,high
932,author,Nariman Fali S,Fali S. Nariman,high
933,title,Law Relating To Potent Trademark Copyrights Design & Geographical Indication,"Law Relating to Patents, Trade Marks, Copyright, Designs & Geographical Indications",high
933,author,Wadehra B.L.,B. L. Wadehra,high
933,publisher,Universal Law Pubs.co.,Universal Law Publishing Co.,high
935,author,Adaiv John,John Adair,high
935,publisher,Rupa & CO.,Rupa & Co.,high
936,author,Fertik Michael,Michael Fertik & David C. Thompson,high
936,publisher,Crown Pub Copr. New York,"Crown Publishing, New York",high
937,title,Learn Dos In Day,Learn DOS in a Day,high
937,author,Stultz Russell,Russell A. Stultz,high
937,publisher,Bpb Pubs New Delhi,"BPB Publications, New Delhi",high
938,title,My Frozen Turbulence In Kashir,My Frozen Turbulence in Kashmir,high
938,publisher,Allied Pubs New Delhi,"Allied Publishers, New Delhi",high
939,title,International Studies : India Foreign Policy,International Studies: India's Foreign Policy,medium
939,author,Journal Of The School Of Int.studies,School of International Studies (Journal),medium
939,language,Hindi,English,medium
940,title,Tantra Sadhna,Tantra Sadhana,medium
940,author,"Shrimali, narayan Dutt",Narayan Dutt Shrimali,medium
941,title,Shri Madbhagwat Saptah Katha,Shrimad Bhagwat Saptah Katha,medium
941,author,"Gautam, chamanlal",Chamanlal Gautam,medium
941,publisher,"Sanskriti Sansthan, bareily","Sanskriti Sansthan, Bareilly",medium
942,title,Shri Bheeshpitamah,Shri Bhishma Pitamah,medium
942,author,Akhandanand Saraswati,Swami Akhandanand Saraswati,medium
942,publisher,Geeta Press,Gita Press,medium
944,author,Swami Prabhupaad,A. C. Bhaktivedanta Swami Prabhupada,high
944,publisher,Bhakti Vedant Book Trust,Bhaktivedanta Book Trust,high
945,author,Akhandanand Saraswati Sewa Sansthan,Swami Akhandanand Saraswati,medium
946,title,Aapka Rashiphal-1999,Aapka Rashifal 1999,medium
946,author,"Joshi, keval Anand",Keval Anand Joshi,medium
946,language,English,Hindi,medium
947,title,"Maidani Ramleela, jaswantnagar, itawa","Maidani Ramleela, Jaswantnagar, Etawah",medium
947,author,"Gupta, vedvrat(editor)",Vedvrat Gupta (Ed.),medium
947,publisher,"Ayodhya Shodh Sansthan, ayodhya","Ayodhya Shodh Sansthan, Ayodhya",medium
948,publisher,"Shri Banke Bihari Seva Prakalp, vrindavan","Shri Banke Bihari Seva Prakalp, Vrindavan",medium
949,title,108 Upnishad (gyan Khand),108 Upanishad (Gyan Khand),high
949,author,"Sharma, shri Ram",Shriram Sharma Acharya,high
949,publisher,"Sanskriti Sansthan, bareily","Sanskriti Sansthan, Bareilly",high
950,author,"Chakrawarti, saratchandra",Sharatchandra Chakravarti,medium
950,publisher,"Shri Ramkrishan Ashram, nagpur","Shri Ramkrishna Ashram, Nagpur",medium
951,author,Shri Arvind,Sri Aurobindo,high
951,publisher,"Shri Arvind Ashram, pondicherry","Sri Aurobindo Ashram, Pondicherry",high
952,author,Akhandanand Saraswati,Swami Akhandanand Saraswati,medium
953,title,Shri Venketeshwarji Ka Suprabhat Shrot,Shri Venkateshwar Suprabhat Stotra,medium
953,author,"Sangmesham, m.",M. Sangmesham,medium
953,publisher,"Tirumal Tirupati Seva Sansthan, tirupati","Tirumala Tirupati Devasthanams, Tirupati",medium
954,title,Bhajan Kiska Kare,Bhajan Kiska Karein,medium
954,author,Adgadanand Ji,Swami Adgadanand,medium
955,title,Premi Bhakt Udhav,Premi Bhakt Uddhav,high
955,author,"Geeta Press, gorakhpur",Shantanu Bihari Dwivedi,high
955,publisher,Geeta Press,"Gita Press, Gorakhpur",high
956,title,Ek Lingji Darshan,Eklingji Darshan,medium
956,publisher,"Anil Bhavsar, udaipur","Anil Bhavsar, Udaipur",medium
957,author,"Pandey, Ashok",Ashok Pandey,medium
958,title,Ras Raj Shrikrishan,Rasraj Shri Krishna,medium
958,author,Swami Prabhupaad,A. C. Bhaktivedanta Swami Prabhupada,medium
958,publisher,Bhakti Vedant Book Trust,Bhaktivedanta Book Trust,medium
959,author,Akhandanand Saraswati,Swami Akhandanand Saraswati,medium
959,publisher,Satya Sahitya Prakashan Trust,Satsahitya Prakashan Trust,medium
960,title,Vardan,Vardaan,high
960,author,Premchandra,Premchand,high
961,title,Karwat,Karvat,high
961,author,"Nagar, amrit Lal",Amritlal Nagar,high
961,publisher,Rajpal And Sons,Rajpal & Sons,high
962,title,Path Ke Dawedar,Path Ke Davedar,high
962,author,"Chatopadhyay, sharat Chandra",Sharatchandra Chattopadhyay,high
962,language,English,Hindi,high
963,title,Shreekant,Shrikant,high
963,author,"Chatopadhyay, sharat Chandra",Sharatchandra Chattopadhyay,high
964,author,"Kohli, narendra",Narendra Kohli,high
965,language,English,Hindi,medium
966,title,Badmah Ki Aathkatha,Banbhatt Ki Atmakatha,high
966,author,"Dwivedi, hajari Prasad",Hazari Prasad Dwivedi,high
966,publisher,Rajkamal,Rajkamal Prakashan,high
967,author,"Shukla, shreelal",Shrilal Shukla,high
967,publisher,Rajkamal,Rajkamal Prakashan,high
970,author,"Verma, nirmal",Nirmal Verma,high
970,publisher,Rajkamal,Rajkamal Prakashan,high
971,title,Sharat Samagra -5 Khand,Sharat Samagra (5 Khand),medium
971,author,"Mukharjee, vishwanath",Sharatchandra Chattopadhyay (Tr. Vishwanath Mukherjee),medium
973,author,"Mohan, rakesh",Mohan Rakesh,high
973,publisher,Rajpal And Sons,Rajpal & Sons,high
977,author,"Ram, vibhuti Narayan (editor)",Vibhuti Narayan Rai,high
978,title,Ret Ki Machli,Ret Ki Machhli,medium
978,author,"Bharti, kanta",Kanta Bharti,medium
978,publisher,Lokbharti,Lokbharti Prakashan,medium
979,title,Premchand Ki Sharvoshreth Kahaniyaan,Premchand Ki Sarvashreshth Kahaniyan,high
979,author,Premchandra,Premchand,high
980,title,Vishlabhdha,Vipralabdha,high
980,author,Sivani,Shivani,high
980,publisher,Radha Krishna Prakashan,Radhakrishna Prakashan,high
983,title,Meri Priy Kahaniya,Meri Priya Kahaniyan,medium
983,author,"Sharma, yaadvendra",Yadvendra Sharma 'Chandra',medium
983,publisher,Rajpal And Sons,Rajpal & Sons,medium
984,title,Hanumaan Gaatha,Hanuman Gatha,medium
984,author,Gupt Harihar Prasad,Harihar Prasad Gupta,medium
984,publisher,Bhasha Sahitya Sansthan Allahabad,"Bhasha Sahitya Sansthan, Allahabad",medium
985,title,Chittod Durga Ka Vijay Stambh,Chittor Durg Ka Vijay Stambh,medium
985,author,"Mishra, pratap Narayan",Pratap Narayan Mishra,medium
986,author,Singhal Madangopal,Madan Gopal Singhal,medium
986,publisher,Gopal Prakashan Meerut,"Gopal Prakashan, Meerut",medium
987,title,Vishwa Prasidh Kahaniyaan Bhaag-4,Vishwa Prasiddh Kahaniyan Bhag 4,medium
987,author,Suresh Kant Sampadak,Suresh Kant (ed.),medium
987,publisher,Granth Academy New Delhi,"Granth Academy, New Delhi",medium
988,title,Bado Ke Jeevan Se Shiksha,Badon Ke Jeevan Se Shiksha,medium
988,author,Geeta Press,Gita Press,medium
988,publisher,Geeta Press,"Gita Press, Gorakhpur",medium
989,title,Meena-murgiyoon Ki Ginti,Meena: Murgiyon Ki Ginti,high
989,author,Unisef,UNICEF,high
990,title,Baal Bagiya Mashik Patrika June 2001,"Baal Bagiya Masik Patrika, June 2001",medium
990,author,Khare Sandeep Sampadak,Sandeep Khare (ed.),medium
991,author,Dreamland Publication,Dreamland Publications,medium
991,publisher,Dreamland Publication,Dreamland Publications,medium
992,title,Subhaschandra Bose,Subhash Chandra Bose,high
992,publisher,Diamond Comics Delhi,"Diamond Comics, Delhi",high
993,title,Kalyaan August 2000 Ank,Kalyan (August 2000 Issue),high
993,author,Geeta Press,Gita Press,high
993,publisher,Geeta Press Gorakhpur,"Gita Press, Gorakhpur",high
994,title,Pili Chonchwali Chidiya Ke Naam,Peeli Chonchwali Chidiya Ke Naam,medium
994,author,Upendranat Ashak,Upendranath Ashk,medium
994,publisher,Nilaabh Prakashan Allahabad,"Neelabh Prakashan, Allahabad",medium
995,publisher,Vaani Prakashan Delhi,"Vani Prakashan, Delhi",high
996,title,Luca,Luka Jhanki,medium
996,author,"Shah, darpan",Darpan Sah,medium
996,publisher,Hind Yugn Delhi,"Hind Yugm, Delhi",medium
997,title,Mera Kya Gajal Sangrah,Mera Kya (Ghazal Sangrah),high
997,author,"Barelvy, wasim",Waseem Barelvi,high
997,publisher,Parampara Books Delhi,"Parampara Books, Delhi",high
999,author,Tandon Puranchand (sampadak),Puranchand Tandon (ed.),medium
999,publisher,Puneet Interprises Delhi,"Puneet Enterprises, Delhi",medium
1002,author,"Pandey, shyamnarayan",Shyam Narayan Pandey,high
1002,publisher,Nand Kishor And Sons Varanasi,"Nand Kishore & Sons, Varanasi",high
1003,title,Kavitawali Satik,Kavitavali (Satik),high
1003,author,"Sharma, rajesh",Tulsidas (comm. Rajesh Sharma),high
1003,publisher,Ashok Prakashan Delhi,"Ashok Prakashan, Delhi",high
1004,title,Saaye Mein Dhoop,Saye Mein Dhoop,high
1004,publisher,Radhakrishna Prakashan Delhi,"Radhakrishna Prakashan, Delhi",high
1005,title,Vidhya Pati Ki Padawali,Vidyapati Ki Padavali,high
1005,author,"Tripathi, ramfer Avom Rakesh",Vidyapati,high
1005,publisher,Prakashan Kendralucknow,"Prakashan Kendra, Lucknow",high
1006,author,"Vanprasthi, prannath",Prannath Vanprasthi,medium
1006,publisher,Shiksha Bharti Delhi,"Shiksha Bharati, Delhi",medium
1007,author,"Patel, kamlesh.d",Kamlesh D. Patel,medium
1008,title,Swami Vivekanand Ki Pawan Smrityaan,Swami Vivekanand Ki Pavan Smritiyan,high
1008,author,Swami Videhatmanand (sampadak),Swami Videhatmananda (ed.),high
1008,publisher,Adhitya Ashram Kalkatta,"Advaita Ashrama, Kolkata",high
1009,title,Harishanker Persai-pratinidhi Vyang,Harishankar Parsai: Pratinidhi Vyangya,high
1009,author,Rajkamal Prakashan,Harishankar Parsai,high
1009,publisher,Rajakamal Prakashan Delhi,"Rajkamal Prakashan, Delhi",high
1010,author,"Singh, kalicharan (sampadak)",Kalicharan Singh (ed.),medium
1010,publisher,Nidhi Prakashan Delhi,"Nidhi Prakashan, Delhi",medium
1011,title,Faizabad Sanskritik Gaze Tier,Faizabad Sanskritik Gazetteer,medium
1011,publisher,Vaani Prakashan Delhi,"Vani Prakashan, Delhi",medium
1012,author,Abdul Haleem,Abdul Halim Sharar,high
1012,publisher,National Book Trust Delhi,"National Book Trust, Delhi",high
1013,title,Bana Rahe Banarus,Bana Rahe Banaras,high
1013,author,"Mukherjee, vishwanath",Vishwanath Mukherjee,high
1013,publisher,Vishwavidhyala Prakashan Varanasi,"Vishwavidyalaya Prakashan, Varanasi",high
1014,title,Addhytmik Chikitsa Avom Samagrh Upchaar Paddati,Adhyatmik Chikitsa: Ek Samagra Upchar Paddhati,high
1014,author,"Pandeya, pranav",Pranav Pandya,high
1014,publisher,Vedmata Gaytri Trust Haridwar,"Vedmata Gayatri Trust, Haridwar",high
1015,author,Vihnesh Kumar,Vighnesh Kumar,medium
1016,author,"Praveen, yogesh",Yogesh Praveen,high
1017,author,"Shrivastav, girish Chandra",Girish Chandra Shrivastav,medium
1017,publisher,"Nishkarsh, sultanpur","Nishkarsh, Sultanpur",medium
1018,title,Ayodhya-ek Sanskritik Virasat-sakshi Shodh Patrika,Ayodhya: Ek Sanskritik Virasat (Sakshi Shodh Patrika),medium
1018,publisher,"Ayodhya Shodh Sansthan, faizabad","Ayodhya Shodh Sansthan, Faizabad",medium
1019,title,Swatantra Sangram-1857,Swatantrata Sangram 1857,medium
1019,author,"Chaturvedi, avadesh",Avadhesh Chaturvedi,medium
1019,language,English,Hindi,medium
1020,title,Kadambani July 2005,Kadambini (July 2005 Issue),high
1020,author,"Kadambni, hindustan Media",Hindustan Times Media,high
1020,publisher,Kadambani,Kadambini,high
1021,title,Meghdootam-kalidaas,Meghadutam,high
1021,author,"Sharma, sheshraj",Kalidasa (comm. Sheshraj Sharma),high
1021,language,Hindi,Sanskrit,high
1022,title,Bhrithari Tray Shatak,Bhartrihari Tray Shatak,high
1022,author,Randhir Prakashan,Bhartrihari,high
1022,publisher,Randhir Prakshan,Randhir Prakashan,high
1023,title,Utter Pradesh,Uttar Pradesh,medium
1023,author,"Singh, yashpal",Yashpal Singh,medium
1024,title,Jaishanker Prasad Ki Shreth Kahaniya,Jaishankar Prasad Ki Shreshth Kahaniyan,high
1024,author,Suresh Salil,Jaishankar Prasad (ed. Suresh Salil),high
1024,publisher,Rajpal Prakashan Delhi,"Rajpal & Sons, Delhi",high
1026,title,Theesri Sarkar,Teesri Sarkar,medium
1026,author,Chandrashekhar,Chandrashekhar Pran,medium
1026,publisher,Panch Permeshwer Prakashan Allahabad,"Panch Parmeshwar Prakashan, Allahabad",medium
1027,author,Fadishwernath Renu,Phanishwar Nath Renu,high
1027,publisher,Rajkamal,Rajkamal Prakashan,high
1028,title,Shree Ramkrishna Vachanamrat,Shri Ramakrishna Vachanamrit,high
1028,author,Swami Mutreneshanad,Mahendranath Gupta ('M'),high
1028,publisher,Ramkrishna Math Nagpur,"Ramakrishna Math, Nagpur",high
1029,title,Prashasnik Karya Vidhiyo Aur Seva Avom Vitt Niyamawaliyo Ka Sugam Sangrah,Prashasanik Karya Vidhiyon Aur Seva Evam Vitt Niyamavaliyon Ka Sugam Sangrah,medium
1029,author,"Gupta, surajprakash",Suraj Prakash Gupta,medium
1029,publisher,Hindi Publishing Company Allahabad,"Hindi Publishing Company, Allahabad",medium
1030,title,Rajkiye Seva Sambandhi Adesho Ka Sankalan Pratham Khand-1982,"Rajkiya Seva Sambandhi Adeshon Ka Sankalan, Pratham Khand (1982)",medium
1030,author,U.p.shashan,Uttar Pradesh Shasan,medium
1030,publisher,U.p.shahshan,Uttar Pradesh Shasan,medium
1031,title,Great-expectations-charls Dickens,Great Expectations (Charles Dickens),medium
1031,publisher,Rama Brothersdelhi,"Rama Brothers, Delhi",medium
1032,author,Kishore B.R,B.R. Kishore,high
1033,title,The Ine Night Affair And Other Stories,The One Night Affair and Other Stories,high
1033,author,"Chauhan, madhulika",Madhulika Ra Chauhan,high
1034,title,Edwina And Nehru 4 Novel,Edwina and Nehru: A Novel,high
1034,author,Clemont Catherine,Catherine Clément,high
1035,title,Perfect Your Santences,Perfect Your Sentences,medium
1035,author,Harward Peter,Peter Harward,medium
1035,publisher,Orint Longman,Orient Longman,medium
1036,title,Exercises In Spoken English Part-2,"Exercises in Spoken English, Part 2",high
1037,title,Male And Female Sexuality,Male and Female Sexuality,medium
1037,author,"Weininger, otto",Otto Weininger,medium
1037,publisher,Medical Books Calcutta,"Medical Books, Calcutta",medium
1038,title,The Society World Of Vastu,The Secret World of Vaasthu,high
1038,author,"Tripathi Reddy, gauri",Gouru Tirupati Reddy,high
1038,publisher,Prajahita Publisher Proddatur,"Prajahita Publishers, Proddatur",high
1039,title,Uncivil Wars Pathology Of Terroism In Idnia,Uncivil Wars: Pathology of Terrorism in India,high
1039,author,Marwah Ved,Ved Marwah,high
1039,publisher,Harper Collins India,HarperCollins India,high
1040,author,Keay John,John Keay,high
1040,publisher,Harper Collins India,HarperCollins India,high
1041,author,"Bose, jhoomur",Jhoomur Bose,medium
1042,title,Success With Words,Success with Words,high
1042,author,Reader Digest,Reader's Digest,high
1042,publisher,Reader Digest Canada,Reader's Digest,high
1042,language,Hindi,English,high
1043,title,History Of The Freedom Movement In India,History of the Freedom Movement in India,high
1043,publisher,Govt.india Pub.division New Delhi,"Publications Division, Government of India",high
1044,title,Indira Gandhi And Her Power Game,Indira Gandhi and Her Power Game,high
1044,author,Thakur Janaradan,Janardan Thakur,high
1044,publisher,Vikas Pub.house,Vikas Publishing House,high
1045,title,The Silneer Box: John Goswami,The Silver Box (John Galsworthy),medium
1045,author,Jain.b.b,B.B. Jain,medium
1045,publisher,Laxmi Narayan Agarwal Agra,"Lakshmi Narain Agarwal, Agra",medium
1046,title,A Memories : Abundant Living Rest Less Striving,"Abundant Living, Restless Striving: A Memoir",high
1046,author,"Gadrej, sohrab P.",Sohrab P. Godrej,high
1046,publisher,Vikas Pub.house,Vikas Publishing House,high
1046,language,Hindi,English,high
1047,title,History : Quiz Book,History Quiz Book,medium
1047,author,Karir Sonjai,Sanjay Karir,medium
1047,publisher,Pustak Mahal Delhi,"Pustak Mahal, Delhi",medium
1047,language,Hindi,English,medium
1048,title,A Matter Of Honour,A Matter of Honour,high
1048,author,Philip Masin,Philip Mason,high
1048,publisher,Natraj Pubs Delhi,Natraj Publishers,high
1049,author,Nayar Kuldeep,Kuldip Nayar,high
1049,publisher,Vikas Pub.house,Vikas Publishing House,high
1050,title,The Grapes Of Worth,The Grapes of Wrath,high
1050,author,"Steinbeck , John",John Steinbeck,high
1050,publisher,Heineman Londan,"Heinemann, London",high
1051,author,Bhaumik Mani,Mani Bhaumik,high
1052,title,A Secular Agenda For Saving Our Country,A Secular Agenda,high
1052,author,"Shourice , Arun",Arun Shourie,high
1052,publisher,Harper Collins India,HarperCollins India,high
1053,title,I Am Ok - You Are Ok,I'm OK — You're OK,high
1053,author,Harris Thomas A,Thomas A. Harris,high
1053,publisher,Jonathan Cape Ltd,Jonathan Cape,high
1054,author,"Giuliani, rudolph W",Rudolph W. Giuliani,high
1054,publisher,Hyperion New York,"Hyperion, New York",high
1054,language,Hindi,English,high
1055,title,Kashmir - A Mirage,Kashmir: A Mirage,medium
1055,author,"Bhim Singh, banyal S.S. ED.",Bhim Singh (ed. S.S. Banyal),medium
1055,publisher,Har-anand Pub.new Delhi,"Har-Anand Publications, New Delhi",medium
1055,language,Hindi,English,medium
1056,title,The Magic Snow-bird And Other Stories,The Magic Snow-Bird and Other Stories,high
1056,author,"Blyton, enid",Enid Blyton,high
1056,publisher,Awadh Pub.londan,"Award Publications, London",high
1057,title,Hill Of The Tulips,Hill of Tulips,high
1057,author,Makhmudor Latif,Latif Makhmudov,high
1057,publisher,Radiga Pub Mascov,"Raduga Publishers, Moscow",high
1058,title,The Rocking Down Mystry And The Rilloby Fair Mysty,The Rockingdown Mystery and The Rilloby Fair Mystery,high
1058,author,"Blyton, enid",Enid Blyton,high
1058,publisher,Armada Warper Collins,Armada / HarperCollins,high
1059,title,Five Have A Wonderful Time,Five Have a Wonderful Time,high
1059,author,"Blyton, enid",Enid Blyton,high
1059,publisher,Hoddar R. Stoughtan G.britain,Hodder & Stoughton,high
1059,language,Hindi,English,high
1060,title,Three Cheers Secret Seven,"Three Cheers, Secret Seven",high
1060,author,"Blyton, enid",Enid Blyton,high
1060,publisher,Hoddar R. Stoughtan G.britain,Hodder & Stoughton,high
1061,title,The Mountain Of Adventure,The Mountain of Adventure,high
1061,author,"Blyton, enid",Enid Blyton,high
1061,publisher,Mcmillan,Macmillan,high
1062,title,Up The Faraway Tree,Up the Faraway Tree,high
1062,author,"Blyton, enid",Enid Blyton,high
1062,publisher,Red Fox Londan,"Red Fox, London",high
1063,title,The Rilloby Fair-mystry,The Rilloby Fair Mystery,high
1063,author,"Blyton, enid",Enid Blyton,high
1063,publisher,Armada Warper Collins,Armada / HarperCollins,high
1064,title,The Secret Island The Secret Mountain,The Secret Island and The Secret Mountain,high
1064,author,"Blyton, enid",Enid Blyton,high
1064,publisher,Armada Warper Collins,Armada / HarperCollins,high
1065,title,The Enchanled Wood,The Enchanted Wood,high
1065,author,"Blyton, enid",Enid Blyton,high
1065,publisher,Mommoth Londan,"Mammoth, London",high
1067,title,Nancy Drew : 3 Murder On Ice,Nancy Drew Files #3: Murder on Ice,high
1067,author,"Keene, carolyn",Carolyn Keene,high
1067,publisher,Pocket Books New York,"Pocket Books, New York",high
1068,title,Nancy Drew : 91 It Looks Could Kill,Nancy Drew Files #91: If Looks Could Kill,high
1068,author,"Keene, carolyn",Carolyn Keene,high
1068,publisher,Pocket Books New York,"Pocket Books, New York",high
1069,title,The Hardy Boys: The Ghost At Skeleton Rock,The Hardy Boys: The Ghost at Skeleton Rock,high
1069,author,"Dixon, franklin W",Franklin W. Dixon,high
1069,publisher,Diamond Books Londan,"Diamond Books, London",high
1070,author,"Stevensan, r.l.",Robert Louis Stevenson,high
1070,publisher,Belter Yourself Book Bambay,"Better Yourself Books, Bombay",high
1070,language,Hindi,English,high
1071,title,One Hundred And One Dalmatians-story,One Hundred and One Dalmatians,high
1071,author,Ubs Publishers,UBS Publishers,high
1071,publisher,Ubspd,UBSPD,high
1072,title,Treasure Iceland,Treasure Island,high
1072,author,"Stevensan, r.l.",Robert Louis Stevenson,high
1072,publisher,Belter Yourself Book Bambay,"Better Yourself Books, Bombay",high
1072,language,Hindi,English,high
1073,title,Snow White And The Seven Dwarts,Snow White and the Seven Dwarfs,high
1073,publisher,Arora Books Com.delhi,"Arora Book Company, Delhi",high
1074,author,"Kipling , rudyord",Rudyard Kipling,high
1074,publisher,Wordsworth Edition,Wordsworth Editions,high
1075,title,Childrens Omnibus,The Ruskin Bond Children's Omnibus,high
1075,publisher,Rupa Publication New Delhi,"Rupa Publications, New Delhi",high
1076,title,Defeat-is An Orphan,Defeat Is an Orphan: How Pakistan Lost the Great South Asian War,high
1076,author,Macdonald Myra,Myra MacDonald,high
1077,author,"Givisham , john",John Grisham,high
1078,title,Veerappan Chasing The Brigand,Veerappan: Chasing the Brigand,high
1078,author,Vijay Kumar,K. Vijay Kumar,high
1078,publisher,Rupa And Company,Rupa Publications,high
1079,title,The Way Of The Wizard,The Way of the Wizard,high
1079,author,"Chopra , Deepak",Deepak Chopra,high
1079,publisher,Rider Londan,"Rider, London",high
1080,title,A Tales Of Two Stories,A Tale of Two Cities,high
1080,publisher,Tata Macgrow Hills New Delhi,"Tata McGraw-Hill, New Delhi",high
1081,title,"Wake Up , Bharat Enlighten The World",Wake Up Bharat! Enlighten the World!,high
1081,author,Raghunath Bhinde Nivendita,Nivedita Raghunath Bhide,high
1081,publisher,Vivekanand Kendra Prakashan Chennai,"Vivekananda Kendra Prakashan, Chennai",high
1081,language,Hindi,English,high
1082,title,Effective Management Skill,Effective Management Skills,medium
1082,publisher,Sphere Book Londan,"Sphere Books, London",medium
1083,author,Narayan R.K.,R.K. Narayan,high
1084,title,Leading Ladies Vol.1,Leading Ladies Vol. 1,high
1084,author,Menan Sudha,Sudha Menon,high
1084,publisher,Forty Two Books Mumbai,"Fortytwo Bookz Galaxy, Mumbai",high
1084,language,Hindi,English,high
1085,publisher,Hutechinsan And Co.landon,"Hutchinson & Co., London",high
1087,title,Crime : The Citizen And The Police,Crime: The Citizen and the Police,medium
1087,author,Bawa P.S.,P.S. Bawa,medium
1087,publisher,Rupa And Company,Rupa & Co.,medium
1088,title,The Mysterious Mrquin,The Mysterious Mr. Quin,high
1088,publisher,Harper Collins India,HarperCollins India,high
1089,title,A Short History Of Neerly Every Thing,A Short History of Nearly Everything,high
1089,author,Bryson Bill,Bill Bryson,high
1089,publisher,Trasworld Pub.landon,"Transworld Publishers, London",high
1090,title,Sri Krishna Lila : Life Ofbhagwan S.krishna,Sri Krishna Lila: The Life of Bhagavan Sri Krishna,high
1090,author,Vanamali Gita Yogashram,Devi Vanamali,high
1091,title,Shakespeare : The Merchant Of Venice,Shakespeare: The Merchant of Venice,high
1091,author,Tilak Raghukul,Raghukul Tilak,high
1091,language,Hindi,English,high
1092,title,An Uncertain Glory,An Uncertain Glory: India and Its Contradictions,high
1092,author,Lean Dreze And Amrtya Sen,Jean Drèze and Amartya Sen,high
1093,author,Adiga Arvind,Aravind Adiga,high
1093,publisher,Harper Collins India,HarperCollins India,high
1094,title,Shrimed Bhagwed Gita,Shrimad Bhagavad Gita,high
1094,author,Manoj Publication,Manoj Publications,high
1094,publisher,Manoj Publication Delhi,"Manoj Publications, Delhi",high
1095,title,The Funny Side Of English,The Funny Side of English,high
1095,author,Abooty O.,O. Abootty,high
1095,publisher,Pustak Mahal Delhi,"Pustak Mahal, Delhi",high
1095,language,Hindi,English,high
1096,title,A Short History Of Nearly Engineering,A Short History of Nearly Everything,high
1096,author,Brysan Bill,Bill Bryson,high
1097,title,India's Bandit Queen -phoolan Devi,India's Bandit Queen: The True Story of Phoolan Devi,high
1097,author,Malesen,Mala Sen,high
1097,publisher,Harper Collins India,HarperCollins India,high
1098,title,Vishwamitra,Vishwamitra: The Man Who Dared to Challenge the Gods,high
1098,author,Agarwal Vineet,Vineet Aggarwal,high
1099,title,To Kill Mocking Bird,To Kill a Mockingbird,high
1099,publisher,Arorow Books Landon,"Arrow Books, London",high
1100,title,Francais - Anglais- Dictonary,Larousse French-English Dictionary,high
1100,publisher,Larousse Wr Goyal New Delhi,"Larousse / W.R. Goyal, New Delhi",high
1100,language,Hindi,French/English,high
1101,title,Dr.b.r.ambedkar Man And Millennium For Social Justice,Dr. B.R. Ambedkar: Man of the Millennium for Social Justice,medium
1101,author,Dhani S.L.,S.L. Dhani,medium
1101,publisher,Kalpaz Pub.delhi,"Kalpaz Publications, Delhi",medium
1102,title,Indian Government And Politics,Indian Government and Politics,high
1102,author,Johari J.C.,J.C. Johari,high
1102,publisher,Vishal Pub. Delhi,"Vishal Publications, Delhi",high
1103,title,Indo Pak Relations,Indo-Pak Relations,high
1103,author,Bindra S.S.,S.S. Bindra,high
1103,publisher,Deep And Deep Pub.delhi,"Deep & Deep Publications, Delhi",high
1103,language,Hindi,English,high
1104,title,The Tailor Of Panama,The Tailor of Panama,high
1104,author,Carre Le,John le Carré,high
1105,title,Alone With The Devil,Alone with the Devil: Famous Cases of a Courtroom Psychiatrist,high
1105,author,Markman Ronald,Ronald Markman,high
1105,publisher,Future Books,Futura Books,high
1106,title,Robit At Rest,Rabbit at Rest,high
1106,author,Updike John,John Updike,high
1107,title,Chicken Soup For The Father Soul,Chicken Soup for the Father's Soul,high
1107,publisher,Westland Ltd.chennai,"Westland, Chennai",high
1108,title,Management : Text And Cases,Management: Text and Cases,high
1108,author,"Rao, v.s.p.",V.S.P. Rao,high
1108,publisher,Excel Books New Delhi,"Excel Books, New Delhi",high
1109,title,Rise Of The Modern West Social And Economics History,Rise of the Modern West: Social and Economic History of Early Modern Europe,high
1109,author,Phukan Meenaxi,Meenaxi Phukan,high
1109,publisher,Mcmillan India New Delhi,"Macmillan India, New Delhi",high
1110,title,The Laws Of The Spirit World,The Laws of the Spirit World,high
1110,author,Bhavnagri Khorshed,Khorshed Bhavnagri,high
1110,publisher,Jaico Pub House Delhi,"Jaico Publishing House, Delhi",high
1111,title,India China And Indochina,"India, China and Indochina",high
1111,author,Kaul T.N.,T.N. Kaul,high
1111,publisher,Allied Pubs.new Delhi,"Allied Publishers, New Delhi",high
1112,title,Mediaeval India Under Mohammdan Rules Ad.712 -1764 Vol.1,"Mediaeval India Under Mohammedan Rule (A.D. 712-1764), Vol. 1",high
1112,author,Lane Poole Stanley,Stanley Lane-Poole,high
1112,publisher,Susil Gupta India Culcatta,"Susil Gupta, Calcutta",high
1112,language,Hindi,English,high
1113,title,Lectures On Criminal Procedure,Lectures on Criminal Procedure,high
1113,author,"Kelkar, r.v.",R.V. Kelkar,high
1113,language,Hindi,English,high
1114,title,Jurisprudence And Legal Theory,Jurisprudence and Legal Theory,high
1114,author,"Paranjape, n.v.",N.V. Paranjape,high
1115,title,Transfer Of Property Act,The Transfer of Property Act,high
1115,author,"Sinha, r.k.",R.K. Sinha,high
1116,title,"Moot Court, pre Trial Preparations And Participation In Trial Proceedings","Moot Court, Pre-Trial Preparations and Participation in Trial Proceedings",high
1116,author,"Rai, kailash",Kailash Rai,high
1117,title,The New Oil States,The New Oil Stakes,high
1117,author,"Chevalier, jean Marie",Jean-Marie Chevalier,high
1117,publisher,Allen Lane Penguin Books,Allen Lane / Penguin Books,high
1118,author,"Palit, d.k. (maj. Gen)",D.K. Palit,high
1118,publisher,Vikas Pub.house,Vikas Publishing House,high
1118,language,Hindi,English,high
1119,author,"Brown, dan",Dan Brown,high
1119,publisher,Bantam Press Landon,"Bantam Press, London",high
1120,title,Sons Of Sita,Sons of Sita,high
1120,author,"Banker, ashok K.",Ashok K. Banker,high
1120,publisher,Wisdom Tree New Delhi,"Wisdom Tree, New Delhi",high
1121,title,Harry Potter & The Dealthy Hallows,Harry Potter and the Deathly Hallows,high
1121,author,Rowling J.K,J.K. Rowling,high
1121,publisher,Bloomsbury Books,Bloomsbury,high
1122,title,The Potrait Of A Lady,The Portrait of a Lady,high
1122,author,"James, henry",Henry James,high
1123,title,Fragmentation From Memory: True Story Of Love & Sacrifice,Fragments from Memory: A True Story of Love and Sacrifice,high
1123,author,"Nagamootoo, Moses",Moses V. Nagamootoo,high
1124,title,Freedoms Of Daughters: Letters Between Indira Gandhi & Jawahar Lal Nehru,Freedom's Daughter: Letters Between Indira Gandhi and Jawaharlal Nehru,high
1124,author,Sonia Gandhi(ed),Sonia Gandhi (ed.),high
1124,publisher,Cbs Pubs Delhi,"CBS Publishers, Delhi",high
1125,title,A Stone Of Danny Fisher,A Stone for Danny Fisher,high
1125,author,"Robbins, harold",Harold Robbins,high
1125,publisher,Rober Hale Ltd.landon,"Robert Hale Ltd., London",high
1126,title,Who Will Cry When You Die,Who Will Cry When You Die?,high
1126,author,"Sharma, robin",Robin Sharma,high
1126,publisher,Jaico Pubs Bombay,"Jaico Publishing House, Bombay",high
1127,title,Desivee,Désirée,high
1127,author,"Selinko, annemarie",Annemarie Selinko,high
1127,publisher,William Heinemann Great Britain,William Heinemann,high
1127,language,Hindi,English,high
1128,title,The World Greatest Short Stories,The World's Greatest Short Stories,medium
1128,publisher,Lexicon Book New Delhi,"Lexicon Books, New Delhi",medium
1130,title,First Book Of Chess,First Book of Chess,high
1130,author,Horowartz,I.A. Horowitz,high
1130,publisher,Faber And Faber Landon,"Faber and Faber, London",high
1131,title,Ashoka,Ashoka: The Search for India's Lost Emperor,high
1131,author,Allen Charles,Charles Allen,high
1131,publisher,Little Brown Great Britain,"Little, Brown",high
1131,language,Hindi,English,high
1132,title,The Boot Legger,The Bootlegger,high
1132,author,Cussler Clive,Clive Cussler,high
1133,author,Cussler Clive,Clive Cussler,high
1134,author,Cussler Clive,Clive Cussler,high
1134,publisher,Michal Joshph Penguin Books,Michael Joseph (Penguin Books),high
1135,author,Cussler Clive,Clive Cussler,high
1135,publisher,Michal Joshph Penguin Books,Michael Joseph (Penguin Books),high
1136,author,Cussler Clive,Clive Cussler,high
1137,author,Cussler Clive,Clive Cussler,high
1138,author,Cussler Clive,Clive Cussler,high
1138,publisher,Pocket Books New York,"Pocket Books, New York",high
1139,author,"Forsyth , Frederick",Frederick Forsyth,high
1139,language,Hindi,English,high
1140,author,Moravia Alberto,Alberto Moravia,high
1141,title,Rages Of Angels,Rage of Angels,high
1141,author,Shelden Sidney,Sidney Sheldon,high
1141,publisher,Warner Books Usa,Warner Books,high
1142,title,The Art Of Happiness,The Art of Happiness,high
1142,author,Dalailama H.H,Dalai Lama,high
1143,author,Ceolho Paulo,Paulo Coelho,high
1143,publisher,Harper Collins India,HarperCollins India,high
1144,title,Inheritance Or Value Of Souls,Inheritance,high
1144,author,Paolini Chistopher,Christopher Paolini,high
1144,publisher,Doubledoy Co.usa,Doubleday,high
1146,title,Women In Love,Women in Love,high
1146,author,"Lawrence , D.H",D.H. Lawrence,high
1147,title,The Seven Spiritual Laws Of Success,The Seven Spiritual Laws of Success,high
1147,author,Chopra Deepak,Deepak Chopra,high
1148,title,The Lovely Lady,The Lonely Lady,high
1148,author,"Robbins, harold",Harold Robbins,high
1148,publisher,Siman And Schuster,Simon and Schuster,high
1149,title,Marlay & Me,Marley & Me,high
1149,author,Grogen John,John Grogan,high
1149,publisher,Harper Collins India,HarperCollins India,high
1150,title,The Girl Who Dragon Tattoo,The Girl with the Dragon Tattoo,high
1150,author,Larsson Stieg,Stieg Larsson,high
1150,publisher,Maclehose Press Londan,"MacLehose Press, London",high
1151,author,Mcdermott Andy,Andy McDermott,high
1151,publisher,Headline Pubs,Headline,high
1152,title,The Cutt Of Osiris,The Cult of Osiris,high
1152,author,Mcdermott Andy,Andy McDermott,high
1152,publisher,Headline Pubs,Headline,high
1153,title,Scruptes,Scruples,high
1153,author,Krantz Judith,Judith Krantz,high
1154,author,Uris Leon,Leon Uris,high
1155,author,"Forsyth , Frederick",Frederick Forsyth,high
1156,author,Stevenson D.E,D.E. Stevenson,high
1157,title,The Hammer Of Eden,The Hammer of Eden,high
1157,author,Follett Ken,Ken Follett,high
1157,publisher,Macmillan India Delhi,"Macmillan India, Delhi",high
1158,title,Red Strom Rising,Red Storm Rising,high
1158,author,Claney Tom,Tom Clancy,high
1158,publisher,Harper Collins India,HarperCollins India,high
1159,author,Shelden Sidney,Sidney Sheldon,high
1159,publisher,Harper Collins India,HarperCollins India,high
1160,title,The Eye Of Neadle,Eye of the Needle,high
1160,author,Follett Ken,Ken Follett,high
1161,title,Skills For Effective Administators,Skills for Effective Administrators,medium
1161,author,Agnihotri V.k.(ed),V.K. Agnihotri (ed.),medium
1161,publisher,Vikash Pub House Lbs Massories,Vikas Publishing House,medium
1162,author,Hobsbowneric,Eric Hobsbawm,high
1162,publisher,Abacus Londan,"Abacus, London",high
1163,title,Who Moved My Cheese,Who Moved My Cheese?,high
1163,author,Johnson Spencev,Spencer Johnson,high
1163,publisher,Vermilian Landon,"Vermilion, London",high
1164,title,The Foundation Head,The Fountainhead,high
1164,author,Rand Ayn,Ayn Rand,high
1165,title,Tess Of The D'orbervilles : A Pune Women,Tess of the d'Urbervilles: A Pure Woman,high
1165,author,Hardy Thomas,Thomas Hardy,high
1165,publisher,Rupa & CO.,Rupa & Co.,high
1166,title,Venus In India,Venus in India,high
1166,author,Deveraeaux Charles,Charles Devereaux,high
1166,publisher,Sphare Book,Sphere Books,high
1167,author,Kalam A.P.J.,A.P.J. Abdul Kalam,high
1168,title,Much Obliged Leeves,"Much Obliged, Jeeves",high
1168,author,Wodehouse P.G.,P.G. Wodehouse,high
1169,title,Hardy Boys : Crimes In The Cards,The Hardy Boys: Crime in the Cards,high
1169,author,Dixon Franlin W,Franklin W. Dixon,high
1169,publisher,Aladin New York,"Aladdin, New York",high
1170,author,Kipling Rudyard,Rudyard Kipling,high
1170,publisher,Wordworth,Wordsworth,high
1170,language,Hindi,English,high
1171,title,The Portrait Of A Lady,The Portrait of a Lady: Collected Stories,high
1172,title,India From Curzon To Nehru & After,India: From Curzon to Nehru and After,high
1172,publisher,Rupa & CO.,Rupa & Co.,high
1173,title,Feminism : Concept Of Social Science,Feminism (Concepts in the Social Sciences),high
1173,author,Freedman Jane,Jane Freedman,high
1173,publisher,Viva Books Pvt Ltd New Delhi,"Viva Books, New Delhi",high
1174,title,Guderian Panzer General,Guderian: Panzer General,high
1174,author,Macksay Kenneth,Kenneth Macksey,high
1174,publisher,Macdonald Londan,"Macdonald, London",high
1174,language,Hindi,English,high
1175,title,Introduction To Literature,Introduction to Literature,high
1175,author,Locke Louis G (ed),Louis G. Locke (ed.),high
1175,publisher,Holt Pinehart & Winston Inc New York,"Holt, Rinehart and Winston, New York",high
1176,title,The Mad Tibetan Stories From Then & Now,The Mad Tibetan: Stories from Then and Now,high
1176,author,Deepti Maval,Deepti Naval,high
1176,publisher,Manjul Pubs House Delhi,"Manjul Publishing House, Delhi",high
1177,title,My Mother /my Self,My Mother/My Self,high
1177,author,Friday Nancy,Nancy Friday,high
1177,publisher,Fontane Books,Fontana Books,high
1178,author,Maurier Daphne Du,Daphne du Maurier,high
1179,title,Prince If Ayodhya : Ramayana,Prince of Ayodhya: Ramayana Book One,high
1179,author,Banker Ashok K,Ashok K. Banker,high
1180,title,Flowers For Algernon,Flowers for Algernon,high
1180,author,Key's Daniel,Daniel Keyes,high
1180,publisher,Bantom Books,Bantam Books,high
1181,title,The Complete Novels Of Jane Austin,The Complete Novels of Jane Austen,high
1181,author,Rupa & CO.,Jane Austen,high
1181,publisher,Rupa & CO.,Rupa & Co.,high
1182,title,White Mughal's,White Mughals,high
1182,author,Dalrymple William,William Dalrymple,high
1183,author,Anand Bharat,Bharat Anand,high
1184,title,Romancing The Balace Sheet,Romancing the Balance Sheet,high
1184,author,Lamba Anil,Anil Lamba,high
1184,publisher,Harper Collins India,HarperCollins India,high
1185,title,Diplomacy In Peace & War,Diplomacy in Peace and War,high
1185,author,Kaul T.N.,T.N. Kaul,high
1185,publisher,Vikash Pub House Lbs Massories,Vikas Publishing House,high
1186,title,The Naxatile Movement In India,The Naxalite Movement in India,high
1186,publisher,Rupa & CO.,Rupa & Co.,high
1187,title,Swamy Vivakand Prophet & Pathfinder,Swami Vivekananda: Prophet and Pathfinder,medium
1187,author,Swamy Jitatmando,Swami Jitatmananda,medium
1187,publisher,Sri Ramkrishna Ashram,Sri Ramakrishna Ashrama,medium
1187,language,Hindi,English,medium
1188,title,The Sea Ofinnocence,The Sea of Innocence,high
1188,author,Desai Kishwar,Kishwar Desai,high
1188,publisher,Siman And Schuster,Simon and Schuster,high
1189,title,A Caltural History Of India,A Cultural History of India,high
1189,author,Basham A.L.,A.L. Basham (ed.),high
1190,author,Goldsmith,Marshall Goldsmith,high
1190,language,Hindi,English,high
1191,title,Mussionries In India,"Missionaries in India: Continuities, Changes, Dilemmas",high
1191,author,Shaurie Arun,Arun Shourie,high
1191,publisher,Harper Collins India,HarperCollins India,high
1192,title,You Were My Crush : Till You Said You Love Me,You Were My Crush... Till You Said You Love Me!,high
1192,author,Datta Darjoy,Durjoy Datta,high
1192,publisher,Grapevine India Pubs,Grapevine India,high
1193,title,Notes An A Modnan,Notes of a Madman,high
1193,author,Bhargava Shree Rajneesh,Bhagwan Shree Rajneesh (Osho),high
1193,publisher,Rajnessh Foundation Usa,Rajneesh Foundation,high
1193,language,Hindi,English,high
1194,title,Z.a.bhutto Notes From Death Call,Z.A. Bhutto: Notes from the Death Cell,high
1194,author,Kak B.L.,B.L. Kak,high
1194,publisher,Radha Krishna Pubs Delhi,"Radha Krishna Prakashan, Delhi",high
1195,author,Agarwal Sonteev,Anya Gupta (ed.),medium
1195,publisher,Bloomsbury Books,Bloomsbury,medium
1196,title,India Connected,India Connected: Mapping the Impact of New Media,medium
1196,author,Sen Naranayan Sinetra,Sunetra Sen Narayan (ed.),medium
1196,publisher,Sage Pubs,Sage Publications,medium
1196,language,Hindi,English,medium
1197,author,Subramaniam Kamals,Kamala Subramaniam,high
1197,publisher,Bhartiya Vidhya Bhawan,Bharatiya Vidya Bhavan,high
1197,language,Hindi,English,high
1198,author,David Gregory,Gregory David Roberts,high
1198,publisher,Little Brown Great Britain,"Little, Brown",high
1199,title,My Olypic Journey : 50 Of India Leading Spethi Persons,My Olympic Journey: 50 of India's Leading Sportspersons on the Biggest Test of Their Career,high
1199,author,Deo Digvijay Singh,Digvijay Singh Deo,high
1200,author,Banerjee Abhijit V,Abhijit V. Banerjee,high
1200,publisher,Random House New York,"Random House, New York",high
1201,title,The Story Of Philosphy,The Story of Philosophy,high
1201,author,Durant Will,Will Durant,high
1201,publisher,Siman And Schuster,Simon and Schuster,high
1203,title,Beatrice & Vivagil,Beatrice and Virgil,high
1203,author,Martel Yonn,Yann Martel,high
1204,title,The Story Of The Guevara,The Story of Che Guevara,high
1204,author,Taledo L.A.D.,Lucía Álvarez de Toledo,high
1204,publisher,Quercus Londan,"Quercus, London",high
1205,title,Wit & Wisdom,The Wit and Wisdom of Nani A. Palkhivala,high
1205,author,Palkhiwala Nani A,Jignesh R. Shah,high
1205,publisher,Rupa & CO.,Rupa & Co.,high
1206,title,My Journey,My Journey: Transforming Dreams into Actions,high
1206,author,Kalam Apj Abdul,A.P.J. Abdul Kalam,high
1206,publisher,Rupa & CO.,Rupa & Co.,high
1207,title,H.B. Of Palmistry,Handbook of Palmistry,medium
1207,author,Chawdhri L.R.,L.R. Chawdhri,medium
1207,publisher,Hind Pocket Books Delhi,"Hind Pocket Books, Delhi",medium
1208,title,Metamorphoses : Ovid,Metamorphoses,high
1208,author,Wordsworth Classics,Ovid,high
1208,publisher,Wordworth,Wordsworth,high
1208,language,Hindi,English,high
1209,title,Power Freedom And Grace,"Power, Freedom, and Grace",high
1209,author,Chopra Deepak,Deepak Chopra,high
1210,title,Common Mistakes In English,Common Mistakes in English,high
1210,author,Fitekindes T.J.,T.J. Fitikides,high
1210,publisher,Orient Paperback Delhi,"Orient Paperbacks, Delhi",high
1212,author,Wright Reg,Reg Wright,medium
1212,publisher,Orient Paperback Delhi,"Orient Paperbacks, Delhi",medium
1213,title,4 Prisoner Of Birth,A Prisoner of Birth,high
1213,author,Archer Jeffery,Jeffrey Archer,high
1214,author,Pathanaikdevdutt,Devdutt Pattanaik,high
1214,publisher,Rupa & CO.,Rupa & Co.,high
1215,publisher,Vijay Goel Delhi,"Vijay Goel, Delhi",medium
1216,title,U.p.urban Building Act 1972,"U.P. Urban Building Act, 1972",medium
1216,author,Saxena Kuldeep,Kuldeep Saxena,medium
1216,publisher,Sagar Law House Allahabad,"Sagar Law House, Allahabad",medium
1217,title,The Law Of Torts,The Law of Torts,high
1218,title,Apkratya Vidhi (law Of Torts),Apkritya Vidhi (Law of Torts),medium
1218,author,Varshney Surinder Kaur,Surinder Kaur Varshney,medium
1218,publisher,Law Deptt. University Of Lucknow,"Law Department, University of Lucknow",medium
1218,language,English,Hindi,medium
1219,title,Human Trafficking Law ( Manav Taskari Kanoon),Human Trafficking Law (Manav Taskari Kanoon),medium
1219,author,Zaidi Moh Hasan,Mohd. Hasan Zaidi,medium
1220,title,Urdu Hindi Shandkosh,Urdu-Hindi Shabdkosh,medium
1220,author,U.p.hindi Sansthan,U.P. Hindi Sansthan,medium
1220,publisher,U.p.hindi Sansthan,U.P. Hindi Sansthan,medium
1221,title,Kuch Padaav Kucj Manzile,Kuchh Padav Kuchh Manzilen,medium
1221,author,Dwivedi Hemant,Hemant Dwivedi,medium
1221,publisher,Lok Bharti Pubs Allahabad,"Lokbharti Prakashan, Allahabad",medium
1222,title,Raag Darbaari,Raag Darbari,high
1222,author,Shukl Shreepaal,Shrilal Shukla,high
1223,title,The Jeeves Omnibus 5,The Jeeves Omnibus Vol. 5,high
1223,author,Wodehouse P.G.,P.G. Wodehouse,high
1223,publisher,Hutchinsan Londan,"Hutchinson, London",high
1224,title,Annals & Antiquites Of Rajasthan,Annals and Antiquities of Rajasthan,high
1224,author,Tod Jomes,James Tod,high
1224,publisher,Rupa & CO.,Rupa & Co.,high
1225,title,Democracy In India : A Holder Shall,Democracy in India: A Hollow Shell,high
1225,author,Bonner Arthur,Arthur Bonner,high
1226,title,Bad Dreams Stories Chosen,Bad Dreams: Stories Chosen by Wendy Cooling,high
1226,author,Cooling Wendy,Wendy Cooling (ed.),high
1227,title,Orient Book Of Quotations,The Orient Book of Quotations,medium
1227,author,Malhotra Meera,Meera Malhotra (comp.),medium
1227,publisher,Orient Paperback Delhi,"Orient Paperbacks, Delhi",medium
1228,title,A Better India A Better World,A Better India: A Better World,high
1228,author,Murthy N.r.narayan,N.R. Narayana Murthy,high
1229,title,You Are A Bad Ass,You Are a Badass,high
1229,author,Sinero Jan,Jen Sincero,high
1230,title,Surgeoris Symphony,Surgeon's Symphony,high
1230,author,Sava George,George Sava,high
1230,language,Hindi,English,high
1231,title,The Tae Ofphysics,The Tao of Physics,high
1231,author,Chopra Fritzot,Fritjof Capra,high
1231,publisher,Harper Collins India,HarperCollins India,high
1232,title,Happiness Now,Happiness Now!,high
1232,author,Holden Robert,Robert Holden,high
1232,language,Hindi,English,high
1233,title,Mussionries In India,"Missionaries in India: Continuities, Changes, Dilemmas",high
1233,author,Shourie Arun,Arun Shourie,high
1233,publisher,Harper Collins India,HarperCollins India,high
1234,title,The Country Of First Boy,The Country of First Boys: And Other Essays,high
1234,author,Sen Amartya,Amartya Sen,high
1235,author,Asirvatham Eddy,Eddy Asirvatham,high
1235,publisher,S.chand And Company New Delhi,"S. Chand and Company, New Delhi",high
1235,language,Hindi,English,high
1237,title,Insurance : Theory & Practice,Insurance: Theory & Practice,medium
1237,author,Khan Arif,Arif Khan,medium
1237,publisher,Eucational Book House,Educational Book House,medium
1237,language,Hindi,English,medium
1238,author,Sharma S.R.,S.R. Sharma,medium
1239,author,Greeves H.R.G.,H.R.G. Greaves,high
1241,title,Political Science & Government,Political Science and Government,high
1241,author,Garner J.W.,J.W. Garner,high
1241,language,Hindi,English,high
1242,title,English Govt.& Politics,English Government and Politics,high
1242,author,Ogg Frederic Austin,Frederic Austin Ogg,high
1242,publisher,The Macmillan New York,"The Macmillan Company, New York",high
1243,title,Leaders In Homopathic Theracutics,Leaders in Homoeopathic Therapeutics,high
1243,author,Nash E.B.,E.B. Nash,high
1243,publisher,B.jain Pubs New Delhi,"B. Jain Publishers, New Delhi",high
1244,title,Great Politcal Thinker : Plato To Present,Great Political Thinkers: Plato to the Present,high
1244,author,Ebenstein William,William Ebenstein,high
1244,publisher,Holl-rinehart New York,"Holt, Rinehart and Winston, New York",high
1245,title,Mini Atlas,Bartholomew Mini Atlas,medium
1245,author,Bartholomen,John Bartholomew & Son,medium
1245,publisher,John Barthloman Edinbagh,"John Bartholomew & Son, Edinburgh",medium
1245,language,Hindi,English,medium
1246,title,Honoured Guest : An Anthology Of Verses,Honoured Guest: An Anthology of Verses,medium
1246,author,Orint Longman,Orient Longman,medium
1246,publisher,Orint Longmann Delhi,"Orient Longman, Delhi",medium
1247,title,History Of Political Theory,A History of Political Theory,medium
1247,author,,George H. Sabine,medium
1249,title,Mistress Of The Air,Mistress of the Air,high
1249,author,Corter Derothy,Dorothy Carter,high
1249,publisher,Children Press Landon,"Children's Press, London",high
1250,title,Exercises In Spoken English,Exercises in Spoken English,medium
1252,title,A Tales Of Two Cities,A Tale of Two Cities,high
1252,author,Dickens Charles,Charles Dickens,high
1252,publisher,Tata Mcgrow Hills New Delhi,"Tata McGraw-Hill, New Delhi",high
1253,title,First Course In Computer's,A First Course in Computers,high
1253,author,Saxena Sanjay,Sanjay Saxena,high
1253,publisher,Vikash Pubs.house,Vikas Publishing House,high
1254,title,Wuttering Height,Wuthering Heights,high
1254,author,Brante Emily,Emily Brontë,high
1254,publisher,Vikash Pubs.house,Vikas Publishing House,high
1254,language,Hindi,English,high
1255,author,Narasimha Rao P.V.,P.V. Narasimha Rao,high
1256,title,Labour & Industial Law,Labour & Industrial Laws,medium
1256,author,Mishra Surya Narayan,Surya Narayan Mishra,medium
1256,publisher,Central Law Publication Allahabad,"Central Law Publications, Allahabad",medium
1257,author,Thakker C.K.,C.K. Takwani (Thakker),high
1257,publisher,Eastern Book Com.,Eastern Book Company,high
1257,language,Hindi,English,high
1258,title,A Monograph An The Phiosophy Of Kant,A Monograph on the Philosophy of Kant,medium
1258,author,Singh Mahandra Pratap,Mahendra Pratap Singh,medium
1258,language,Hindi,English,medium
1259,title,The United Nations In Action,The United Nations in Action,high
1259,author,Chase Eugene P,Eugene P. Chase,high
1259,publisher,Mcgrow Hill New York,"McGraw-Hill, New York",high
1260,title,Macropolitics : International Relation In Global Society,Macropolitics: International Relations in a Global Society,high
1260,author,Sterling Richard W,Richard W. Sterling,high
1260,publisher,Alfred A Kopt New York,"Alfred A. Knopf, New York",high
1261,title,Shri Madbhagwat Geeta,Shrimad Bhagavad Gita,high
1261,publisher,Geeta Press,Gita Press,high
1262,author,Bhagwati Prasad Singh(editor),Bhagwati Prasad Singh,medium
1262,publisher,Satshashtra Prakashsn,Satshastra Prakashan,medium
1263,title,Kathop Nishad,Kathopanishad,medium
1263,publisher,Chaurbamba Krishna Das Academy,Chaukhambha Krishnadas Academy,medium
1264,title,108 Upnishad (vriksha Khand),108 Upanishad (Vriksha Khand),medium
1264,author,"Sharma, shri Ram",Shriram Sharma Acharya,medium
1264,publisher,"Sanskriti Sansthan, bareily","Sanskriti Sansthan, Bareilly",medium
1265,author,Swami Prabhupaad,A.C. Bhaktivedanta Swami Prabhupada,high
1265,publisher,Bhakti Vedant Book Trust,Bhaktivedanta Book Trust,high
1266,author,"Shukla, gopi Krishna",Gopi Krishna Shukla,medium
1267,title,Hindu Dharam Ki Shreshtham Upasana Onkar,Hindu Dharm Ki Shreshth Upasana Onkar,medium
1267,author,"Gautam, chamanlal",Chamanlal Gautam,medium
1267,publisher,"Sanskriti Sansthan, bareily","Sanskriti Sansthan, Bareilly",medium
1268,title,Punarnawa,Punarnava,high
1268,author,"Dwivedi, hajari Prasad",Hazari Prasad Dwivedi,high
1268,publisher,Rajkamal,Rajkamal Prakashan,high
1269,author,"Bhandari, manu",Mannu Bhandari,high
1269,publisher,Radha Krishna Prakashan,Radhakrishna Prakashan,high
1270,author,"Savant, shivaji",Shivaji Sawant,high
1270,publisher,Bharitya Gyanpeeth,Bharatiya Jnanpith,high
1271,author,"Kanhaiyalal, munshi",K. M. Munshi,high
1271,publisher,Rajkamal,Rajkamal Prakashan,high
1272,title,Sharat Samagra -1 Khand,Sharat Samagra Vol. 1,high
1272,author,"Mukharjee, vishwanath",Sharatchandra Chattopadhyay,high
1273,author,"Dubey, rameshwar Dayal",Rameshwar Dayal Dubey,medium
1273,language,English,Hindi,medium
1274,title,Mewad Ki Kathayein Bhag-2,Mewar Ki Kathayein Bhag 2,medium
1274,author,"Mishra, pratap Narayan",Pratap Narayan Mishra,medium
1275,title,Gadhyanjali,Gadyanjali,medium
1275,author,"Gupta, ram Kishor",Ram Kishor Gupta,medium
1275,publisher,Salina Publsihers,Salina Publishers,medium
1276,author,"Sahni, bheeshma",Bhisham Sahni,high
1276,publisher,Rajkamal,Rajkamal Prakashan,high
1277,title,Mansarover-4,Mansarovar Vol. 4,high
1277,author,Premchandra,Premchand,high
1277,publisher,Dimond Pocket Delhi,Diamond Pocket Books,high
1278,title,Sampradayik Sambhav Ki Kahaniya,Sampradayik Sadbhav Ki Kahaniyan,medium
1278,author,Giriraj Sharan Sampadan,Giriraj Sharan,medium
1279,title,Meri Priy Kahaniya,Meri Priya Kahaniyan,high
1279,author,Fadishwernath,Phanishwar Nath Renu,high
1279,publisher,Rajkamal,Rajkamal Prakashan,high
1280,author,Munauwer Rana,Munawwar Rana,high
1280,publisher,Vaani Prakashan Delhi,Vani Prakashan,high
1283,title,Neerja-mahadevi Verma,Neerja,high
1283,author,Neerja Lokbharti,Mahadevi Verma,high
1283,publisher,Lokbharti Allahabad,"Lokbharti Prakashan, Allahabad",high
1284,author,"Devendra, tyagi (sampadak)",Devendra Tyagi,medium
1284,publisher,Frank Brother Delhi,"Frank Brothers, Delhi",medium
1286,title,Panchwati,Panchvati,high
1286,author,"Gupt, mathilisharan",Maithili Sharan Gupt,high
1286,publisher,Sahitya Sadan Jhanshi,"Sahitya Sadan, Jhansi",high
1287,title,Sangarsh Avom Swabhimaan Ke Prateek -maharana Pratap,Sangharsh Evam Swabhiman Ke Prateek: Maharana Pratap,medium
1287,publisher,Savlime Publication Jaipur,"Sublime Publications, Jaipur",medium
1288,title,"Kaaljayi, mewaad",Kaljayi Mewar,medium
1288,author,"Mishra, narendra",Narendra Mishra,medium
1288,publisher,Rajasthani Granthgaar Jodhpur,"Rajasthani Granthagar, Jodhpur",medium
1289,title,Waris Ki Dastan - Deva Mela 2001,Waris Ki Dastan (Deva Mela 2001),medium
1289,publisher,Dewa Sharif Barabanki,"Dewa Sharif, Barabanki",medium
1290,author,"Saraswat, madhavdev",Madhavdev Saraswat,medium
1290,publisher,Swargreen Publications,Evergreen Publications,medium
1291,title,Ashav Tatha Ashavshala Ke Prabandh,Ashva Tatha Ashvashala Ke Prabandh,medium
1291,author,Police Training College Muradabad,"Police Training College, Moradabad",medium
1291,publisher,Police Trainning College Muradabad,"Police Training College, Moradabad",medium
1292,author,Fadishwernath Renu,Phanishwar Nath Renu,high
1292,publisher,Rajkamal,Rajkamal Prakashan,high
1293,title,Dhudwa Ke Baago Ka Anuvanshik Pradushan,Dudhwa Ke Baghon Ka Anuvanshik Pradushan,medium
1293,author,"Singh, ramlakhan",Ram Lakhan Singh,medium
1293,publisher,Ramlakhan Singh,Ram Lakhan Singh,medium
1294,title,Dand Tatha Rajasva Nyayalaya Niyam Sangrah,Dand Tatha Rajaswa Nyayalaya Niyam Sangrah,medium
1294,author,U.p.shashan Prakashan Vibhag,"Uttar Pradesh Shasan, Prakashan Vibhag",medium
1294,publisher,Prakshan Vibhag U.P.,"Prakashan Vibhag, Uttar Pradesh",medium
1296,title,The God Of Small Things,The God of Small Things,high
1296,author,Roy Arundhati,Arundhati Roy,high
1296,publisher,India Link New Delhi,"IndiaInk, New Delhi",high
1297,author,Majumdar R.C.,R. C. Majumdar,high
1297,publisher,Motilal Banarasidas Banaras,"Motilal Banarsidass, Banaras",high
1297,language,Hindi,English,high
1298,title,The Secret Of Power,The Power,high
1298,author,Byrne Rhonda,Rhonda Byrne,high
1298,publisher,Simmens And Schuster Londan,Simon & Schuster,high
1299,title,Blossoms In The Eternal Spring,Blossoms in the Eternal Spring,high
1299,author,Paranjape Shammi,Shammi Paranjape,high
1299,publisher,Rupa Publication New Delhi,"Rupa Publications, New Delhi",high
1300,title,Tuesday With Morrie,Tuesdays with Morrie,high
1300,author,Alban Mitch,Mitch Albom,high
1300,publisher,Anchor Bk Canada,Anchor Canada,high
1300,language,Hindi,English,high
1301,title,"The Elephant, The Tiger And The Cellphone","The Elephant, the Tiger and the Cell Phone",high
1301,author,"Tharoor , Shashi",Shashi Tharoor,high
1302,title,"Sex, scotch And Scholarship","Sex, Scotch and Scholarship",high
1302,publisher,Ubspd,UBSPD,high
1303,title,Delhi : A Novel,Delhi: A Novel,high
1304,title,Vivekand : A Biography,Vivekananda: A Biography,high
1304,author,Swami Nikhilanad,Swami Nikhilananda,high
1304,publisher,Adviata Asharam Calcutta,"Advaita Ashrama, Calcutta",high
1304,language,Hindi,English,high
1305,author,Orwell George,George Orwell,high
1305,publisher,Mahaveer Pubs New Delhi,"Mahaveer Publishers, New Delhi",high
1305,language,Hindi,English,high
1306,title,V.k.krishnamenan Marathan Speech On Kashmir,V.K. Krishna Menon's Marathon Speech on Kashmir at the U.N. Security Council,high
1306,author,Malkraj Anand,Mulk Raj Anand,high
1306,publisher,A.h.wheelars Allahabad,"A.H. Wheeler, Allahabad",high
1306,language,Hindi,English,high
1307,title,A Farewell To Arms,A Farewell to Arms,high
1307,author,Hemingway Ernest,Ernest Hemingway,high
1308,title,Ha Ha Therepy,Ha Ha Therapy,high
1308,author,Lakshmipathi G,G. Lakshmipathi,high
1308,publisher,Nama Pub.coimbatore,"Nama Publications, Coimbatore",high
1308,language,Hindi,English,high
1309,author,Prasad Bimal ED.,Bimal Prasad,high
1309,publisher,Vikas Pub.house,Vikas Publishing House,high
1309,language,Hindi,English,high
1310,title,Mediaeval India Under Mohammdan Rules Ad.712 -1764 Vol.ii,"Medieval India Under Mohammedan Rule A.D. 712-1764, Vol. II",high
1310,author,Lane Poole Stanley,Stanley Lane-Poole,high
1310,publisher,Susil Gupta India Culcatta,"Susil Gupta, Calcutta",high
1310,language,Hindi,English,high
1311,title,Education & The Signature Of Life,Education and the Significance of Life,high
1311,author,"Krishnamurti, j.",Jiddu Krishnamurti,high
1312,title,How Not Be Wrong : Hidden Math If Everyday Life,How Not to Be Wrong: The Hidden Maths of Everyday Life,high
1312,author,"Ellenberg, jordan",Jordan Ellenberg,high
1313,author,India Bible Literatire,India Bible Literature,medium
1313,publisher,India Bible Litarative Mathura,India Bible Literature,medium
1314,author,Subramaniyam Kamala,Kamala Subramaniam,high
1314,publisher,Bhartiya Vidhya Bhawan,Bharatiya Vidya Bhavan,high
1314,language,Hindi,English,high
1315,author,Cussler Clive,Clive Cussler,high
1315,publisher,Michal Joshph Penguin Books,Michael Joseph,high
1316,author,Cussler Clive,Clive Cussler,high
1317,title,O Henry : 100 Selected Stories,O. Henry: 100 Selected Stories,high
1317,author,Wordsworth Classics,O. Henry,high
1317,publisher,Wordworth,Wordsworth Editions,high
1318,title,The Empire Of Gold,Empire of Gold,high
1318,author,Mcdermott Andy,Andy McDermott,high
1318,publisher,Headline Pubs,Headline,high
1319,title,The Fist Of God,The Fist of God,high
1319,author,"Forsyth , Frederick",Frederick Forsyth,high
1320,title,Edge Of Eleventy,Edge of Eternity,high
1320,author,Follett Ken,Ken Follett,high
1321,title,Proof Of Heaven,Proof of Heaven,high
1321,author,Alexander Eber,Eben Alexander,high
1321,publisher,Siman And Schuster,Simon & Schuster,high
1322,title,Gathering Of Friends My Fevorite Stories,A Gathering of Friends: My Favourite Stories,high
1322,publisher,Rupa & CO.,Rupa & Co.,high
1323,title,Murder In The Cathedral,Murder in the Cathedral,high
1323,author,Varshney R.L.,T. S. Eliot,high
1323,publisher,Laxminarayan Pub Agra,"Lakshmi Narain Agarwal, Agra",high
1324,title,Text & Context : Quran & Contemporary Challenge,Text and Context: Quran and Contemporary Challenges,high
1324,author,Khan Art Mohammad,Arif Mohammed Khan,high
1324,publisher,Rupa & CO.,Rupa & Co.,high
1325,author,Hilter Adolf,Adolf Hitler,high
1325,publisher,Wilco Books Mumbai,"Wilco Books, Mumbai",high
1325,language,Hindi,English,high
1326,title,Communal Riots In India,Communal Riots in India,high
1326,author,Soksena N.S.,N. S. Saksena,high
1326,publisher,Trisul Pubs,Trishul Publications,high
1327,author,Friday Nancy,Nancy Friday,high
1327,publisher,Pocket Books New York,"Pocket Books, New York",high
1328,title,Cracking The Codeing Interview,Cracking the Coding Interview,high
1328,author,Mcdowell G.L.,Gayle Laakmann McDowell,high
1328,publisher,Career Cup.llc Polo Auto Ca,"CareerCup, Palo Alto",high
1329,publisher,Unwin Books Landon,"Unwin Books, London",high
1329,language,Hindi,English,high
1330,author,Achebe Chinua,Chinua Achebe,high
1331,title,Return Of A King : The Battle For Afghanistan,Return of a King: The Battle for Afghanistan,high
1331,author,Dalrymple William,William Dalrymple,high
1331,publisher,Bloomsbury Books,Bloomsbury,high
1333,title,Criminology And Penology,Criminology and Penology,high
1333,author,Paranjapay N.V,N. V. Paranjape,high
1334,author,Singh Avtar,Avtar Singh,high
1334,language,Hindi,English,high
1335,title,Ram Sahitya Kosh Khand 1,"Ram Sahitya Kosh, Khand 1",medium
1335,author,Singh Yogendra Pratap (samp),Yogendra Pratap Singh,medium
1336,title,Bullel For Bullet : My Life As A Police Officer,Bullet for Bullet: My Life as a Police Officer,high
1336,author,Ribeiro Julia,Julio Ribeiro,high
1337,title,Gems Of Urdu Poetry,Gems of Urdu Poetry,medium
1337,author,Kazmi Zameer Hassan,Zameer Hassan Kazmi,medium
1337,publisher,Allahabad Pubs House,Allahabad Publishing House,medium
1338,title,The Political Philosophy Of Hobbies,The Political Philosophy of Hobbes,high
1338,author,Stauss Leo,Leo Strauss,high
1338,publisher,Uni Of Chicago,University of Chicago Press,high
1339,title,T.t.map's Road Atlas Of India,TT Maps' Road Atlas of India,medium
1339,author,T.t.maps & Publication Ltd,T.T. Maps & Publications,medium
1339,publisher,T.t.map's Pubs Madras,"T.T. Maps & Publications, Madras",medium
1340,author,Rienow Roberts,Robert Rienow,high
1340,publisher,Thomas Crowell Co.allahabad,Thomas Y. Crowell Co.,high
1340,language,Hindi,English,high
1341,title,Sahaj Marg Saadhna Ke Mool Tatva,Sahaj Marg Sadhana Ke Mool Tattva,medium
1341,author,Shri Ramchandra Mission,Shri Ram Chandra Mission,medium
1341,publisher,"Shri Ramchandra Mission, shajahanpur","Shri Ram Chandra Mission, Shahjahanpur",medium
1342,author,Shri Ram Sharma,Shriram Sharma Acharya,high
1343,author,Swami Prabhupaad,A.C. Bhaktivedanta Swami Prabhupada,high
1343,publisher,Mukti Vedant Book Trust,Bhaktivedanta Book Trust,high
1344,title,Hindu-dharm Kosh,Hindu Dharm Kosh,high
1344,author,"Pandey, raja Bali",Rajbali Pandey,high
1344,publisher,Utter Pradesh Hindi Sansthan,Uttar Pradesh Hindi Sansthan,high
1345,publisher,"Ayodhya Shodh Sansthan, ayodhya","Ayodhya Shodh Sansthan, Ayodhya",medium
1346,author,"Dinkar, ramdhari Singh",Ramdhari Singh Dinkar,high
1346,publisher,Rajpal And Sons,Rajpal & Sons,high
1347,author,Akhandanand Saraswati,Swami Akhandananda Saraswati,medium
1347,publisher,Swami Shri Akhandanand Saraswati Seva Sansthan,Swami Akhandanand Saraswati Seva Sansthan,medium
1348,title,Saamveda,Samveda,high
1348,author,"Sharma, shri Ram",Shriram Sharma Acharya,high
1348,publisher,"Sanskriti Sansthan, bareily","Sanskriti Sansthan, Bareilly",high
1349,title,Mai Maa Hoon-sabki Maa,Mai Maa Hoon - Sabki Maa,medium
1350,author,Yogda Satsang Society,Paramahansa Yogananda,high
1350,publisher,Yogdanand Society,Yogoda Satsanga Society of India,high
1351,author,Shivanand Math,Sivananda Math,medium
1351,publisher,"Shivanand Math, munger","Sivananda Math, Munger",medium
1352,author,"Shukla, gopi Krishna",Gopi Krishna Shukla,medium
1353,title,Shri Durgaashtami Vrit Evam Pujan Vidhi,Shri Durgashtami Vrat Evam Pujan Vidhi,medium
1353,author,Adgadanand Ji,Swami Adgadanand,medium
1354,author,"Joshi, yogendra",Yogendra Joshi,medium
1354,publisher,Yogendra Doshi Joonagarh,"Yogendra Joshi, Junagadh",medium
1355,title,Krishnabhavnamrit Ki Prapti,Krishna Bhavnamrit Ki Prapti,medium
1355,author,Swami Prabhupaad,A.C. Bhaktivedanta Swami Prabhupada,medium
1355,publisher,Bhakti Vedant Book Trust,Bhaktivedanta Book Trust,medium
1356,author,Ramkrishna Mission,Ramakrishna Math,medium
1356,publisher,"Ramkrishna Math, nagpur","Ramakrishna Math, Nagpur",medium
1357,title,Karambhoomi,Karmabhoomi,high
1357,author,Premchandra,Premchand,high
1358,author,"Chatpadhyay, sharat Chandra",Sharatchandra Chattopadhyay,high
1358,language,English,Hindi,high
1359,author,"Renu, phadishwarnath",Phanishwar Nath Renu,high
1359,publisher,Rajkamal,Rajkamal Prakashan,high
1360,title,Gunaho Ka Devta,Gunahon Ka Devta,high
1360,author,"Bharti, dharamveer",Dharamvir Bharati,high
1360,publisher,Bhartiya Gyanpeeth,Bharatiya Jnanpith,high
1361,author,"Rai, viveki",Viveki Rai,high
1362,title,Mahabharti,Mahabharati,high
1362,author,"Chaturvedi, chitra",Chitra Chaturvedi,high
1362,publisher,Bhartiya Gyanpeeth,Bharatiya Jnanpith,high
1363,title,Dhadhichi,Dadhichi,medium
1363,author,"Bandopadhyay, satat Kumar",Satat Kumar Bandopadhyay,medium
1364,title,Sharat Samagra -3 Khand,Sharat Samagra Vol. 3,high
1364,author,"Mukharjee, vishwanath",Sharatchandra Chattopadhyay,high
1365,author,"Manto, sahadat Hasan",Saadat Hasan Manto,high
1365,publisher,Rajkamal,Rajkamal Prakashan,high
1366,title,Sanskritik Kahaniyan Bhag-8,Sanskritik Kahaniyan Bhag 8,medium
1366,publisher,Shri Krishna Janm Seva Sansthan Seva Sangh,Shri Krishna Janmasthan Seva Sansthan,medium
1367,title,Mansarover-8,Mansarovar Vol. 8,high
1367,author,Premchandra,Premchand,high
1367,publisher,Dimond Pocket Delhi,Diamond Pocket Books,high
1368,title,Chirswamwara,Chir Swayamvara,high
1368,author,Sivani,Shivani,high
1368,publisher,Radha Krishna Prakashan,Radhakrishna Prakashan,high
1369,title,Ravindra Nath Taigor Ki Sharwoshreth Kahaniyaan,Rabindranath Tagore Ki Sarvashreshth Kahaniyan,high
1369,author,Shreya Publication,Rabindranath Tagore,high
1369,publisher,Shreya Publication Delhi,"Shreya Publication, Delhi",high
1370,title,Loomharshini,Lomharshini,high
1370,author,Kanhaiyalal Maniklal,K. M. Munshi,high
1370,publisher,Rajkamal,Rajkamal Prakashan,high
1371,title,Kalyaan July 2007,Kalyan (July 2007),high
1371,author,"Geeta Press,",Gita Press,high
1371,publisher,Geeta Press,Gita Press,high
1371,pub_year,2000,2007,high
1372,title,Gyan Sarover Bhaag-2,Gyan Sarovar Bhag 2,medium
1372,author,Suchna Prasharan Mantralaya Bharat Sarkar,"Ministry of Information and Broadcasting, Government of India",medium
1372,publisher,Suchna Prasaran Mantralaya Bharat Sarkar,"Publications Division, Government of India",medium
1373,title,Chatpati Kahaniyaan,Chatpati Kahaniyan,medium
1373,author,"Patel Mohanbhai, s",Mohanbhai S. Patel,medium
1373,publisher,Navneet Publication Ahmadabad,"Navneet Publications, Ahmedabad",medium
1374,title,Drastidaan,Drishtidaan,high
1374,author,"Thakur, ravindranath",Rabindranath Tagore,high
1374,publisher,Hind Pocket Delhi,Hind Pocket Books,high
1375,title,Saaye Mein Dhoop Gajal,Saye Mein Dhoop,high
1375,publisher,Radha Krishna Prakashan Delhi,Radhakrishna Prakashan,high
1377,title,Madhushala Bacchan,Madhushala,high
1377,author,Hind Pocket Books,Harivansh Rai Bachchan,high
1377,publisher,Hind Pocket Delhi,Hind Pocket Books,high
1378,title,Mahadevi Pratinidhi Kavitae,Mahadevi: Pratinidhi Kavitayen,high
1378,author,"Pandey, ramji (sampadak)",Mahadevi Verma,high
1378,publisher,Gyanpeeth Prakashan Delhi,Bharatiya Jnanpith,high
1383,title,Baadbhatt Ki Atmakatha,Banbhatt Ki Atmakatha,high
1383,author,Dwevedi Hazariprasad (sampadak),Hazari Prasad Dwivedi,high
1383,publisher,Rajkamal Prakashan Delhi,Rajkamal Prakashan,high
1384,title,Sanchipt Katha-gandhi Ji,Sankshipt Katha: Gandhi Ji,medium
1384,author,"Vikram Ji, mathuradas (smpadak)",Mathuradas Trikamji,medium
1384,publisher,Navjiwan Prakashan Ahmadabad,"Navjivan Prakashan, Ahmedabad",medium
1385,title,Mushkurati Filee,Muskurati File,medium
1385,author,"Upadhayay, ramnarayan",Ramnarayan Upadhyay,medium
1385,publisher,Pratibha Pratisthan New Delhi,"Pratibha Pratishthan, New Delhi",medium
1386,author,"Gupt, harihar Prasad",Harihar Prasad Gupt,medium
1386,publisher,Bhasha Sahitya Allahabad,"Bhasha Sahitya, Allahabad",medium
1387,title,Bharitye Bhawan Nirman Yojna,Bhartiya Bhawan Nirman Yojna,medium
1387,author,,Nand Kishor Thatharia,medium
1387,publisher,Mithun Prakashan Kanpur,"Mithun Prakashan, Kanpur",medium
1389,title,Bharitye Asmita Ke Shikhar,Bhartiya Asmita Ke Shikhar,medium
1389,author,"Asthana, pratibha",Pratibha Asthana,medium
1389,publisher,Pratibha Prakashan Agra,"Pratibha Prakashan, Agra",medium
1390,author,"Sharma, ramnarayan",Ramnarayan Sharma,medium
1391,title,Ayodhya-ek Sanskritik Virasat-sakshi Shodh Patrika Ank 36,Ayodhya: Ek Sanskritik Virasat (Sakshi Shodh Patrika Ank 36),medium
1394,title,Ishawaswopnishad,Ishavasyopanishad,high
1394,author,Geeta Press,Gita Press,high
1394,publisher,Geeta Press,Gita Press,high
1396,title,Language In Society,Language in Society,high
1396,author,"Lewis, m.m.",M. M. Lewis,high
1396,publisher,Thomas Nelson And Sons New York,Thomas Nelson and Sons,high
1397,title,Rani Of Jhansi,Rani of Jhansi,medium
1397,author,"Taylor, pjo",P. J. O. Taylor,medium
1397,publisher,Harper Collins India,HarperCollins India,medium
1398,title,Bhartiy Bhawan Nirman Yojna,Bhartiya Bhawan Nirman Yojna,medium
1398,author,"Thatharia, nand Kishor",Nand Kishor Thatharia,medium
1398,publisher,Mithun Prakashan Kanpur,"Mithun Prakashan, Kanpur",medium
1399,title,Are You Killing Yourself Mr.execlusive,"Are You Killing Yourself, Mr. Executive?",medium
1399,author,"Dastur , R.H.",R. H. Dastur,medium
1399,publisher,Ibh Publishing Bombay,"IBH Publishing, Bombay",medium
1400,title,Intanqible Evidence,Intangible Evidence,high
1400,author,Gittelson Bernord,Bernard Gittelson,high
1400,publisher,Simon And Schuster New York,Simon & Schuster,high
1401,title,Stories From East And West,Stories from East and West,medium
1401,author,Gupta.r.s. ED.,R.S. Gupta (ed.),medium
1401,publisher,Frank Brother New Delhi,"Frank Bros. & Co., New Delhi",medium
1402,title,History And Beyond,History and Beyond,high
1402,author,"Thaper, ramila",Romila Thapar,high
1403,title,Confession Of A Thug,Confessions of a Thug,high
1403,author,"Taylor, mesdows",Philip Meadows Taylor,high
1403,publisher,Rupa Publication New Delhi,"Rupa Publications, New Delhi",high
1404,title,The Jungle Boos,The Jungle Book,high
1404,author,"Kipling , rudyord",Rudyard Kipling,high
1404,publisher,Wordsworth Edition,Wordsworth Editions,high
1405,title,The Art Of War -sun Tzu,The Art of War,high
1405,author,Wordsworth Edition,Sun Tzu,high
1405,publisher,Wordsworth Edition,Wordsworth Editions,high
1406,title,In Chancary,In Chancery,high
1406,author,"Galsworthy, john",John Galsworthy,high
1407,title,Slayer Of Kamsa,Slayer of Kamsa,high
1407,author,"Bankav, ashok K.",Ashok K. Banker,high
1407,publisher,Harper Collins India,HarperCollins India,high
1408,title,India's Iron Man Patel,Sardar Vallabhbhai Patel: India's Iron Man,medium
1408,author,Krishna B,Balraj Krishna,medium
1408,publisher,Harper Collins India,HarperCollins India,medium
1409,title,The Magic Clock And Other Stories,The Magic Clock and Other Stories,medium
1409,author,"Blyton, enid",Enid Blyton,medium
1409,publisher,Awadh Pub.londan,"Award Publications, London",medium
1410,title,Five An Finneston Farm,Five on Finniston Farm,high
1410,author,"Blyton, enid",Enid Blyton,high
1410,publisher,Hoddar R. Stoughtan G.britain,Hodder & Stoughton,high
1410,language,Hindi,English,high
1411,author,"Blyton, enid",Enid Blyton,high
1411,publisher,Award Publication Ltd Londan,"Award Publications, London",high
1412,title,Tenth Bed Time Book,The Tenth Bedtime Book,medium
1412,author,"Blyton, enid",Enid Blyton,medium
1412,publisher,Armada Warper Collins,Armada (HarperCollins),medium
1413,title,Faraway Tree Stories,The Faraway Tree Stories,high
1413,author,"Blyton, enid",Enid Blyton,high
1413,publisher,Mommoth Londan,"Mammoth, London",high
1415,title,Nancy Drew : 61 Sweat Revenge,Nancy Drew Files 61: Sweet Revenge,high
1415,author,"Keene, carolyn",Carolyn Keene,high
1415,publisher,Pocket Books New York,"Pocket Books, New York",high
1416,title,The Hardy Boys: Collector' Edition,The Hardy Boys Collector's Edition,medium
1416,author,"Dixon, franklin W",Franklin W. Dixon,medium
1416,publisher,Aladin Paperback New York,"Aladdin Paperbacks, New York",medium
1417,title,The Adventures Of Tom Sawyer,The Adventures of Tom Sawyer,high
1417,publisher,Student Store Delhi,"Students' Store, Delhi",high
1418,title,Alice In Wonderland,Alice in Wonderland,high
1418,author,Children Classics,Lewis Carroll,high
1418,publisher,Sidgwrick And Jackson,Sidgwick & Jackson,high
1419,title,Kohinoor : Story Of World Most Infaments Diamond,Kohinoor: The Story of the World's Most Infamous Diamond,high
1419,author,Dalrymple W.and Anita Anand,William Dalrymple and Anita Anand,high
1419,publisher,Luggermaut Book New Delhi,"Juggernaut Books, New Delhi",high
1421,title,Secred Games,Sacred Games,high
1422,title,Baba Ji And The 18 Siddha Kriya Yoga Tradition,Babaji and the 18 Siddha Kriya Yoga Tradition,medium
1422,author,Govindan Marshall,Marshall Govindan,medium
1422,publisher,Baba Ji Siddha Kriya Trust Banglore,"Babaji's Kriya Yoga Trust, Bangalore",medium
1422,language,Hindi,English,medium
1423,author,Knapport Jan,Jan Knappert,high
1423,publisher,Harper Collins India,HarperCollins India,high
1424,title,Intelligence : Corporate Success And Vigilence,Intelligence: Corporate Success and Vigilance,medium
1424,author,Pathak D.C,D.C. Pathak,medium
1424,publisher,Manas Pubishing House Delhi,"Manas Publications, Delhi",medium
1425,title,Thank You Leeves,"Thank You, Jeeves",high
1425,author,Wordhouse P.G,P.G. Wodehouse,high
1425,publisher,Idnia Book House Bombay,"India Book House, Bombay",high
1425,language,Hindi,English,high
1426,title,Rani Of Jhansi Lakshmi Bai,"Rani of Jhansi, Lakshmi Bai",high
1426,author,Paul E Jaiwant,E. Jaiwant Paul,high
1426,publisher,Roli Books New Delhi,"Roli Books, New Delhi",high
1427,title,One Life Is Not Enough : An Autobiography,One Life Is Not Enough: An Autobiography,high
1427,author,Natwar Singh,K. Natwar Singh,high
1427,publisher,Rupa And Company,Rupa Publications,high
1428,title,Spicy Side Of Speeches Fun With English,Spicy Side of Speeches (Fun with English),medium
1428,author,Purohit Anil S.,Anil S. Purohit,medium
1428,publisher,Pustak Mahal Delhi,"Pustak Mahal, Delhi",medium
1428,language,Hindi,English,medium
1429,title,Kamadeva : The God Of Desire,Kamadeva: The God of Desire,high
1429,author,Chandramauli Anuja,Anuja Chandramouli,high
1429,publisher,Rupa And Company,Rupa Publications,high
1430,title,Indian Government And Politics,Indian Government and Politics,high
1430,author,Gupta D.C.,D.C. Gupta,high
1430,publisher,Vikas Pub.house,Vikas Publishing House,high
1431,title,Lajja : Same,Lajja: Shame,high
1432,title,Scarcity : Why Having Too Little Means So Much,Scarcity: Why Having Too Little Means So Much,high
1432,author,Mullainathan Sendhil,Sendhil Mullainathan and Eldar Shafir,high
1432,publisher,Allen Lane Penguin Books,Allen Lane (Penguin),high
1433,title,Legal Language/writing,Legal Language and Legal Writing,medium
1433,author,"Jain, r.l.",R.L. Jain,medium
1433,language,Hindi,English,medium
1434,language,Hindi,English,medium
1435,title,Nationalism And Colonialism In Modern India,Nationalism and Colonialism in Modern India,high
1435,author,Bipin Chandra,Bipan Chandra,high
1435,publisher,Orient Longmann India,Orient Longman,high
1436,title,Philosophies Of India,Philosophies of India,high
1436,author,"Zimmer, heinrch",Heinrich Zimmer,high
1436,publisher,Motilal Banarasidas New Delhi,"Motilal Banarsidass, New Delhi",high
1437,title,Great Stories Of Rabindranath Tagore,Great Stories of Rabindranath Tagore,high
1437,author,Manoj Publication,Rabindranath Tagore,high
1437,publisher,Manoj Publication Delhi,"Manoj Publications, Delhi",high
1438,title,The Sword Of Tipu Sultan,The Sword of Tipu Sultan,high
1438,author,"Gidwani, bhagwan.s",Bhagwan S. Gidwani,high
1438,publisher,Allied Pubs Bombay,"Allied Publishers, Bombay",high
1439,title,A Simple Of Desire,A Silence of Desire,high
1439,author,"Markandaya , Kamala",Kamala Markandaya,high
1439,publisher,Putnon Londan,"Putnam, London",high
1440,author,Maurier Daphne Du,Daphne du Maurier,high
1440,publisher,Doubledoy Co.usa,"Doubleday & Co., USA",high
1440,language,Hindi,English,high
1441,author,"Hosseini , Khalid",Khaled Hosseini,high
1441,publisher,Bloomsbury Books,Bloomsbury,high
1442,author,Cussler Clive,Clive Cussler,high
1442,publisher,Michal Joshph Penguin Books,Michael Joseph (Penguin),high
1443,author,Cussler Clive,Clive Cussler,high
1443,publisher,Michal Joshph Penguin Books,Michael Joseph (Penguin),high
1444,author,Cussler Clive,Clive Cussler,high
1444,publisher,Michal Joshph Penguin Books,Michael Joseph (Penguin),high
1445,author,Cussler Clive,Clive Cussler,high
1445,publisher,Harper Collins India,HarperCollins India,high
1446,author,Cussler Clive,Clive Cussler,high
1447,author,Aqatha Christie,Agatha Christie,high
1447,publisher,Harper Collins India,HarperCollins India,high
1448,title,Fine Plays,Five Plays,high
1448,author,Chekhor Anton,Anton Chekhov,high
1449,author,Hawkins R.E,R.E. Hawkins (ed.),high
1450,author,Podder Tanushree,Tanushree Podder,high
1450,publisher,India Ink,India Ink (Roli Books),high
1450,language,Hindi,English,high
1451,title,Great Expectation,Great Expectations,high
1451,author,Dickens Charles,Charles Dickens,high
1452,title,Fyodor Dostoyesvsky : The Brothers Karamazor,The Brothers Karamazov,high
1452,author,Penguin Books,Fyodor Dostoevsky,high
1453,author,Buck Pearl S,Pearl S. Buck,high
1453,publisher,Pocket Books New York,"Pocket Books, New York",high
1454,title,The Personal History Of David Copperfield,The Personal History of David Copperfield,high
1454,author,Dickens Charles,Charles Dickens,high
1455,author,Follett Ken,Ken Follett,high
1455,publisher,Macmillan India Delhi,"Macmillan India, Delhi",high
1456,title,A Column Of Fire,A Column of Fire,high
1456,author,Follett Ken,Ken Follett,high
1457,author,Shelden Sidney,Sidney Sheldon,high
1457,publisher,Harper Collins India,HarperCollins India,high
1458,author,Krikpatrick E.M.,E.M. Kirkpatrick (ed.),medium
1458,publisher,Applied Thamous New Delhi,"Allied Chambers, New Delhi",medium
1458,language,Hindi,English,medium
1459,title,Hollywood Husband,Hollywood Husbands,high
1459,author,Collins Jackie,Jackie Collins,high
1459,publisher,Rupa & CO.,Rupa & Co.,high
1460,title,Men At War: A Soldier Eye View Of The Most Important Battle In The History,Men at War: A Soldier's Eye View of the Most Important Battles in History,high
1460,author,Forscher William R,Bill Fawcett (ed.),high
1460,publisher,Berkley Books New York,"Berkley Books, New York",high
1461,title,The Campany Of Women,The Company of Women,high
1462,title,Tea & Me: A Memories Of Planning Life,Tea & Me: A Memoir of Planting Life,high
1462,author,Davider Esj,E.S.J. Davidar,high
1462,publisher,East West Book Chennai,"East West Books, Chennai",high
1463,title,Seawith,Seawitch,high
1463,author,Maclean Alistair,Alistair MacLean,high
1463,publisher,Fawcett Crist New York,"Fawcett Crest, New York",high
1463,language,Hindi,English,high
1464,title,My Way In The Highway,My Way Is the Highway,high
1464,author,Gulia Urvashi,Urvashi Gulia,high
1465,title,Himalayan Blunder : The Curtain Raiser To The Since - Indian War Of 1962,Himalayan Blunder: The Curtain-Raiser to the Sino-Indian War of 1962,high
1465,author,Dalvi J.P.,J.P. Dalvi,high
1465,publisher,Natraj Publication Dehradun,"Natraj Publishers, Dehradun",high
1466,title,Discovery Of India,The Discovery of India,high
1466,publisher,Siqnet Press Calcullta,"Signet Press, Calcutta",high
1467,author,Nahal Chaman,Chaman Nahal,high
1468,title,Alibaba,Alibaba: The House That Jack Ma Built,high
1468,author,Clark Duncan,Duncan Clark,high
1468,publisher,Harper Collins India,HarperCollins India,high
1469,title,Water : Asias New Bottleground,Water: Asia's New Battleground,high
1469,author,Chellaney Brahma,Brahma Chellaney,high
1469,publisher,Harper Collins India,HarperCollins India,high
1470,title,Where These In No Doctor,Where There Is No Doctor,high
1470,author,Werner David,David Werner,high
1470,publisher,Hespercam Foundaliaon Usa,"Hesperian Foundation, USA",high
1471,title,Journey Through Babudom & Netaland Govt.of India,Journey Through Babudom and Netaland: Governance in India,high
1471,author,Subramaniam T.S.R.,T.S.R. Subramanian,high
1471,publisher,Rupa & CO.,Rupa & Co.,high
1472,title,Glittering Decodes : New Delhi Love & War,Glittering Decades: New Delhi in Love and War,high
1472,author,Pothen Nayantara,Nayantara Pothen,high
1473,author,Belsky Scott,Scott Belsky,high
1474,title,Serious Man,Serious Men,high
1474,author,Joseph Manu,Manu Joseph,high
1474,publisher,Harper Collins India,HarperCollins India,high
1475,title,Mirza Galib,Mirza Ghalib,high
1475,author,Ram Malik,Malik Ram,high
1476,title,Panorma Ias General English,Panorama IAS General English,medium
1476,author,Khanna Brother Pubs,Khanna Brothers,medium
1476,publisher,Khanna Brother Pubs.chandigarh,"Khanna Brothers, Chandigarh",medium
1476,language,Hindi,English,medium
1477,title,Art Of Writing Judgement,Art of Writing Judgment,medium
1477,author,Gupta Rajesh,Rajesh Gupta,medium
1478,title,Law Of Specific Relief,Law of Specific Relief,medium
1478,author,Ahmad Aquil,Aquil Ahmad,medium
1479,title,Aapradhiki,Apradhiki,medium
1479,author,Sinha Badrinarayan,Badri Narayan Sinha,medium
1480,title,Before Memory Fades - An Autobiography,Before Memory Fades: An Autobiography,high
1480,author,Nariman Fali S,Fali S. Nariman,high
1480,language,Hindi,English,high
1482,title,The Gospel Of Sri Ramkrishna,The Gospel of Sri Ramakrishna,high
1482,author,Sri Ramkrishna Math,Mahendranath Gupta,high
1482,publisher,Sri Ramkrishna Math Madras,"Sri Ramakrishna Math, Madras",high
1483,title,Eknath Ji,Eknathji,medium
1483,author,Bhide Nivedita Raghunath,Nivedita Raghunath Bhide,medium
1483,publisher,Vivakanand Kendra Prakashan,Vivekananda Kendra Prakashan,medium
1484,title,The Corporate Peacock New Plumes For Public Relation,The Corporate Peacock: New Plumes for Public Relations,medium
1484,author,Bhimani Rita,Rita Bhimani,medium
1484,publisher,Rupa & CO.,Rupa & Co.,medium
1485,title,An Autobiography Or Story My Experiment With Truth,An Autobiography or The Story of My Experiments with Truth,high
1485,author,Gandhi M.K.,M.K. Gandhi,high
1485,publisher,Navjeevan Pub House Ahmedabad,"Navajivan Publishing House, Ahmedabad",high
1486,title,Arbitration & Alternative Dispute Resolution,Arbitration and Alternative Dispute Resolution,medium
1486,author,Paranjapay N.V,N.V. Paranjape,medium
1486,language,Hindi,English,medium
1487,author,Bagga Rakesh,Rakesh Bagga,medium
1487,publisher,The Law Book CO.,The Law Book Co.,medium
1487,language,Hindi,English,medium
1488,title,Jawaharlal Nehru & India's Foreign Policy,Jawaharlal Nehru and India's Foreign Policy,high
1488,author,Nasenko Yuri,Yuri Nasenko,high
1488,publisher,Sterling Pubs,Sterling Publishers,high
1488,language,Hindi,English,high
1490,title,Abc's Of Computer's,ABC's of Computers,high
1490,author,Lytel Allan,Allan Lytel,high
1490,publisher,D.b.taraporevala & Sons Bambay,"D.B. Taraporevala & Sons, Bombay",high
1491,title,The Noble Eight Fold Path,The Noble Eightfold Path,high
1491,author,Bodhi Bhikkhu,Bhikkhu Bodhi,high
1491,publisher,The Wheel Pubs Bhuddhist Pub.society,Buddhist Publication Society,high
1492,title,Sixth Steps To Precis,Sixty Steps to Précis,high
1492,author,Alexander L.G,L.G. Alexander,high
1492,publisher,Orint Longmann Delhi,"Orient Longman, Delhi",high
1493,title,Thomas Gray Selected Poems,Thomas Gray: Selected Poems,medium
1493,author,Varshney R.L.,R.L. Varshney (ed.),medium
1493,publisher,Sahitya Bhandar Meerut,"Sahitya Bhandar, Meerut",medium
1493,language,Hindi,English,medium
1494,title,The Adventures Of Titin : Two Broken Ear,The Adventures of Tintin: The Broken Ear,high
1494,author,Little Brown And Company,Hergé,high
1494,publisher,Little Brown And Company,"Little, Brown and Company",high
1495,title,Bhartiya Phalit Jyotish,Bharatiya Phalit Jyotish,medium
1495,author,"Dixit, rajesh",Rajesh Dixit,medium
1496,title,Manav Vikas Me Sadguru Ki Bhppmika,Manav Vikas Mein Sadguru Ki Bhumika,medium
1496,author,"Rajgpaplachari, p.",P. Rajagopalachari,medium
1497,title,Shri Hanuman Chalisa Bhasya,Shri Hanuman Chalisa Bhashya,medium
1497,author,Indrabhushan Goswami(editor),Indrabhushan Goswami (ed.),medium
1497,publisher,"Manas Mandir, vrindawan","Manas Mandir, Vrindavan",medium
1498,title,Kahani Maha Visheshank,Kahani Mahavisheshank,medium
1498,author,"Rai, vibhuti Narayan",Vibhuti Narayan Rai (ed.),medium
1499,author,Sivani,Shivani,high
1499,language,English,Hindi,high
1500,author,Jai Shanker Prasad,Jaishankar Prasad,high
1500,publisher,Bharitya Granth Niketan,Bharatiya Granth Niketan,high
1502,author,"Bharti, dharmveer",Dharamvir Bharati,high
1502,publisher,Bhartiye Gyan Peeth Delhi,"Bharatiya Jnanpith, Delhi",high
1504,title,U.p.avkash Niyam Sangrah,U.P. Avkash Niyam Sangrah,medium
1504,author,"Rai, o.p.singh(sampadak)",O.P. Singh Rai (ed.),medium
1504,publisher,Pustak Sadan Prakashan Allahabad,"Pustak Sadan Prakashan, Allahabad",medium
1505,title,English For Proficiency,English for Proficiency,medium
1505,author,"Spancev, d.h.",D.H. Spencer,medium
1506,title,Family Planinng :the Religion Factor,Family Planning: The Religion Factor,medium
1506,author,"Siddh, kaushal K",Kaushal K. Siddh,medium
1506,publisher,Abhinav Pub.new Delhi,"Abhinav Publications, New Delhi",medium
1507,title,The Secret (rahasya),Rahasya (The Secret),high
1507,author,Byrne Rhonda,Rhonda Byrne,high
1507,publisher,Manjul Publication Bhopal,"Manjul Publishing House, Bhopal",high
1507,language,English,Hindi,high
1508,title,The Ring O Bells Mystry And Reebadub Mystry,The Ring O' Bells Mystery and The Rubadub Mystery,high
1508,author,"Blyton, enid",Enid Blyton,high
1508,publisher,William Collins Armada,Armada (William Collins),high
1509,title,Nancy Drew : 109 Love Noles,Nancy Drew Files 109: Love Notes,high
1509,author,"Keene, carolyn",Carolyn Keene,high
1509,publisher,Pocket Books New York,"Pocket Books, New York",high
1510,title,Chambers First Learners Dictionary,Chambers First Learners' Dictionary,medium
1510,author,"Brown , Amy L.",Amy L. Brown,medium
1510,publisher,The Student Store Delhi,"The Students' Store, Delhi",medium
1511,title,Romeo And Juliet,Romeo and Juliet,high
1511,author,Shakespeare William,William Shakespeare,high
1511,publisher,Mcmillan Landon,"Macmillan, London",high
1512,title,Introduction To Constitution Of India,Introduction to the Constitution of India,high
1512,author,"Sharma, brij Kishore",Brij Kishore Sharma,high
1512,publisher,Prentice Hall Inc,Prentice-Hall of India,high
1513,title,The Lords Of The Rings,The Lord of the Rings,high
1513,author,"Tolkien, j.r.r.",J.R.R. Tolkien,high
1513,publisher,Harper Collins India,HarperCollins India,high
1514,author,"Dumas, alexandre",Alexandre Dumas,high
1514,publisher,Wordsworth Edition,Wordsworth Editions,high
1515,title,Treasure Of Khan,Treasure of Khan,high
1515,author,Cussler Clive,Clive Cussler,high
1516,author,Don Brown,Dan Brown,high
1516,publisher,Bantam Books Londan,"Bantam Books, London",high
1517,title,Tees Of The D'urbervilles 4 Pune Women,Tess of the d'Urbervilles: A Pure Woman,high
1517,author,Hardy Thomas,Thomas Hardy,high
1517,publisher,Wordworth,Wordsworth Editions,high
1518,title,Jackdows,Jackdaws,high
1518,author,Follett Ken,Ken Follett,high
1518,publisher,Macmillan India Delhi,"Macmillan India, Delhi",high
1519,title,A Prisoners Of Birth,A Prisoner of Birth,high
1519,author,Follett Ken,Jeffrey Archer,high
1520,title,The Perabe,The Pirate,high
1520,author,"Robbins, harold",Harold Robbins,high
1520,publisher,Ibh Pubs Co.bombay,"IBH Publishing Co., Bombay",high
1522,author,Walker Lucy,Lucy Walker,medium
1522,publisher,Fontane Books,Fontana Books,medium
1523,author,Shah Neeta,Neeta Shah,medium
1523,publisher,Rupa & CO.,Rupa & Co.,medium
1524,author,Artrac Publication,ARTRAC,medium
1524,publisher,Army Trainning Commando Scheme,Army Training Command (ARTRAC),medium
1524,language,Hindi,English,medium
1525,title,Isis : The State Of Terror,ISIS: The State of Terror,high
1525,author,Stern Jessica,Jessica Stern and J.M. Berger,high
1525,publisher,Harper Collins India,HarperCollins India,high
1526,title,The Idea Of Justice,The Idea of Justice,high
1526,author,Sen Amartya,Amartya Sen,high
1527,title,Manusript Found In Accra,Manuscript Found in Accra,high
1527,author,Coelho Panto,Paulo Coelho,high
1527,publisher,Harper Collins India,HarperCollins India,high
1528,title,My Struggle In Life,My Struggle in Life,high
1528,author,Pawar Iswardas,Ishwar Das Pawar,high
1528,publisher,Ishwardas Pawar Chandigarh,"Ishwar Das Pawar, Chandigarh",high
1529,title,Saat Ghooghat Wala Chehra,Saat Ghoonghat Wala Mukhda,high
1529,author,"Nagar, amrit Lal",Amritlal Nagar,high
1529,publisher,Rajpal And Sons,Rajpal & Sons,high
1530,title,Sharat Samagra -2 Khand,Sharat Samagra Vol. 2,high
1530,author,"Mukharjee, vishwanath",Sharatchandra Chattopadhyay,high
1531,title,Puru Aur Sinkander,Puru Aur Sikandar,medium
1531,author,"Dixit, rajesh",Rajesh Dixit,medium
1533,title,Shahernama-faizabad,Shahernama Faizabad,medium
1533,author,"Mishra , Yatindra (sampadak)",Yatindra Mishra (ed.),medium
1533,publisher,Vaani Prakashan Delhi,"Vani Prakashan, Delhi",medium
1534,title,Bhaktraj Dhroov,Bhaktaraj Dhruva,medium
1534,author,Diwedi Shantnu Bihari,Shantanu Bihari Dwivedi,medium
1534,publisher,Geeta Press,"Gita Press, Gorakhpur",medium
1535,publisher,Hamlyn Londan,"Hamlyn, London",medium
1536,title,Look Out Secrect Seven,"Look Out, Secret Seven",high
1536,author,"Blyton, enid",Enid Blyton,high
1536,publisher,Hoddar R. Stoughtan G.britain,Hodder & Stoughton,high
1536,language,Hindi,English,high
1537,title,Lucknow : Fine Of Grace,Lucknow: Fire of Grace,high
1537,author,"Mishra, amaresh",Amaresh Misra,high
1537,publisher,Harper Collins India,HarperCollins India,high
1537,pub_year,1988,1998,high
1538,title,The Boy In The Striped Pyjamas,The Boy in the Striped Pyjamas,high
1538,author,Boyne John,John Boyne,high
1538,publisher,Random House Landon,"Random House, London",high
1539,title,Oh Shit Not Again,"Oh Shit, Not Again!",medium
1539,author,Kokate Mander,Mandar Kokate,medium
1539,publisher,Expression Pubs Pune India,"Expression Publications, Pune",medium
1539,language,Hindi,English,medium
1540,title,Banking Law & Practice,Banking Law and Practice,medium
1540,author,"Kumar, n.",N. Kumar,medium
1540,publisher,Anmol Pubs,Anmol Publications,medium
1540,language,Hindi,English,medium
1541,title,Beyond Voilence,Beyond Violence,high
1541,author,"Krishnamurti, j.",J. Krishnamurti,high
1541,publisher,Bi Pubs Bombay,"B.I. Publications, Bombay",high
1541,language,Hindi,English,high
1542,title,Churning The Earth,Churning the Earth: The Making of Global India,high
1542,author,Srivastava Aseem,Aseem Shrivastava,high
1543,title,A Bureaucrat's Dairy,A Bureaucrat's Diary,medium
1543,publisher,Vikash Pub House Lbs Massories,Vikas Publishing House,medium
1543,language,Hindi,English,medium
1544,title,Execution : The Discipline Of Getting Thing Done,Execution: The Discipline of Getting Things Done,high
1544,author,Bossidy Larry,Larry Bossidy,high
1545,title,The Devine Senitor,The Divine Servitor,high
1545,author,Srichaitanya Sarawasti Math,Bhakti Sundar Govinda Dev-Goswami Maharaj,high
1545,publisher,Srichaitanya Sarawasti Math,Sri Chaitanya Saraswat Math,high
1546,title,Ram Charit Manas Aur Adhunik Jeevan Ki Samasyaein,Ramcharitmanas Aur Adhunik Jeevan Ki Samasyaen,medium
1546,author,"Bhardwaj, bhagwan Saran",Bhagwan Saran Bhardwaj,medium
1547,title,Krishna Ki Oar,Krishna Ki Or,high
1547,author,Swami Prabhupaad,A.C. Bhaktivedanta Swami Prabhupada,high
1547,publisher,Bhakti Vedant Book Trust,Bhaktivedanta Book Trust,high
1548,author,"Chatopadhyay, sharat Chandra",Sharatchandra Chattopadhyay,high
1551,title,Rani Laskshmibai,Rani Lakshmibai,medium
1551,author,Verma Vrindalal,Vrindavan Lal Verma,medium
1552,title,Ujhda Ghar / Do Badan,Ujda Ghar / Do Badan,medium
1552,author,Ravindra Nath Thakur,Rabindranath Tagore,medium
1552,publisher,Hind Pocket Delhi,"Hind Pocket Books, Delhi",medium
1553,title,Ranasanga,Rana Sanga,medium
1553,publisher,Rohan Book Company Delhi,"Rohan Book Company, Delhi",medium
1554,title,Dwarika Prasad Mashewari Rachnawali,Dwarika Prasad Maheshwari Rachnawali,high
1554,author,Om Nishchal(sampadak),Om Nishchal (Ed.),high
1554,publisher,Jwala Prasad Vidhya Sagar Allahabad,"Jwala Prasad Vidya Sagar, Allahabad",high
1555,author,"Gautam, vedprakash Sampadak",Vedprakash Gautam (Ed.),medium
1555,publisher,Inter University Press Delhi,"Inter University Press, Delhi",medium
1556,title,Swami Viveknand Aur Unka Sandesh,Swami Vivekananda Aur Unka Sandesh,high
1556,author,Ramkrishna Mission Institute,Ramakrishna Mission Institute of Culture,high
1556,publisher,Ramkrishna Mission Institute Kolkata,"Ramakrishna Mission Institute of Culture, Kolkata",high
1557,title,Yah Banarus Hai,Yah Banaras Hai,medium
1557,author,"Mukherjee, vishwanath",Vishwanath Mukherjee,medium
1557,publisher,Vishwavidhyala Prakashan Varanasi,"Vishwavidyalaya Prakashan, Varanasi",medium
1558,title,Varansai Vaibhav,Varanasi Vaibhav,high
1558,author,"Sukul, kubernath",Kubernath Sukul,high
1559,title,Guru Aur Maata Pita Ke Bhakt Balak,Guru Aur Mata-Pita Ke Bhakt Balak,medium
1559,author,Geeta Press,Gita Press,medium
1559,publisher,Geeta Press,"Gita Press, Gorakhpur",medium
1560,title,Pratinidhi Kahaniyaan,Pratinidhi Kahaniyan,high
1560,author,Fadishwernath Renu,Phanishwar Nath Renu,high
1560,publisher,Kitabghar Prakashan Delhi,"Kitabghar Prakashan, Delhi",high
1561,author,"Seth, vikram",Vikram Seth,high
1561,publisher,Viking Penguing,Viking Penguin,high
1562,title,Civil Society And Democracy,Civil Society and Democracy: A Reader,high
1562,author,Elliott C.N.,Carolyn M. Elliott (Ed.),high
1563,author,"Seth, vikram",Vikram Seth,high
1563,publisher,Viking Penguing,Viking Penguin,high
1564,author,"Hayes, carlton J.H.",Carlton J.H. Hayes,high
1564,publisher,Surjeet Publication Delhi,"Surjeet Publications, Delhi",high
1564,language,Hindi,English,high
1565,title,Lollipop Stecal : Why India Well Servive Its Politicians,Lollipop Street: Why India Will Survive Its Politicians,high
1565,publisher,Viking Penguing,Viking Penguin,high
1566,title,Three Mystry Of The Whispering Mummy,The Three Investigators: The Mystery of the Whispering Mummy,high
1566,author,Hitchock Alfred,Robert Arthur,high
1566,publisher,William Collins Armada,Collins Armada,high
1567,title,The Hardy Boys: 171 Test Case,The Hardy Boys #171: The Test Case,high
1567,author,"Dixon, franklin W",Franklin W. Dixon,high
1567,publisher,Aladin Paperback New York,"Aladdin Paperbacks, New York",high
1568,title,The Art Of War -sun Tzu,The Art of War,high
1568,author,Tzu Sun,Sun Tzu,high
1568,publisher,Rupa And Company,Rupa & Co.,high
1569,title,Agatha Christie : An Autobiography,Agatha Christie: An Autobiography,high
1569,author,Harper Collins,Agatha Christie,high
1569,publisher,Harper Collins India,HarperCollins India,high
1570,title,Quakes And Flames - Ruskin Bond,Quakes and Flames,high
1570,author,National Book Trust,Ruskin Bond,high
1571,title,The History Of The Decline And Fall Of The Roman Empire,The History of the Decline and Fall of the Roman Empire,high
1571,author,Gibban Edward,Edward Gibbon,high
1571,publisher,Wordworth,Wordsworth Editions,high
1572,author,Swift Jonathan,Jonathan Swift,high
1573,title,H. B. For Criminal & Revenue Courts,Handbook for Criminal & Revenue Courts,medium
1573,author,Govt. Of U.P.,Government of U.P.,medium
1573,publisher,Govt. Of U.P.,Government of U.P.,medium
1574,author,"Smith, wilber",Wilbur Smith,high
1575,title,Not A Nice Men To Know,Not a Nice Man to Know: The Best of Khushwant Singh,high
1576,author,Cussler Clive,Clive Cussler,high
1577,author,"Woolf , Virginia",Virginia Woolf,high
1579,title,For From The Medding Crowd,Far from the Madding Crowd,high
1579,author,Hardy Thomas,Thomas Hardy,high
1579,publisher,Mcmillan Landon,"Macmillan, London",high
1580,title,Hungry Stones And Other Stories,The Hungry Stones and Other Stories,high
1580,author,Tagore Rabindranath,Rabindranath Tagore,high
1580,publisher,Macmillan India Delhi,"Macmillan India, Delhi",high
1581,author,Hay Louise L.,Louise L. Hay,high
1582,author,Collins Jackie,Jackie Collins,high
1583,title,India 2020 : A Vision For The New Millennium,India 2020: A Vision for the New Millennium,high
1583,author,Abdul Kalam A.P.J.,A.P.J. Abdul Kalam,high
1584,title,Sumthing Of A Mock Tale At Jnu Where Kurta Fell In Love With Jeans,Sumthing of a Mocktale: At JNU Where Kurta Fell in Love with Jeans,high
1584,author,Das Soma,Soma Das,high
1584,publisher,Srithi Pub New Delhi,"Srishti Publishers, New Delhi",high
1585,title,Portrait Of A Serial Killer,Portrait of a Serial Killer: Uncollected Writings,high
1585,publisher,Aleph Book New Delhi,"Aleph Book Company, New Delhi",high
1586,title,Baal Hindi Shabd Kosh Ratnakar (hindi To Hindi Dictionary),Bal Hindi Shabd Kosh Ratnakar,medium
1586,author,Mishr Kamlapati (samp),Kamlapati Mishra (Ed.),medium
1586,publisher,Vidhya Bhawan Lucknow,"Vidya Bhawan, Lucknow",medium
1587,author,Palkhivala N.A.,Nani A. Palkhivala,high
1587,publisher,Bhartiya Vidhya Bhawan,Bharatiya Vidya Bhavan,high
1587,language,Hindi,English,high
1588,title,Why Nation Fail,Why Nations Fail,high
1588,author,Acemogli Daron,Daron Acemoglu,high
1589,author,Johari J.C.,J.C. Johari,high
1589,publisher,Sterling Pubs,Sterling Publishers,high
1589,language,Hindi,English,high
1590,title,Arab - Israeli Relation,Arab-Israeli Relations,medium
1590,author,Gupta Bharal Bhushan,Bharat Bhushan Gupta,medium
1590,publisher,Asheesh Pubs House New Delhi,"Asheesh Publishing House, New Delhi",medium
1591,title,Indo.us Relation,Indo-US Relations,medium
1591,author,Chaturshreni Ved Vati,Ved Vati Chaturshreni,medium
1591,publisher,National Pubs House New Delhi,"National Publishing House, New Delhi",medium
1592,title,Manas Sindhu Sar Kaikey Rahasya,Manas Sindhu Sar: Kaikeyi Rahasya,medium
1592,publisher,"Vimla Maa Prakashan, prayag","Vimla Maa Prakashan, Prayag",medium
1593,title,Sharat Samagra -4 Khand,Sharat Samagra (4 Khand),high
1593,author,"Mukharjee, vishwanath",Sharatchandra Chattopadhyay,high
1594,title,Sampurna Kahaniyaan,Sampurna Kahaniyan,high
1594,author,Verma Bhagwaticharan,Bhagwati Charan Verma,high
1594,publisher,Rajkamal,Rajkamal Prakashan,high
1595,title,Kavya Sanklan-pandit Ramnaresh Tripathi,Kavya Sankalan: Pandit Ramnaresh Tripathi,medium
1595,author,Tripathi Anandkumar Sampadak,Anand Kumar Tripathi (Ed.),medium
1595,publisher,Hindi Mandir Sultanpur,"Hindi Mandir, Sultanpur",medium
1596,title,Antrang Smarano Mein Jaishanker Prasad,Antarang Smaranon Mein Jaishankar Prasad,medium
1596,author,"Modi, purshottamdas",Purushottamdas Modi,medium
1596,publisher,Vishwavidhyala Prakashan Varanasi,"Vishwavidyalaya Prakashan, Varanasi",medium
1597,title,Premchand Ki Servoshreth Kahaniya,Premchand Ki Sarvashreshtha Kahaniyan,high
1597,author,"Singh, rajendra Pratap(sampadak)",Rajendra Pratap Singh (Ed.),high
1597,publisher,Pustak Path Delhi,"Pustak Path, Delhi",high
1598,title,U.p.rajasva Sahita 2006 Sanshodhit -2015,U.P. Rajaswa Sanhita 2006 (Sanshodhit 2015),high
1598,author,U.p.rajasva Parishad,U.P. Rajaswa Parishad,high
1598,publisher,U.p.rajasva Parishad,U.P. Rajaswa Parishad,high
1599,title,A Princess Remembers : The Movement Of The Maharani Of Jhansi,A Princess Remembers: The Memoirs of the Maharani of Jaipur,high
1599,author,Rupa And Company,Gayatri Devi,high
1599,publisher,Rupa Publication New Delhi,"Rupa Publications, New Delhi",high
1600,title,Planning For Conservation : Looking At Area,Planning for Conservation: Looking at Agra,high
1600,author,Mehrotra Rahul ED.,Rahul Mehrotra,high
1600,publisher,World Monument Fund,World Monuments Fund,high
1601,title,Colornotes : Great Expection Notes,Colour Notes: Great Expectations,medium
1601,author,Rama Brother,Rama Brothers,medium
1601,publisher,Rama Brothersdelhi,"Rama Brothers, Delhi",medium
1602,title,Murder Of The Orient Express,Murder on the Orient Express,high
1602,publisher,Harper Collins India,HarperCollins India,high
1603,author,Hugo's Language Intstitues,Hugo's Language Institute,high
1603,publisher,Hugo Language Inst.landon,"Hugo's Language Institute, London",high
1603,language,Hindi,English,high
1604,title,Karmyog Hai Karmo Dwara Prabhu Ki Pooja,Karmayog Hai Karmon Dwara Prabhu Ki Pooja,medium
1604,author,"Bharadwaj, bhagwan Sharan",Bhagwan Sharan Bhardwaj,medium
1605,author,Saikalp Adhaytm Sansthan,Sai Kalp Adhyatm Sansthan,medium
1605,publisher,"Sai Kalp Sansthan, bareily","Sai Kalp Sansthan, Bareilly",medium
1606,author,"Mishra, trinath",Trinath Mishra,medium
1608,title,Diwan-e-galib,Diwan-e-Ghalib,high
1608,author,"Abbasi, noor Nabi(sampadak)",Mirza Ghalib,high
1608,publisher,Galib Institute Delhi,"Ghalib Institute, Delhi",high
1608,language,Hindi,Urdu,high
1609,title,Khushboo Per Lakshman Rekhae-geet Sangrah,Khushboo Par Lakshman Rekhayen: Geet Sangrah,medium
1609,author,Rathor Avdesh Kumar Singh,Avdhesh Kumar Singh Rathore,medium
1609,publisher,Sunij Prakashan Aligarh,"Sunij Prakashan, Aligarh",medium
1610,title,Chandrashekher Azaad,Chandrashekhar Azad,medium
1610,author,"Singh, govind(sampadak)",Govind Singh (Ed.),medium
1610,publisher,Sadhna Pocket Books Delhi,"Sadhna Pocket Books, Delhi",medium
1610,language,English,Hindi,medium
1611,title,Saarnath,Sarnath,high
1611,author,"Agarwal, wasudev Shran",Vasudev Sharan Agrawal,high
1611,publisher,Bhartiye Puratatva Sarvekshan Delhi,"Archaeological Survey of India, Delhi",high
1612,title,Motor Gaadi Adhiniyam 1988,Motor Gadi Adhiniyam 1988,high
1612,author,Srivastava Shivanand,Shivanand Srivastava,high
1612,publisher,Hind Publishing House Allahabad,"Hind Publishing House, Allahabad",high
1613,title,The Cultural Heritage Of India,The Cultural Heritage of India,high
1613,author,Ramkrishna Mission Institute,Ramakrishna Mission Institute of Culture,high
1613,publisher,Ramkrishna Math Mission Calcutta,"Ramakrishna Mission Institute of Culture, Calcutta",high
1614,title,Tales Of Pink Whistle,Tales of Mr Pink-Whistle,high
1614,author,"Blyton, enid",Enid Blyton,high
1614,publisher,Newnes Books Great Bretain,Newnes,high
1615,title,Mata Amritanandamayi - A Biography,Mata Amritanandamayi: A Biography,high
1615,author,Mata Amritanandamayi Mission Trust,Swami Amritaswarupananda,high
1615,publisher,Mata Amritanandamayi Trust,Mata Amritanandamayi Mission Trust,high
1616,title,Tales Of The Arabian Nights,Tales of the Arabian Nights,medium
1616,author,Wordsworth Classics,Anonymous,medium
1616,publisher,Wordsworth Edition,Wordsworth Editions,medium
1617,title,Principles And Merchantile Law,Principles of Mercantile Law,high
1618,title,Fear Is The Key,Fear Is the Key,high
1618,author,Maclean Alistair,Alistair MacLean,high
1618,publisher,Harper Collins India,HarperCollins India,high
1619,title,The Fakir : The Journey Canteen,The Fakir: The Journey Continues,high
1619,author,Bharucha Rizbeh,Ruzbeh N. Bharucha,high
1619,publisher,Full Circle Pub.delhi,"Full Circle Publishing, Delhi",high
1620,author,Vikash Book,Vikas Books,medium
1620,publisher,Vikas Pub.house,Vikas Publishing House,medium
1621,title,Jesus Christianity & Vivekanadna,"Jesus, Christianity & Vivekananda",medium
1621,author,Pachpore Virag,Virag Pachpore,medium
1621,publisher,Vivekanand Kendra Prakashan Chennai,"Vivekananda Kendra Prakashan, Chennai",medium
1621,language,Hindi,English,medium
1622,title,The Revenge A Geography,The Revenge of Geography,high
1622,author,Raplan Robert D,Robert D. Kaplan,high
1622,publisher,Random House New York,"Random House, New York",high
1623,title,Etiquette Rules & Useges Of Best Society,Etiquette: Rules & Usages of the Best Society,medium
1623,publisher,People Pubs Co.melbourne,"People Publishing Co., Melbourne",medium
1624,author,Adinnarayana L.,L. Adinarayana,medium
1624,publisher,Neelkamal Pubs Hyderabad,"Neelkamal Publications, Hyderabad",medium
1624,language,Hindi,English,medium
1625,title,Shri Ramkrishna Vachnamrit,Shri Ramakrishna Vachanamrit,high
1625,author,Mooteshnand,Mahendranath Gupta,high
1625,publisher,"Ramkrishna Math, nagpur","Ramakrishna Math, Nagpur",high
1627,title,The Propheces Of Nostradamus,The Prophecies of Nostradamus,high
1627,author,"Cheethan, erika (ed)",Erika Cheetham (Ed.),high
1628,title,J.P.IN Jail : An Uncensord Account,JP in Jail: An Uncensored Account,high
1628,author,Devasahayam M.G.,M.G. Devasahayam,high
1628,publisher,Lotus Collection New Delhi,"Lotus Collection (Roli Books), New Delhi",high
1629,author,Joshi Norin Chandra (ed.),Norin Chandra Joshi (Ed.),medium
1629,publisher,Sterling Pubs New Delhi,"Sterling Publishers, New Delhi",medium
1629,language,Hindi,English,medium
1630,author,"Chatur, sen",Acharya Chatursen,high
1630,publisher,Rajpal And Sons,Rajpal & Sons,high
1631,title,Twelth Night - Shakespears,Twelfth Night,high
1631,author,Kulkarni,William Shakespeare,high
1632,author,"Panday , Snehlata",Snehlata Pandey,medium
1632,publisher,Vital Books Banglore,"Vital Books, Bangalore",medium
1632,language,Hindi,English,medium
1633,title,Time Management Make Every Second Count,Time Management: Make Every Second Count,medium
1633,author,Bly Robert W,Robert W. Bly,medium
1633,publisher,Jaco Pub Bombay,"Jaico Publishing House, Bombay",medium
1633,language,Hindi,English,medium
1634,author,"Singh, bhagwati Prasad",Bhagwati Prasad Singh,high
1634,publisher,Vishvvidyalaya Prakashan,Vishwavidyalaya Prakashan,high
1635,title,Shri Madbhagwat Geeta,Shrimad Bhagavad Gita,high
1635,publisher,Geeta Ahsram,Gita Ashram,high
1636,title,Bharat Ki Videshniti:badalte Sandarbh,Bharat Ki Videsh Niti: Badalte Sandarbh,medium
1636,author,"Veddan, sudhir",Sudhir Veddan,medium
1637,title,Police Prabandh Kumbh Mela 2013,Police Prabandh: Kumbh Mela 2013,medium
1638,title,Curious: The Desire To Knouw And Why Your Future Depend On It,Curious: The Desire to Know and Why Your Future Depends on It,high
1638,author,"Keskie, ian",Ian Leslie,high
1638,publisher,"Querais, londan","Quercus, London",high
1639,title,Theory Of Government In Ancient India,Theory of Government in Ancient India,high
1639,author,Bani Prasad,Beni Prasad,high
1639,publisher,Capital Book Allahabad,"Central Book Depot, Allahabad",high
1640,title,The Smugglaries Canes And Other Stories,The Smuggler's Caves and Other Stories,high
1640,author,"Blyton, enid",Enid Blyton,high
1640,publisher,Awadh Pub.londan,"Award Publications, London",high
1641,title,Tales Of Betsy-may,Tales of Betsy-May,high
1641,author,"Blyton, enid",Enid Blyton,high
1641,publisher,Mommoth Londan,"Mammoth, London",high
1642,title,The Hardy Boys: 79 Danger Unlimited,The Hardy Boys Casefiles #79: Danger Unlimited,high
1642,author,"Dixon, franklin W",Franklin W. Dixon,high
1642,publisher,Diamond Books Londan,"Diamond Books, London",high
1643,title,Eye Of The Neadle,Eye of the Needle,high
1643,author,"Follett , ken",Ken Follett,high
1644,title,Madurai : Through The Age,Madurai Through the Ages,high
1644,author,Devakanjari D,D. Devakunjari,high
1644,publisher,Arulmigu Meenakshi,Arulmigu Meenakshi Sundareswarar Thirukkoil,high
1645,title,India's Struggle For Indipence 1857-1947,India's Struggle for Independence 1857-1947,high
1645,author,Bipin Chandra,Bipan Chandra,high
1646,title,The Republic Of Plato,The Republic of Plato,high
1646,author,Jowett B,Plato,high
1646,publisher,Oxford Clarendom Press,Oxford Clarendon Press,high
1647,title,The Narcotic Drugs And Psychotropic Substance Act 1985,The Narcotic Drugs and Psychotropic Substances Act 1985,medium
1647,author,"Sarin, m.l.",M.L. Sarin,medium
1647,publisher,Vinod Pubs House,Vinod Publishing House,medium
1648,title,The Fantane Economic History Of Europe,The Fontana Economic History of Europe,high
1648,author,"Cipolla, carlo M.(ed)",Carlo M. Cipolla (Ed.),high
1648,publisher,William Collins Armada,Fontana/Collins,high
1649,title,Shall We Tell The President,Shall We Tell the President?,high
1649,author,Follett Ken,Jeffrey Archer,high
1650,title,Chai For Beginners : A Novel,Chai for Beginners: A Novel,high
1650,author,Ainslie Jane,Jane Ainslie,high
1650,publisher,Rupa & CO.,Rupa & Co.,high
1651,title,What Can I Give : Life Lesson From The My Teacher Apj Abdul Kalam,What Can I Give: Life Lessons from My Teacher A.P.J. Abdul Kalam,high
1651,author,Singh Srijan Pal,Srijan Pal Singh,high
1652,title,No Sugar Please : I Am Diabelic,No Sugar Please: I Am Diabetic,medium
1652,author,Panchmatia Nirar,Nirar Panchmatia,medium
1652,language,Hindi,English,medium
1653,title,Improve Your Writng,Improve Your Writing,high
1653,author,Arora V.N.,V.N. Arora,high
1654,title,Professional Ethics Accountancy For Lawyers & Bench Bar Relation,"Professional Ethics, Accountancy for Lawyers & Bench-Bar Relations",high
1654,author,Sirohi J.P.S,J.P.S. Sirohi,high
1655,title,The Caged Phoenix Can India Fly,The Caged Phoenix: Can India Fly?,high
1655,author,Gupta Dipanker,Dipankar Gupta,high
1656,title,The Writing An The Wall : India Check Males America -2017,The Writing on the Wall: India Checkmates America 2017,high
1656,author,Padmanabhan S,S. Padmanabhan,high
1656,publisher,Manas Pubishing House Delhi,"Manas Publications, Delhi",high
1657,title,Political Science Comperative Potics & Indian Politcal System,Political Science: Comparative Politics & Indian Political System,medium
1657,author,Arora Prem,Prem Arora,medium
1657,publisher,Book Hire New Delhi,"Bookhive, New Delhi",medium
1657,language,Hindi,English,medium
1658,title,Energy And World Politics,Energy and World Politics,high
1658,author,Willrich Mason,Mason Willrich,high
1658,publisher,The Free Press New York,"The Free Press, New York",high
1659,author,"Rastogi, k.p",K.P. Rastogi,medium
1659,publisher,Bharat Bharti Prakasha Meerut,"Bharat Bharti Prakashan, Meerut",medium
1659,language,Hindi,English,medium
1660,title,The Degeneration If India,The Degeneration of India,high
1660,author,Seshan T.N.,T.N. Seshan,high
1660,publisher,Viking Penguing,Viking Penguin,high
1661,title,Group Discussion For Admission And Dobs,Group Discussion for Admissions and Jobs,medium
1661,author,Ganguly Anand,Anand Ganguly,medium
1661,publisher,Pustak Mahal Delhi,"Pustak Mahal, Delhi",medium
1661,language,Hindi,English,medium
1662,title,Incarnations India In 50 Lines,Incarnations: India in 50 Lives,high
1662,author,Khilnani Sunil,Sunil Khilnani,high
1663,title,Bhragu Sahinta-mahashashtra,Bhrigu Samhita,high
1663,author,Bhragu Rishi,Maharishi Bhrigu,high
1664,title,Vinash Leelayien Visvaprasidh,Vishwaprasiddh Vinash Leelayen,medium
1664,author,"Kapoor, mastram",Mastram Kapoor,medium
1664,publisher,Family Book,Family Books,medium
1665,title,English Grammmar Practice,English Grammar Practice,medium
1665,author,"Bakshi, n",N. Bakshi,medium
1665,publisher,Orient Longmann Hyderabad,"Orient Longman, Hyderabad",medium
1666,title,The Fine People You Meet In Heaven,The Five People You Meet in Heaven,high
1666,author,"Albom, mitch",Mitch Albom,high
1666,publisher,Time Warner Londan,"Time Warner, London",high
1667,title,The Circus Adventure,The Circus of Adventure,high
1667,author,"Blyton, enid",Enid Blyton,high
1667,publisher,Collins Harper Pub.,HarperCollins,high
1668,title,The Immortals Of Meruha,The Immortals of Meluha,high
1668,author,Amish,Amish Tripathi,high
1668,publisher,Westland Ltd.chennai,"Westland, Chennai",high
1669,title,Systems Of Political Sciencs,Systems of Political Science,high
1669,author,Young Oram R,Oran R. Young,high
1669,publisher,Prentice Hall Inc,Prentice-Hall,high
1670,title,Thinking Fast And Slow,"Thinking, Fast and Slow",high
1670,author,"Kahnemen, daniel",Daniel Kahneman,high
1671,title,Great Soul : Mahatama Gandhi & His Struggle With India,Great Soul: Mahatma Gandhi and His Struggle with India,high
1671,author,Lelyveld Joshph,Joseph Lelyveld,high
1671,publisher,Harper Collins India,HarperCollins India,high
1672,author,Dahl Ronald,Roald Dahl,high
1673,title,History Of Western Philosphy,History of Western Philosophy,high
1673,author,Russel Bertland,Bertrand Russell,high
1673,publisher,George Allen Unwin Ltd.,George Allen & Unwin,high
1674,title,Lateral Thinking :a Text Book Of Creativity,Lateral Thinking: A Textbook of Creativity,high
1674,author,Bono Edward De,Edward de Bono,high
1675,title,Don’t Lose Your Mind Lose Your Weight,"Don't Lose Your Mind, Lose Your Weight",high
1675,author,Diwaker Rajuta,Rujuta Diwekar,high
1675,publisher,Random House New York,Random House India,high
1676,title,Rise And Fall Of Mughal Empire,Rise and Fall of the Mughal Empire,high
1676,author,Tripathi R.P.,R.P. Tripathi,high
1676,publisher,Central Book Depot Allahabad,"Central Book Depot, Allahabad",high
1677,title,Element Of Mercantile Law,Elements of Mercantile Law,high
1677,author,Kapoor N.D.,N.D. Kapoor,high
1677,publisher,Sultan Chand & Sons New Delhi,"Sultan Chand & Sons, New Delhi",high
1678,title,U.p.police Ke Liye Private Fund Ke Rakhrakhao Hetu Nirdesh Pustika,U.P. Police Ke Liye Private Fund Ke Rakhrakhav Hetu Nirdesh Pustika,medium
1678,author,U.p.police Mukhalaya,U.P. Police Mukhyalaya,medium
1678,publisher,U.p.police Mukhalaya Allahabad,"U.P. Police Mukhyalaya, Allahabad",medium
1679,title,Main Current Of Indian History,Main Currents of Indian History,high
1679,author,Majumdar Rc,R.C. Majumdar,high
1679,publisher,S.chand And Company New Delhi,"S. Chand & Company, New Delhi",high
1680,title,The Tools : 5 Life Changing Techniques To Unlock Your Potaintial,The Tools: 5 Life-Changing Techniques to Unlock Your Potential,high
1680,author,Stutz Phil,Phil Stutz,high
1680,publisher,Vermilian Landon,"Vermilion, London",high
1682,title,Dealing With Global Terrorism,Dealing with Global Terrorism: The Way Forward,high
1682,author,Saighal Vinod,Vinod Saighal,high
1682,publisher,Sterling Pubs New Delhi,"Sterling Publishers, New Delhi",high
1682,language,Hindi,English,high
1684,title,Great-expectations-charls Dickens,Great Expectations,high
1685,title,Terrorism History And Facts India,Terrorism: History and Facets in the World and in India,high
1685,author,"Saksena, n.s.",N.S. Saksena,high
1685,publisher,Abhinav Pub.new Delhi,"Abhinav Publications, New Delhi",high
1686,title,The Bomb! Fallout India's Nuclear Explosion,The Bomb! Fallout of India's Nuclear Explosion,high
1686,author,"Seshgiri, n.",N. Seshagiri,high
1686,publisher,Vikas Pub.house,Vikas Publishing House,high
1687,title,Remancing The Balance Sheet,Romancing the Balance Sheet,high
1687,author,Lamba Anil,Anil Lamba,high
1687,publisher,Harper Collins India,HarperCollins India,high
1688,title,Highway An My Plate : Indian Guide To Road Side Eating,Highway on My Plate: The Indian Guide to Roadside Eating,high
1688,author,Singh Rocky,Rocky Singh and Mayur Sharma,high
1688,publisher,Random House New York,Random House India,high
1689,title,The Mill An The Floss,The Mill on the Floss,high
1689,author,Eliot George,George Eliot,high
1689,publisher,Madhuban Educational Book,Madhuban Educational Books,high
1690,title,Akhri Sawal,Aakhri Sawal,high
1690,author,"Chatopadhyay, sharat Chandra",Sharatchandra Chattopadhyay,high
1690,publisher,Radha Krishna Prakashan,Radhakrishna Prakashan,high
1692,title,Vedant - Swami Vivekanand,Vedanta,medium
1692,author,Shri Ram Krishna Mission,Swami Vivekananda,medium
1692,publisher,"Shri Ramkrishan Ashram, nagpur","Ramakrishna Ashram, Nagpur",medium
1693,title,Gehna Karmvogati,Gahna Karmano Gati,high
1693,author,"Sharma, shri Ram",Shriram Sharma Acharya,high
1693,publisher,Yug Nirman Yojna,"Yug Nirman Yojana, Mathura",high
1694,author,Vivekanand Kendra,Vivekananda Kendra,medium
1694,publisher,Vivekanand Kendra Jodhpur,"Vivekananda Kendra, Jodhpur",medium
1695,publisher,Rajpal And Sons,Rajpal and Sons,medium
1696,author,"Geeta Press, gorakhpur","Gita Press, Gorakhpur",medium
1696,publisher,Geeta Press,"Gita Press, Gorakhpur",medium
1697,title,Amer Rahenge Ye Balidani,Amar Rahenge Ye Balidani,medium
1697,author,"Dixit, rajesh",Rajesh Dixit,medium
1697,publisher,Bhasha Bhawan Mathura,"Bhasha Bhawan, Mathura",medium
1699,title,Shandhya Geet-mahadevi Verma,Sandhya Geet,high
1699,author,Lok Bharti Prakashan,Mahadevi Verma,high
1699,publisher,Lok Bharti Prakashan Allahabad,"Lokbharti Prakashan, Allahabad",high
1701,title,Bhartiya Bhashao Mein Ram Katha-sakshi Shodh Patrika,Bhartiya Bhashaon Mein Ram Katha - Sakshi Shodh Patrika,medium
1701,publisher,"Ayodhya Shodh Sansthan, faizabad","Ayodhya Shodh Sansthan, Faizabad",medium
1702,title,Grah Vibhag Ki Niyamawaliyo Ka Sanklan,Grih Vibhag Ki Niyamavaliyon Ka Sankalan,medium
1702,author,U.p.shahshan Prashashan Anubhag,"U.P. Shasan, Prashasan Anubhag",medium
1702,publisher,Prakashan Anubhag U.p.shashan,"Prakashan Anubhag, U.P. Shasan",medium
1703,title,Rajkiye Seva Sambandhi Adesho Ka Sankalan Dwitiye Khand-1984,"Rajkiya Seva Sambandhi Adeshon Ka Sankalan, Dwitiya Khand - 1984",medium
1703,author,U.p.shashan,U.P. Shasan,medium
1703,publisher,U.p.shahshan,U.P. Shasan,medium
1704,author,"Grower, B.L.",B.L. Grover,high
1704,publisher,S.chand And Company New Delhi,"S. Chand and Company, New Delhi",high
1705,title,Elements Of Social Psychology,Elements of Social Psychology,high
1705,author,"Kuppuswamy, B",B. Kuppuswamy,high
1705,publisher,Konark Pub New Delhi,"Konark Publishers, New Delhi",high
1706,title,The Wishing Word And Other Stories,The Wishing Wand and Other Stories,high
1706,author,"Blyton, enid",Enid Blyton,high
1706,publisher,Awadh Pub.londan,"Award Publications, London",high
1707,title,The Adventures Of Penocchio,The Adventures of Pinocchio,high
1707,author,"Collodi, carlo",Carlo Collodi,high
1707,publisher,Children Press Londan,"Children's Press, London",high
1708,title,Customs And Etiquette In The Service,Customs and Etiquette in the Services,medium
1708,author,"Arora , R.K. And Roach, hr",R.K. Arora and H.R. Roach,medium
1708,publisher,Natraj Pubs Dehradun,"Natraj Publishers, Dehradun",medium
1709,title,Hindu Manners Customs And Ceremania,"Hindu Manners, Customs and Ceremonies",high
1709,author,"Dubois , Abbe J.A.",Abbe J.A. Dubois,high
1709,publisher,Rupa And Company,Rupa and Company,high
1710,title,Rines Of Smoke,River of Smoke,high
1710,author,Ghosh Amitav,Amitav Ghosh,high
1711,title,Comparaline Politics,Comparative Politics: A Developmental Approach,high
1711,author,Ahmed Gabrial A,Gabriel A. Almond,high
1711,publisher,Amerind Pub New Delhi,"Amerind Publishing, New Delhi",high
1711,language,Hindi,English,high
1712,title,Chicken Soup For The Soul,Chicken Soup for the Soul,high
1712,author,Jack Canfield,Jack Canfield and Mark Victor Hansen,high
1712,publisher,Health Communication,Health Communications,high
1713,title,What Will Happen In Harry Potter,What Will Happen in Harry Potter 7,medium
1713,author,Muggle Net.com,MuggleNet.com,medium
1713,publisher,Vlysse Press,Ulysses Press,medium
1714,title,Imperial Women,Imperial Woman,high
1714,author,"Buck, pearl S.",Pearl S. Buck,high
1714,publisher,Landsborough Pubs London,"Landsborough Publications, London",high
1714,language,Hindi,English,high
1715,title,How To Develop Self Confidence & Influence People By Public Speaking,How to Develop Self-Confidence and Influence People by Public Speaking,high
1715,author,Cale Cornegie,Dale Carnegie,high
1715,publisher,Pocket Books New York,"Pocket Books, New York",high
1716,title,The History Of Tom Jones,The History of Tom Jones,high
1716,author,Fielding Henry,Henry Fielding,high
1716,publisher,Rupa & CO.,Rupa and Co.,high
1717,publisher,Dell Pubs New York,"Dell Publishing, New York",high
1718,title,City Of Djenns : A Year In Delhi,City of Djinns: A Year in Delhi,high
1718,author,Dalrymple William,William Dalrymple,high
1719,title,The Lucitar Code,The Lucifer Code,high
1719,author,Brokaw Charles,Charles Brokaw,high
1720,title,As I Saw It: Records Of A Crowbed Life In India 1937-1969,As I Saw It: Records of a Crowded Life in India 1937-1969,high
1720,author,Gibson Jack,Jack Gibson,high
1720,publisher,Mukul Prakashan New Delhi,"Mukul Prakashan, New Delhi",high
1720,language,Hindi,English,high
1721,title,The Workaholics Cook Book,The Workaholic's Cookbook,medium
1721,author,Banerjee Satarupa,Satarupa Banerjee,medium
1722,title,A Matter Of Honour : Indian Army & Officer & Mens,"A Matter of Honour: An Account of the Indian Army, Its Officers and Men",high
1722,author,Mason Philip,Philip Mason,high
1722,publisher,Natraj Publication Dehradun,"Natraj Publishers, Dehradun",high
1723,title,Shakespeare & The Natural Condition,Shakespeare and the Natural Condition,high
1723,author,Bush Geoffrey,Geoffrey Bush,high
1723,publisher,Harword Uni.press,Harvard University Press,high
1724,title,Indian Legal & Constitutional History,Indian Legal and Constitutional History,high
1724,author,Paranjapay N.V,N.V. Paranjape,high
1725,title,Corporatation -2020,Corporation 2020: Transforming Business for Tomorrow's World,high
1725,author,Sukhdev Pavan,Pavan Sukhdev,high
1726,title,Times Management For Executive,Time Management for Executives,medium
1726,author,Zanuz Lauren Robert,Lauren R. Januz,medium
1726,publisher,Rupa & CO.,Rupa and Co.,medium
1727,title,Indian Constitution & Civic Life,Indian Constitution and Civic Life,medium
1727,author,Gupta Raj Narain,Raj Narain Gupta,medium
1727,publisher,Kitab Mahal Allahabad,"Kitab Mahal, Allahabad",medium
1728,title,The Principles & Practice Of Diplomacy,The Principles and Practice of Diplomacy,high
1728,author,Panikkar,K.M. Panikkar,high
1729,author,Bronte Charlotte,Charlotte Bronte,high
1729,publisher,Madhuban Educational Book,Madhuban Educational Books,high
1729,language,Hindi,English,high
1730,title,Ancient Indian History & Culture,Ancient India: History and Culture,high
1730,author,Gokhale B.G,B.G. Gokhale,high
1731,title,Hinduon Ke Vrit Evam Tyohar,Hinduon Ke Vrat Evam Tyohar,medium
1731,author,Bahan Asha Evam Bahan Lado,Bahan Asha and Bahan Lado,medium
1731,publisher,Randheer Book Prakashan,Randhir Book Prakashan,medium
1732,title,Gatha-veer Nariyon Ki,Gatha Veer Nariyon Ki,medium
1732,author,"Tripathi, rajendra(editor)",Rajendra Tripathi (ed.),medium
1732,publisher,Amar Ujala Publication,Amar Ujala Publications,medium
1734,author,"Vidhya Lankaar, satyakaam",Satyakam Vidyalankar,medium
1734,publisher,Shiksha Bharti Delhi,"Shiksha Bharati, Delhi",medium
1735,publisher,Serseva Sangh Prakashan Varanasi,"Sarva Seva Sangh Prakashan, Varanasi",medium
1736,title,Storia From Here And There,Stories from Here and There,medium
1736,author,"Handa, sunil (comp)",Sunil Handa (comp.),medium
1736,publisher,Eklavya Education Ahmadabad,"Eklavya Education Foundation, Ahmedabad",medium
1737,title,The Northern Lights : Fairy Tales Of The People Of The North,The Northern Lights: Fairy Tales of the People of the North,medium
1737,author,Raduya Publishers,Raduga Publishers,medium
1737,publisher,Raduya Publishers Mascov,"Raduga Publishers, Moscow",medium
1738,title,The Mistery Of The Blue Train,The Mystery of the Blue Train,high
1738,publisher,Harper Collins India,HarperCollins India,high
1739,author,Krantz Judith,Judith Krantz,high
1740,title,Pride And Prejudice,Pride and Prejudice,high
1740,author,Austen Jane,Jane Austen,high
1741,title,The U.p.zamidari Abolution & Land Reform Act 1950,"The U.P. Zamindari Abolition and Land Reforms Act, 1950",high
1742,title,Centre And State Powers Under Indian Federalism,Centre and State Powers under Indian Federalism,medium
1742,author,Prasad Arierudh,Anirudh Prasad,medium
1742,publisher,Deep & Deep Pubs,Deep and Deep Publications,medium
1743,title,Mataji-ek Jhalak,Mataji: Ek Jhalak,medium
1743,publisher,"Shri Arvind Society, hindi Khetriya Samiti","Sri Aurobindo Society, Hindi Kshetriya Samiti",medium
1744,author,"Vitsocksisus, bassilus G.",B.G. Vitsaxis,medium
1744,publisher,Chaurbamba Krishna Das Academy,Chowkhamba Krishnadas Academy,medium
1745,author,Premchandra,Premchand,high
1746,title,Eidgah Tatha Anya Kahaniyan,Idgah Tatha Anya Kahaniyan,high
1746,author,Premchandra,Premchand,high
1746,language,English,Hindi,high
1747,title,Jo Shaheed Hue Hai Unki………..,Jo Shaheed Hue Hain Unki...,medium
1747,author,"Dixit, rajesh",Rajesh Dixit,medium
1747,publisher,Bhasha Bhawan Mathura,"Bhasha Bhawan, Mathura",medium
1748,title,Dashdaarse Sopantak -bacchan,Dashdwar Se Sopan Tak,high
1748,author,Rajpal And Sons,Harivansh Rai Bachchan,high
1748,publisher,Rajpal And Sons Delhi,"Rajpal and Sons, Delhi",high
1749,title,Homeopathi -sampurna Avom Surakshit Upchaar,Homeopathy: Sampurna Evam Surakshit Upchar,medium
1749,author,Recveg,Dr. Reckeweg,medium
1749,publisher,Recveg India New Delhi,"Dr. Reckeweg India, New Delhi",medium
1750,author,Lamon M.R,M.R. James,medium
1751,title,Mysteries And Adventure Stories,Mysteries and Adventure Stories,medium
1751,author,"Blyton, enid",Enid Blyton,medium
1751,publisher,Armada Warper Collins,Armada/HarperCollins,medium
1752,title,Nancy Drew : 20 Very Deadly Yours,Nancy Drew Files No. 20: Very Deadly Yours,high
1752,author,"Keene, carolyn",Carolyn Keene,high
1752,publisher,Pocket Books New York,"Pocket Books, New York",high
1753,title,Sherlock Holmes : Complete Illesbations,Sherlock Holmes: The Complete Illustrated Stories,medium
1753,author,Conan Doyle Arthur,Arthur Conan Doyle,medium
1753,publisher,Rupa And Company,Rupa and Company,medium
1754,title,Modern Economics Theory,Modern Economic Theory,high
1754,author,Dewett K.K,K.K. Dewett,high
1754,publisher,S.chand And Company New Delhi,"S. Chand and Company, New Delhi",high
1754,language,Hindi,English,high
1755,title,Haroun & The Sea Of Stories,Haroun and the Sea of Stories,high
1755,author,Rushdee Salman,Salman Rushdie,high
1756,title,Reliance : The Real Natwar,Reliance: The Real Natwar,medium
1756,author,Agarwal Arun,Arun Agrawal,medium
1756,publisher,Manas Pubishing House Delhi,"Manas Publications, Delhi",medium
1757,title,The Taching Of Bhagavon Sri Ramane Maharishi In His Own Words,The Teachings of Bhagavan Sri Ramana Maharshi in His Own Words,high
1757,author,Sri Ramanasraman,Arthur Osborne (ed.),high
1757,publisher,Sri Ramanasrim Tiruvannade,"Sri Ramanasramam, Tiruvannamalai",high
1758,author,Admands Robin,Robin Edmonds,high
1759,title,Law Relating To Tenders & Govt.contract,Law Relating to Tenders and Government Contracts,medium
1759,author,Dasai T.R,T.R. Desai,medium
1759,publisher,Universal Law Pubs.,Universal Law Publishing,medium
1760,title,The Scrlet Pinpernel,The Scarlet Pimpernel,high
1760,author,Orezy Baroness,Baroness Orczy,high
1760,publisher,Madhuban Educational Book,Madhuban Educational Books,high
1761,title,Kashmir -a Tale Of Shame,Kashmir: A Tale of Shame,high
1761,publisher,Ubspd,UBS Publishers' Distributors,high
1762,title,The Conguring Wizard And Snippitty's Sheers,The Conjuring Wizard / Snippety's Shears,high
1762,author,"Blyton, enid",Enid Blyton,high
1762,publisher,Award Publication Ltd Londan,"Award Publications, London",high
1763,title,The Sins Of The Father,The Sins of the Father,medium
1763,author,Follett Ken,Jeffrey Archer,medium
1763,publisher,Macmillan India Delhi,Macmillan India,medium
1764,title,Predictive Astrology Of The Hindus,Predictive Astrology of the Hindus,high
1764,author,Ojha Gopesh Kumar,Gopesh Kumar Ojha,high
1764,publisher,Db Taraporewale & Sons Bombay,"D.B. Taraporevala Sons, Bombay",high
1766,author,Bhatt Rameshwaram,Tulsidas (ed. Rameshwar Bhatt),medium
1767,title,The Strange Case Of The Jekyle And Mr.hyde,The Strange Case of Dr Jekyll and Mr Hyde,high
1767,author,"Stevensan, r.l.",Robert Louis Stevenson,high
1768,title,Foreign Policy Of India,Foreign Policy of India,medium
1768,author,Mishra K.p.(ed.),K.P. Misra (ed.),medium
1768,publisher,Thomas Press,Thomson Press,medium
1769,title,Rousing Call To The Hindu Nation (hindi Anuwad),Rousing Call to Hindu Nation (Hindi Anuvad),medium
1769,author,"Ranade, Eknath",Eknath Ranade,medium
1769,language,English,Hindi,medium
1770,title,Ramayan Ke Kuch Adarsh Patra,Ramayan Ke Kuchh Adarsh Patra,medium
1770,author,"Goyanka, jaidayal",Jaidayal Goyandka,medium
1770,publisher,Geeta Press,"Gita Press, Gorakhpur",medium
1771,title,Katna Shami Ka Vriksha Padhya Pankhuri Ki Dhar Se,Kaatna Shami Ka Vriksha Padma Pankhuri Ki Dhar Se,high
1771,author,"Verma, surendra",Surendra Verma,high
1771,publisher,Bhartiya Gyanpeeth,Bharatiya Jnanpith,high
1772,title,Chamcha Ek Darshan,Chamcha: Ek Darshan,medium
1772,author,"Gaur, ramgopal",Ramgopal Gaur,medium
1772,publisher,Shaswat Prakashan Delhi,"Shashwat Prakashan, Delhi",medium
1773,title,Anand Ki Boondey Khushiyoon Ke Moti,Anand Ki Boondein Khushiyon Ke Moti,medium
1773,author,"Balram, vemuri",Vemuri Balram,medium
1773,publisher,Pustak Mahal Delhi,"Pustak Mahal, Delhi",medium
1774,title,Developing People And Organisations,Developing People and Organisations,medium
1774,author,"Shivdasani, h.k.",H.K. Shivdasani,medium
1774,publisher,Business Book Pub.house Bombay,"Business Book Publishing House, Bombay",medium
1775,title,Getting Things Done : Art And Stress Free Productivity,Getting Things Done: The Art of Stress-Free Productivity,high
1775,author,"Allen, david",David Allen,high
1776,title,The Hardy Boys: 168 The Castle Coundown,The Hardy Boys No. 168: The Castle Conundrum,high
1776,author,"Dixon, franklin W",Franklin W. Dixon,high
1776,publisher,Aladin Paperback New York,"Aladdin Paperbacks, New York",high
1777,title,The Organized Mind,The Organized Mind: Thinking Straight in the Age of Information Overload,high
1777,author,"Levitin , D.J",Daniel J. Levitin,high
1778,title,William Shakespeere : A Mud Summer Night Dream,William Shakespeare: A Midsummer Night's Dream,medium
1778,publisher,Sujeet Pub Delhi,"Sujeet Publications, Delhi",medium
1779,author,"Massey, j.p.",I.P. Massey,high
1779,language,Hindi,English,high
1780,title,Vivekanand The Great Spiritual Teacher,Vivekananda: The Great Spiritual Teacher,medium
1780,author,Advaitva Ashram,Advaita Ashrama,medium
1780,publisher,Advaitva Ashram,Advaita Ashrama,medium
1780,language,Hindi,English,medium
1781,title,All Road : Lead Ganga,All Roads Lead to Ganga,high
1781,publisher,Rupa & CO.,Rupa and Co.,high
1782,title,Why Mars & Venus Collide,Why Mars and Venus Collide,high
1782,author,Gray John,John Gray,high
1782,publisher,Harper Collins India,HarperCollins India,high
1783,author,Grisham John,John Grisham,high
1784,title,First Raj Of The Sikhs,First Raj of the Sikhs: The Life and Times of Banda Singh Bahadur,high
1784,author,Dhillon Harish,Harish Dhillon,high
1785,title,The Kashmir Disputes 1947-2012 Vol.i,"The Kashmir Dispute 1947-2012, Vol. I",high
1785,author,Noorani A.G,A.G. Noorani,high
1786,title,H.B.OF Up Zamindariabolution & Land Reform Act 1950,Handbook of U.P. Zamindari Abolition and Land Reforms Act 1950,medium
1787,title,Reminiscences Discrect & Indisreat,Reminiscences: Discreet and Indiscreet,high
1787,author,Kaul T.N.,T.N. Kaul,high
1787,publisher,Lancers Pubs,Lancers Publishers,high
1787,language,Hindi,English,high
1789,title,20000 Leagues Under The Sea,"20,000 Leagues Under the Sea",high
1789,author,Verne Jules,Jules Verne,high
1789,publisher,Vikash Pubs.house,Vikas Publishing House,high
1790,title,The Substance Of Politics,The Substance of Politics,high
1790,author,"Appadorai, A",A. Appadorai,high
1791,title,Yaama-mahadevi Verma,Yama,high
1791,author,Lok Bharti Prakashan,Mahadevi Verma,high
1791,publisher,Lok Bharti Prakashan Allahabad,"Lokbharti Prakashan, Allahabad",high
1792,title,Sakshi-chatigarh Ke Lokjeevan Se Ram Shodh Patrika,Chhattisgarh Ke Lokjeevan Mein Ram - Sakshi Shodh Patrika,medium
1792,publisher,"Ayodhya Shodh Sansthan, faizabad","Ayodhya Shodh Sansthan, Faizabad",medium
1793,title,Children's Trip To Story Land,Children's Trip to Story Land,medium
1793,author,Russell J.foulds,Russell J. Foulds,medium
1793,publisher,Belter Yourself Book Bambay,"Better Yourself Books, Bombay",medium
1794,title,The Chief,The Thief,high
1794,author,Cussler Clive,Clive Cussler and Justin Scott,high
1794,publisher,Michal Joshph Penguin Books,Michael Joseph (Penguin Books),high
1795,author,Ludlum Robert,Robert Ludlum,high
1795,publisher,Harper Collins India,HarperCollins India,high
1796,title,Bhagwad Gita & Modern Problem,Bhagavad Gita and Modern Problems,medium
1796,author,Bhargava Vichra Kendram & Geeta Swadhaya Samiti,Bharatiya Vichara Kendram and Gita Swadhyaya Samiti,medium
1796,publisher,Bharatthayala Vichra Kandram Kendra,Bharatiya Vichara Kendram,medium
1797,author,"Paramhans, yoganand",Paramahansa Yogananda,high
1797,publisher,Yogda Satsang Society,Yogoda Satsanga Society of India,high
1798,publisher,"Shri Pitambara Peeth, datiya, m.p.","Shri Pitambara Peeth, Datia (M.P.)",medium
1799,publisher,Bhartiya Gyanpeeth,Bharatiya Jnanpith,medium
1801,title,Chamatkari Lehsun,Chamatkari Lahsun,medium
1801,author,"Agarwal, r.k.",R.K. Agarwal,medium
1802,author,"Mcnaught, judith",Judith McNaught,high
1802,publisher,Pocket Books New York,"Pocket Books, New York",high
1803,title,Wanderings In India,Wanderings in India,high
1803,author,Long John,John Lang,high
1803,publisher,Rupa Publication New Delhi,"Rupa Publications, New Delhi",high
1804,title,"Equity, trust, mortgages & Feduciary Relation","Equity, Trusts, Mortgages and Fiduciary Relations",medium
1804,author,"Singh, g.p",G.P. Singh,medium
1804,language,Hindi,English,medium
1805,title,Signals : Story Of World Economy,Signals: How Everyday Signs Can Help Us Navigate the World's Turbulent Economy,medium
1805,author,Malmgren Pippa,Pippa Malmgren,medium
1805,publisher,Grosmeav House Landon,"Grosvenor House, London",medium
1806,author,Freeman R U,Ru Freeman,high
1807,title,Anything For You Maam,"Anything for You, Ma'am: An IITian's Love Story",high
1807,author,Raheja Tushar,Tushar Raheja,high
1807,publisher,Srithi Pub New Delhi,"Srishti Publishers, New Delhi",high
1809,title,International Relation Theory,International Relations Theory,medium
1809,author,Mishra K.p.(ed.),K.P. Misra (ed.),medium
1809,publisher,Vikash Pubs.house,Vikas Publishing House,medium
1809,language,Hindi,English,medium
1811,title,Life Of Sri Ramkrishna,Life of Sri Ramakrishna,high
1811,author,Advaita Ashram,Advaita Ashrama,high
1811,publisher,Advaitva Ashram,Advaita Ashrama,high
1811,language,Hindi,English,high
1812,title,The Tears Of The Rajas,"The Tears of the Rajas: Mutiny, Money and Marriage in India 1805-1905",high
1812,author,Mount Ferdinand,Ferdinand Mount,high
1812,publisher,Semon And Schuster New Delhi,Simon and Schuster,high
1813,title,Comparative Politics & Political Institution,Comparative Politics and Political Institutions,medium
1813,author,Gena C.V.,C.B. Gena,medium
1813,publisher,Vikash Pub House Lbs Massories,Vikas Publishing House,medium
1814,title,Red Sun : Travels In Nexalite Country,Red Sun: Travels in Naxalite Country,high
1814,author,Chakravarti Sudeep,Sudeep Chakravarti,high
1815,title,Chicken Soup For The Soul : 101 Stories Open In Heart And Vekinde The Sprint,Chicken Soup for the Soul: 101 Stories to Open the Heart and Rekindle the Spirit,high
1815,author,Jack Canfield,Jack Canfield and Mark Victor Hansen,high
1815,publisher,Health Communication,Health Communications,high
